Abelia triflora; Indian Abelia; Height: 3.5m, growing at a medium rate. Hardiness: 5-9. Light: semi-shade or full sun. Water preference: dry - moist.; ; uncategorised; 5
Abies alba; Silver Fir; Height: 45m, growing fast. Hardiness: 5-8. Light: full shade or semi-shade or full sun. Water preference: moist.; Christmas Tree Fir, European Silver Fir, Silver; uncategorised; 5
Abies amabilis; Red Fir; Height: 30m, growing slowly. Hardiness: 4-8. Light: full shade or semi-shade or full sun. Water preference: moist.; Pacific silver fir; uncategorised; 4
Abies balsamea; Balsam Fir; Height: 15m, growing slowly. Hardiness: 3-6. Light: full shade or semi-shade or full sun. Water preference: moist.; ; Food forest; 3
Abies cephalonica; Grecian Fir; Height: 36m, growing at a medium rate. Hardiness: 4-8. Light: full shade or semi-shade or full sun. Water preference: moist.; ; uncategorised; 4
Abies concolor; Colorado Fir; Height: 45m, growing fast. Hardiness: 3-7. Light: full shade or semi-shade or full sun. Water preference: dry - moist.; White fir; uncategorised; 3
Abies delavayi; ; Height: 25m, growing slowly. Hardiness: 6-9. Light: full shade or semi-shade or full sun. Water preference: moist.; ; uncategorised; 6
Abies firma; Momi Fir; Height: 30m, growing at a medium rate. Hardiness: 6-9. Light: full shade or semi-shade or full sun. Water preference: moist.; Japanese Fir; uncategorised; 6
Abies fraseri; She Balsam; Height: 15m, growing fast. Hardiness: 4-7. Light: full shade or semi-shade or full sun. Water preference: moist.; Fraser fir, Southern Balsam Fir; uncategorised; 4
Abies grandis; Grand Fir; Height: 75m, growing fast. Hardiness: 5-6. Light: full shade or semi-shade or full sun. Water preference: moist.; Giant Fir, Lowland White Fir; uncategorised; 5
Abies homolepis; Nikko Fir; Height: 36m, growing at a medium rate. Hardiness: 4-7. Light: full shade or semi-shade or full sun. Water preference: moist.; ; uncategorised; 4
Abies lasiocarpa; Subalpine Fir; Height: 25m, growing slowly. Hardiness: 5-6. Light: full shade or semi-shade or full sun. Water preference: moist.; Alpine Fir; uncategorised; 5
Abies magnifica; Californian Red Fir; Height: 60m, growing at a medium rate. Hardiness: 4-8. Light: full shade or semi-shade or full sun. Water preference: moist.; Shasta red fir; uncategorised; 4
Abies mariesii; ; Height: 20m, growing slowly. Hardiness: 5-9. Light: full shade or semi-shade or full sun. Water preference: moist.; ; uncategorised; 5
Abies nordmanniana; Caucasian Fir; Height: 50m, growing at a medium rate. Hardiness: 4-6. Light: full shade or semi-shade or full sun. Water preference: moist.; Christmas Tree Fir, Nordmann; uncategorised; 4
Abies pindrow; West Himalayan Fir; Height: 30m, growing slowly. Hardiness: 5-7. Light: full shade or semi-shade or full sun. Water preference: moist.; ; uncategorised; 5
Abies procera; Noble Fir; Height: 60m, growing at a medium rate. Hardiness: 5-6. Light: full shade or semi-shade or full sun. Water preference: moist.; ; uncategorised; 5
Abies recurvata; ; Height: 35m, growing at a medium rate. Hardiness: 5-9. Light: full shade or semi-shade or full sun. Water preference: moist.; ; uncategorised; 5
Abies religiosa; Sacred Fir; Height: 40m, growing fast. Hardiness: 7-10. Light: full shade or semi-shade or full sun. Water preference: moist.; ; uncategorised; 7
Abies sachalinensis; Sakhalin Fir; Height: 30m, growing slowly. Hardiness: 3-6. Light: full shade or semi-shade or full sun. Water preference: moist.; ; uncategorised; 3
Abies spectabilis; Himalayan Fir; Height: 30m, growing slowly. Hardiness: 6-9. Light: full shade or semi-shade or full sun. Water preference: moist.; ; uncategorised; 6
Abies squamata; Flaky Fir; Height: 30m, growing slowly. Hardiness: 5-9. Light: full shade or semi-shade or full sun. Water preference: dry - moist.; ; uncategorised; 5
Abies veitchii; Veitch Fir; Height: 25m, growing fast. Hardiness: 3-7. Light: full shade or semi-shade or full sun. Water preference: moist.; Christmastree; uncategorised; 3
Abies veitchii sikokiana; ; Height: 30m. Hardiness: 3-7. Light: full shade or semi-shade or full sun. Water preference: moist.; ; uncategorised; 3
Abroma augusta; Cotton Abroma. Perennial Indian Hemp.; Height: 3m, growing fast. Hardiness: 10-12. Light: full sun. Water preference: moist.; ; uncategorised; 10
Abutilon megapotamicum; Trailing Abutilon; Height: 2m, growing fast. Hardiness: 7-10. Light: semi-shade or full sun. Water preference: moist.; ; Food forest; 7
Abutilon ochsenii; ; Height: 4m. Hardiness: 7-10. Light: semi-shade or full sun. Water preference: moist.; ; Food forest; 7
Abutilon pictum; Abutilon; Height: 5m, growing at a medium rate. Hardiness: 8-10. Light: semi-shade or full sun. Water preference: moist.; Parlour Maple, Flowering Maple, Spotted; Food forest; 8
Abutilon purpurascens; ; Height: 2.4m. Hardiness: 8-11. Light: semi-shade or full sun. Water preference: dry - moist.; ; uncategorised; 8
Abutilon species; ; Height: 3m. Hardiness: 7-10. Light: semi-shade or full sun. Water preference: moist.; ; Food forest; 7
Abutilon vitifolium; ; Height: 8m. Hardiness: 7-10. Light: semi-shade or full sun. Water preference: moist.; ; Food forest; 7
Abutilon x hybridum; Chinese Lantern; Height: 3m, growing fast. Hardiness: 9-11. Light: semi-shade or full sun. Water preference: moist.; Flowering Maple; Food forest; 9
Abutilon x milleri; Trailing Abutilon; Height: 3m. Hardiness: 7-10. Light: semi-shade or full sun. Water preference: moist.; ; Food forest; 7
Abutilon x suntense; ; Height: 8m, growing fast. Hardiness: 7-10. Light: semi-shade or full sun. Water preference: moist.; ; Food forest; 7
Acacia aneura; Mulga Acacia; Height: 15m, growing slowly. Hardiness: 8-11. Light: full sun. Water preference: dry - moist.; ; Food forest; 8
Acacia angustissima; Prairie acacia. Timbre. Fernleaf Acacia; Height: 5m, growing fast. Hardiness: 7-10. Light: full sun. Water preference: dry - moist.; ; uncategorised; 7
Acacia auriculiformis; Ear-Pod Wattle; Height: 25m, growing fast. Hardiness: 10-12. Light: full sun. Water preference: dry - moist.; Black Acacia, Earleaf, Black wattle; uncategorised; 10
Acacia catechu; Cutch tree; Height: 15m, growing fast. Hardiness: 10-12. Light: full sun. Water preference: dry - moist.; Catechu acacia; uncategorised; 10
Acacia colei; Cole's wattle; Height: 4m, growing fast. Hardiness: 10-12. Light: full sun. Water preference: dry - moist.; Candelabra Wattle, Soap wattle,; Food forest; 10
Acacia concinna; Shikakai; Height: 10m, growing at a medium rate. Hardiness: 10-11. Light: full sun. Water preference: unknown moisture.; Soap-Pod; uncategorised; 10
Acacia coriacea; Wiry Wattle; Height: 5m, growing at a medium rate. Hardiness: 9-11. Light: semi-shade or full sun. Water preference: dry - moist.; Acacia, Leather Leaf; Food forest; 9
Acacia cowleana; Hall’s Creek wattle; Height: 5m, growing fast. Hardiness: 10-12. Light: full sun. Water preference: dry - moist.; ; Food forest; 10
Acacia cultriformis; Knife-Leaf Wattle; Height: 4m, growing slowly. Hardiness: 9-11. Light: full sun. Water preference: dry - moist.; Knife acacia; uncategorised; 9
Acacia dealbata; Mimosa; Height: 25m, growing fast. Hardiness: 7-10. Light: full sun. Water preference: dry - moist.; Silver wattle; uncategorised; 7
Acacia decurrens; Green Wattle; Height: 12m, growing fast. Hardiness: 6-9. Light: full sun. Water preference: dry - moist.; ; uncategorised; 6
Acacia farnesiana; Sweet Acacia; Height: 9m, growing fast. Hardiness: 9-11. Light: full sun. Water preference: dry - moist.; Perfume Acacia, Huisache; uncategorised; 9
Acacia holosericea; Strap wattle; Height: 3m, growing fast. Hardiness: 10-12. Light: full sun. Water preference: moist.; Candelabra wattle; uncategorised; 10
Acacia koa; Koa Acacia; Height: 20m, growing fast. Hardiness: 10-12. Light: full sun. Water preference: dry - moist.; ; uncategorised; 10
Acacia koaia; Koai'a; Height: 5m, growing fast. Hardiness: 10-12. Light: full sun. Water preference: dry - moist.; ; uncategorised; 10
Acacia leucophloea; Kuteera-Gum; Height: 25m, growing at a medium rate. Hardiness: 10-12. Light: full sun. Water preference: dry - moist.; White-barked acacia.; uncategorised; 10
Acacia longifolia; Sydney Golden Wattle; Height: 9m, growing at a medium rate. Hardiness: 10-11. Light: full sun. Water preference: dry - moist.; Acacia; Food forest; 10
Acacia mearnsii; Black Wattle; Height: 10m, growing fast. Hardiness: 8-11. Light: full sun. Water preference: moist.; Late black wattle; uncategorised; 8
Acacia melanoxylon; Blackwood; Height: 30m, growing fast. Hardiness: 9-11. Light: full sun. Water preference: dry - moist.; Australia Acacia, Black Acacia, Blackwood Acacia; uncategorised; 9
Acacia mucronata; Narrow-Leaf Wattle; Height: 9m. Hardiness: 7-10. Light: full sun. Water preference: dry - moist.; ; uncategorised; 7
Acacia murrayana; Murray’s wattle; Height: 5m, growing fast. Hardiness: 10-12. Light: full sun. Water preference: dry - moist.; Colony wattle; Food forest; 10
Acacia paradoxa; Kangaroo Thorn; Height: 5m. Hardiness: 7-10. Light: full sun. Water preference: dry - moist.; Paradox acacia; uncategorised; 7
Acacia podalyriifolia; Queensland Silver Wattle; Height: 3m. Hardiness: 7-10. Light: full sun. Water preference: dry - moist.; Pearl wattle; uncategorised; 7
Acacia pycnantha; Golden Wattle; Height: 8m, growing fast. Hardiness: 7-10. Light: full sun. Water preference: dry - moist.; ; uncategorised; 7
Acacia retinodes; Swamp Wattle; Height: 6m. Hardiness: 7-10. Light: full sun. Water preference: dry - moist.; Water wattle; uncategorised; 7
Acacia saligna; Blue-Leaved Wattle; Height: 6m, growing fast. Hardiness: 7-10. Light: full sun. Water preference: dry - moist.; Orange wattle; uncategorised; 7
Acacia sophorae; Coastal Wattle; Height: 0m. Hardiness: 0-0. Light: full sun. Water preference: dry - moist.; Acacia; uncategorised; 0
Acacia verticillata; Prickly Moses; Height: 6m. Hardiness: 7-10. Light: full sun. Water preference: dry - moist.; ; uncategorised; 7
Acacia victoriae; Bramble wattle. Gundabluey; Height: 10m, growing fast. Hardiness: 8-11. Light: full sun. Water preference: dry - moist.; Bardi bush; Food forest; 8
Acanthocereus tetragonus; Pitahaya. Barbed-wire cactus.; Height: 5m, growing slowly. Hardiness: 10-12. Light: full sun. Water preference: unknown moisture.; ; Food forest; 10
Acca sellowiana; Feijoa; Height: 3m, growing slowly. Hardiness: 8-11. Light: full sun. Water preference: dry - moist.; Pineapple Guava; Food forest; 8
Acer acuminatum; ; Height: 6m. Hardiness: 5-9. Light: semi-shade or full sun. Water preference: moist.; ; uncategorised; 5
Acer argutum; ; Height: 8m. Hardiness: 4-8. Light: semi-shade or full sun. Water preference: moist.; ; uncategorised; 4
Acer caesium; ; Height: 15m. Hardiness: 5-9. Light: semi-shade or full sun. Water preference: moist.; ; uncategorised; 5
Acer campestre; Field Maple; Height: 15m, growing fast. Hardiness: 4-8. Light: semi-shade or full sun. Water preference: moist.; Hedge maple; uncategorised; 4
Acer carpinifolium; Hornbeam Maple; Height: 10m, growing slowly. Hardiness: 4-7. Light: semi-shade or full sun. Water preference: moist.; ; uncategorised; 4
Acer circinatum; Vine Maple; Height: 12m, growing slowly. Hardiness: 6-9. Light: semi-shade or full sun. Water preference: moist.; ; uncategorised; 6
Acer crataegifolium; Hawthorn-Leaved Maple; Height: 10m. Hardiness: 5-9. Light: semi-shade or full sun. Water preference: moist.; ; uncategorised; 5
Acer distylum; ; Height: 15m. Hardiness: 6-9. Light: semi-shade or full sun. Water preference: moist.; ; uncategorised; 6
Acer ginnala; Amur Maple; Height: 10m, growing fast. Hardiness: 3-8. Light: semi-shade or full sun. Water preference: moist.; ; uncategorised; 3
Acer glabrum; Rock Maple; Height: 9m, growing slowly. Hardiness: 3-8. Light: semi-shade or full sun. Water preference: moist.; Rocky Mountain maple, Douglas maple, Greene's maple, New Mexico maple, Torrey maple; uncategorised; 3
Acer macrophyllum; Oregon Maple; Height: 30m, growing fast. Hardiness: 5-9. Light: semi-shade or full sun. Water preference: moist.; Bigleaf maple, Oregon Maple; Food forest; 5
Acer mono; Maple; Height: 15m, growing slowly. Hardiness: 3-8. Light: semi-shade or full sun. Water preference: moist.; ; uncategorised; 3
Acer negundo; Box Elder; Height: 21m, growing fast. Hardiness: 3-8. Light: semi-shade or full sun. Water preference: moist.; ; Food forest; 3
Acer oblongum; ; Height: 9m. Hardiness: 6-9. Light: semi-shade or full sun. Water preference: moist.; ; uncategorised; 6
Acer palmatum; Japanese Maple; Height: 8m, growing slowly. Hardiness: 6-8. Light: semi-shade or full sun. Water preference: moist.; ; uncategorised; 6
Acer pectinatum; Maple; Height: 10m, growing slowly. Hardiness: 3-6. Light: semi-shade or full sun. Water preference: moist.; ; uncategorised; 3
Acer pensylvanicum; Moosewood; Height: 4.5m. Hardiness: 3-7. Light: full sun. Water preference: moist.; Striped maple, Moosewood, Pennsylvania Maple; uncategorised; 3
Acer platanoides; Norway Maple; Height: 21m, growing fast. Hardiness: 3-7. Light: semi-shade or full sun. Water preference: moist.; Harlequin Maple; uncategorised; 3
Acer pseudoplatanus; Sycamore; Height: 30m, growing fast. Hardiness: 4-7. Light: semi-shade or full sun. Water preference: moist.; Great Maple, Scottish Maple, Planetree Maple; uncategorised; 4
Acer rubrum; Red Maple; Height: 30m, growing fast. Hardiness: 4-10. Light: semi-shade or full sun. Water preference: moist.; Drummond's maple, Swamp Maple; Food forest; 4
Acer saccharinum; Silver Maple; Height: 30m, growing fast. Hardiness: 3-9. Light: semi-shade or full sun. Water preference: moist.; River Maple, Soft Maple; Food forest; 3
Acer saccharum; Sugar Maple; Height: 30m, growing slowly. Hardiness: 4-8. Light: semi-shade or full sun. Water preference: moist.; Florida Maple, Hard Maple, Rock Maple; Food forest; 4
Acer saccharum grandidentatum; Big-Tooth Maple; Height: 12m. Hardiness: 5-8. Light: semi-shade or full sun. Water preference: moist.; Canyon Maple, Rocky Mountain Sugar Maple; Food forest; 5
Acer saccharum nigrum; Black Maple; Height: 25m, growing slowly. Hardiness: 4-6. Light: semi-shade or full sun. Water preference: moist.; ; Food forest; 4
Acer spicatum; Mountain Maple; Height: 10m, growing slowly. Hardiness: 3-6. Light: full sun. Water preference: moist.; ; uncategorised; 3
Acer sterculiaceum; ; Height: 6m. Hardiness: 7-10. Light: semi-shade or full sun. Water preference: moist.; ; uncategorised; 7
Acer tataricum; Tatarian Maple; Height: 9m, growing at a medium rate. Hardiness: 3-7. Light: semi-shade or full sun. Water preference: moist.; ; uncategorised; 3
Acer truncatum; Shantung Maple; Height: 8m, growing slowly. Hardiness: 3-8. Light: semi-shade or full sun. Water preference: moist.; Purpleblow Maple; uncategorised; 3
Acrocarpus fraxinifolius; Pink Cedar; Height: 30m, growing fast. Hardiness: 10-12. Light: full sun. Water preference: moist.; Shingle Tree; uncategorised; 10
Acrocomia aculeata; Coyoli Palm. Gru-Gru Palm; Height: 15m, growing fast. Hardiness: 10-12. Light: full sun. Water preference: dry - moist.; Macaw palm; Food forest; 10
Acrotriche serrulata; Honeypots; Height: 0.3m. Hardiness: 0-0. Light: semi-shade or full sun. Water preference: moist.; ; uncategorised; 0
Actinidia arguta; Tara Vine; Height: 15m. Hardiness: 4-8. Light: semi-shade or full sun. Water preference: moist.; ; Food forest; 4
Actinidia callosa; ; Height: 9m. Hardiness: 6-9. Light: semi-shade or full sun. Water preference: moist.; ; Food forest; 6
Actinidia callosa henryi; ; Height: 7m. Hardiness: 7-10. Light: semi-shade or full sun. Water preference: moist.; ; Food forest; 7
Actinidia chinensis; Kiwi; Height: 7.5m. Hardiness: 6-9. Light: semi-shade or full sun. Water preference: moist.; ; Food forest; 6
Actinidia coriacea; ; Height: 8m. Hardiness: 5-9. Light: semi-shade or full sun. Water preference: moist.; ; Food forest; 5
Actinidia deliciosa; Kiwi Fruit; Height: 9m, growing at a medium rate. Hardiness: 6-9. Light: semi-shade or full sun. Water preference: moist.; ; Food forest; 6
Actinidia kolomikta; Kiwi; Height: 10m, growing at a medium rate. Hardiness: 3-8. Light: semi-shade or full sun. Water preference: moist.; ; Food forest; 3
Actinidia lanceolata; ; Height: 20m. Hardiness: 5-9. Light: semi-shade or full sun. Water preference: moist.; ; Food forest; 5
Actinidia melanandra; Red Kiwi; Height: 7m. Hardiness: 5-9. Light: semi-shade or full sun. Water preference: moist.; ; Food forest; 5
Actinidia polygama; Silver Vine; Height: 6m. Hardiness: 4-8. Light: semi-shade or full sun. Water preference: moist.; ; Food forest; 4
Actinidia purpurea; Purple hardy kiwi; Height: 10m. Hardiness: 5-9. Light: semi-shade or full sun. Water preference: moist.; ; Food forest; 5
Actinidia strigosa; ; Height: 0m. Hardiness: 0-0. Light: semi-shade or full sun. Water preference: moist.; ; Food forest; 0
Adansonia digitata; Baobab; Height: 20m, growing slowly. Hardiness: 10-12. Light: full sun. Water preference: dry - moist.; Judas Fruit, Monkey Bread Tree; Food forest; 10
Adenanthera pavonina; Red Sandalwood; Height: 18m, growing fast. Hardiness: 10-12. Light: full sun. Water preference: moist.; Coral Tree; Food forest; 10
Adenostoma fasciculatum; Greasewood; Height: 3m. Hardiness: 7-10. Light: full sun. Water preference: dry - moist.; ; uncategorised; 7
Adenostoma sparsifolium; Redshank; Height: 6m. Hardiness: 7-10. Light: full sun. Water preference: dry - moist.; ; uncategorised; 7
Aegle marmelos; Bael Tree; Height: 10m, growing slowly. Hardiness: 10-12. Light: full sun. Water preference: moist.; Golden Apple, Bengal Quince; Food forest; 10
Aesculus californica; Californian Buckeye; Height: 12m, growing at a medium rate. Hardiness: 6-10. Light: full sun. Water preference: dry - moist.; California Horsechestnut; Food forest; 6
Aesculus chinensis; Chinese Horse Chestnut; Height: 25m, growing slowly. Hardiness: 5-9. Light: semi-shade or full sun. Water preference: moist.; ; Food forest; 5
Aesculus flava; Sweet Buckeye; Height: 20m, growing at a medium rate. Hardiness: 4-8. Light: semi-shade or full sun. Water preference: moist.; Yellow buckeye; Food forest; 4
Aesculus glabra; Ohio Buckeye; Height: 20m, growing at a medium rate. Hardiness: 4-7. Light: semi-shade or full sun. Water preference: moist.; Fetid Buckeye; uncategorised; 4
Aesculus hippocastanum; Horse Chestnut; Height: 30m, growing fast. Hardiness: 4-7. Light: semi-shade or full sun. Water preference: dry - moist.; European Horsechestnut, Common Horsechestnut; Food forest; 4
Aesculus indica; Indian Horse Chestnut; Height: 30m. Hardiness: 6-9. Light: semi-shade or full sun. Water preference: moist.; ; Food forest; 6
Aesculus parviflora; Bottlebrush buckeye; Height: 4m, growing slowly. Hardiness: 4-9. Light: full shade or semi-shade or full sun. Water preference: moist.; ; uncategorised; 4
Aesculus pavia; Red Buckeye; Height: 5m, growing fast. Hardiness: 5-9. Light: full shade or semi-shade or full sun. Water preference: moist.; ; uncategorised; 5
Aesculus spp; Horse chestnut; Height: 30m, growing fast. Hardiness: 4-9. Light: semi-shade or full sun. Water preference: dry - moist.; ; Food forest; 4
Aesculus turbinata; Japanese Horse Chestnut; Height: 20m, growing at a medium rate. Hardiness: 5-7. Light: semi-shade or full sun. Water preference: moist.; ; uncategorised; 5
Aesculus x carnea; Red Horse Chestnut; Height: 25m, growing slowly. Hardiness: 5-7. Light: semi-shade or full sun. Water preference: moist.; Ruby Red Horsechestnut; uncategorised; 5
Afraegle paniculata; Nigerian Powder-Flask Fruit. African afraegle; Height: 12m, growing fast. Hardiness: 10-12. Light: full sun. Water preference: dry - moist.; ; uncategorised; 10
Afzelia africana; African Mahogany; Height: 8m, growing at a medium rate. Hardiness: 10-12. Light: full sun. Water preference: unknown moisture.; ; uncategorised; 10
Afzelia xylocarpa; Makha Tree; Height: 20m, growing at a medium rate. Hardiness: 10-12. Light: full sun. Water preference: moist.; Cambodia Beng Tree; uncategorised; 10
Agathis dammara; Amboina Pine; Height: 50m, growing at a medium rate. Hardiness: 10-11. Light: full shade or semi-shade or full sun. Water preference: moist.; ; uncategorised; 10
Agathis macrophylla; Dakua; Height: 30m, growing fast. Hardiness: 10-12. Light: full shade or semi-shade or full sun. Water preference: moist.; ; uncategorised; 10
Agathis moorei; Pacific Kauri; Height: 25m, growing at a medium rate. Hardiness: 10-12. Light: full shade or semi-shade or full sun. Water preference: moist.; Moore Kauri; uncategorised; 10
Agathis robusta; Queensland Kauri; Height: 45m. Hardiness: 8-11. Light: semi-shade or full sun. Water preference: moist.; ; uncategorised; 8
Ageratina ligustrina; ; Height: 5m. Hardiness: 9-11. Light: full sun. Water preference: moist.; ; uncategorised; 9
Ailanthus altissima; Tree Of Heaven; Height: 25m, growing fast. Hardiness: 5-8. Light: semi-shade or full sun. Water preference: unknown moisture.; ; uncategorised; 5
Akebia quinata; Akebia; Height: 12m, growing fast. Hardiness: 4-9. Light: full shade or semi-shade or full sun. Water preference: moist.; Chocolate vine, Fiveleaf Akebia, Chocolate Vine; Food forest; 4
Akebia trifoliata; Akebia; Height: 9m, growing fast. Hardiness: 5-8. Light: full shade or semi-shade or full sun. Water preference: moist.; Threeleaf Akebia; Food forest; 5
Akebia x pentaphylla; Five Leaved Akebia; Height: 9m. Hardiness: 4-8. Light: full shade or semi-shade or full sun. Water preference: moist.; ; Food forest; 4
Alangium chinense; ; Height: 8m, growing slowly. Hardiness: 8-11. Light: full sun. Water preference: moist.; ; uncategorised; 8
Alangium platanifolium; Alangium; Height: 3m. Hardiness: 6-10. Light: full sun. Water preference: moist.; ; uncategorised; 6
Albizia julibrissin; Mimosa; Height: 12m, growing fast. Hardiness: 6-9. Light: full sun. Water preference: dry - moist.; Silktree, Mimosa Tree,; uncategorised; 6
Albizia lebbeck; Siris Tree; Height: 15m, growing fast. Hardiness: 10-11. Light: full sun. Water preference: moist.; Woman's Tongue, East Indian Walnut; uncategorised; 10
Albizia lucidior; Potka siris tree; Height: 15m, growing fast. Hardiness: 10-12. Light: semi-shade or full sun. Water preference: moist.; ; uncategorised; 10
Albizia procera; White Siris; Height: 25m, growing fast. Hardiness: 10-12. Light: full sun. Water preference: moist.; Tall Albizia, Forest Siris; uncategorised; 10
Alchornea castaneifolia; Iporuru; Height: 8m, growing fast. Hardiness: 10-12. Light: semi-shade or full sun. Water preference: unknown moisture.; ; uncategorised; 10
Alchornea cordifolia; Christmas Bush; Height: 8m, growing at a medium rate. Hardiness: 10-12. Light: full sun. Water preference: unknown moisture.; ; uncategorised; 10
Aleurites cordata; Japan Wood-Oil Tree; Height: 7m. Hardiness: 9-11. Light: semi-shade or full sun. Water preference: moist.; ; uncategorised; 9
Aleurites fordii; Tung Tree; Height: 7m, growing fast. Hardiness: 8-10. Light: semi-shade or full sun. Water preference: moist.; Tung Oil Tree, Wood Oil Tree China; uncategorised; 8
Aleurites moluccanus; Candle Nut; Height: 20m, growing fast. Hardiness: 10-12. Light: full sun. Water preference: dry - moist.; Country Walnut; Food forest; 10
Alhagi maurorum; Camel Thorn; Height: 2m. Hardiness: 6-10. Light: full sun. Water preference: dry - moist.; ; uncategorised; 6
Allanblackia floribunda; Vegetable Tallow. Tallow tree; Height: 25m, growing fast. Hardiness: 10-12. Light: semi-shade or full sun. Water preference: moist.; ; Food forest; 10
Allanblackia parviflora; Vegetable tallow tree; Height: 20m, growing fast. Hardiness: 10-12. Light: semi-shade or full sun. Water preference: moist.; Ouotera; Food forest; 10
Allanblackia stuhlmannii; Mkani; Height: 35m, growing at a medium rate. Hardiness: 10-12. Light: full sun. Water preference: moist.; Msambo; Food forest; 10
Allocasuarina littoralis; Black She Oak; Height: 8m, growing fast. Hardiness: 9-11. Light: full sun. Water preference: moist.; Bull Oak, Wayetuck; uncategorised; 9
Alnus acuminata; Alder; Height: 25m, growing fast. Hardiness: 10-12. Light: semi-shade or full sun. Water preference: moist.; ; uncategorised; 10
Alnus cordata; Italian Alder; Height: 25m, growing fast. Hardiness: 5-9. Light: semi-shade or full sun. Water preference: unknown moisture.; ; uncategorised; 5
Alnus glutinosa; Alder; Height: 25m, growing fast. Hardiness: 3-7. Light: semi-shade or full sun. Water preference: unknown moisture.; European alder , Common Alder, Black Alder; uncategorised; 3
Alnus hirsuta; ; Height: 18m. Hardiness: 3-7. Light: semi-shade or full sun. Water preference: unknown moisture.; ; uncategorised; 3
Alnus incana; Grey Alder; Height: 18m, growing fast. Hardiness: 2-6. Light: semi-shade or full sun. Water preference: unknown moisture.; Speckled alder, Thinleaf alder, White Alder; uncategorised; 2
Alnus japonica; Japanese Alder; Height: 22m, growing fast. Hardiness: 4-8. Light: semi-shade or full sun. Water preference: unknown moisture.; ; uncategorised; 4
Alnus jorullensis; Mexican alder; Height: 25m, growing fast. Hardiness: 7-12. Light: semi-shade or full sun. Water preference: unknown moisture.; Evergreen Alder; uncategorised; 7
Alnus maritima; Seaside Alder; Height: 9m, growing at a medium rate. Hardiness: 3-7. Light: full sun. Water preference: unknown moisture.; Beach Alder; uncategorised; 3
Alnus maximowiczii; ; Height: 9m. Hardiness: 4-8. Light: semi-shade or full sun. Water preference: unknown moisture.; ; uncategorised; 4
Alnus nepalensis; Nepalese Alder; Height: 22m, growing fast. Hardiness: 8-11. Light: semi-shade or full sun. Water preference: unknown moisture.; ; uncategorised; 8
Alnus nitida; West Himalayan Alder; Height: 30m. Hardiness: 7-10. Light: semi-shade or full sun. Water preference: unknown moisture.; ; uncategorised; 7
Alnus rhombifolia; White Alder; Height: 12m, growing fast. Hardiness: 8-11. Light: semi-shade or full sun. Water preference: unknown moisture.; ; uncategorised; 8
Alnus rubra; Red Alder; Height: 20m, growing fast. Hardiness: 6-8. Light: semi-shade or full sun. Water preference: unknown moisture.; Oregon Alder; uncategorised; 6
Alnus rugosa; Speckled Alder; Height: 22m, growing fast. Hardiness: 2-6. Light: semi-shade or full sun. Water preference: unknown moisture.; ; uncategorised; 2
Alnus serrulata; Smooth Alder; Height: 4.5m. Hardiness: 3-9. Light: full sun. Water preference: unknown moisture.; Hazel alder; uncategorised; 3
Alnus sinuata; Sitka Alder; Height: 4m, growing fast. Hardiness: 2-9. Light: semi-shade or full sun. Water preference: unknown moisture.; ; uncategorised; 2
Alnus tenuifolia; Mountain Alder; Height: 9m, growing fast. Hardiness: 5-7. Light: semi-shade or full sun. Water preference: unknown moisture.; Thinleaf alder; uncategorised; 5
Alnus viridis crispa; American Green Alder; Height: 3m. Hardiness: 4-8. Light: semi-shade or full sun. Water preference: unknown moisture.; ; uncategorised; 4
Aloe arborescens; Candelabra Aloe; Height: 3m, growing at a medium rate. Hardiness: 10-11. Light: semi-shade or full sun. Water preference: dry - moist.; Tree Aloe, Mountain Bush Aloe; uncategorised; 10
Aloe camperi; Aloe; Height: 0.8m, growing at a medium rate. Hardiness: 9-12. Light: semi-shade or full sun. Water preference: unknown moisture.; ; uncategorised; 9
Aloe ferox; Cape Aloe; Height: 3m, growing slowly. Hardiness: 9-11. Light: full sun. Water preference: unknown moisture.; Bitter Aloe, Red Aloe, Cape Aloe, Alligator Jaw Aloe; uncategorised; 9
Aloysia citriodora; Lemon Verbena; Height: 3m, growing at a medium rate. Hardiness: 7-10. Light: semi-shade or full sun. Water preference: dry - moist.; Lemon beebrush; Food forest; 7
Amelanchier alnifolia; Saskatoon; Height: 4m, growing at a medium rate. Hardiness: 4-6. Light: semi-shade or full sun. Water preference: moist.; Saskatoon serviceberry, Serviceberry; Food forest; 4
Amelanchier alnifolia cusickii; Cusick's Serviceberry; Height: 3m. Hardiness: 0-0. Light: semi-shade or full sun. Water preference: moist.; ; Food forest; 0
Amelanchier alnifolia semiintegrifolia; Pacific Serviceberry; Height: 3m, growing slowly. Hardiness: 0-0. Light: semi-shade or full sun. Water preference: moist.; ; Food forest; 0
Amelanchier arborea; Downy Serviceberry; Height: 10m, growing slowly. Hardiness: 5-8. Light: semi-shade or full sun. Water preference: moist.; Alabama serviceberry, Juneberry, Common Serviceberry, Downy Serviceberry; Food forest; 5
Amelanchier asiatica; Korean Juneberry; Height: 8m. Hardiness: 4-8. Light: semi-shade or full sun. Water preference: moist.; ; Food forest; 4
Amelanchier bartramiana; Oblongfruit serviceberry; Height: 3m. Hardiness: 4-8. Light: semi-shade or full sun. Water preference: moist.; ; Food forest; 4
Amelanchier basalticola; Dwarf Service-berry; Height: 3m. Hardiness: 4-8. Light: semi-shade or full sun. Water preference: moist.; ; Food forest; 4
Amelanchier canadensis; Juneberry; Height: 6m, growing at a medium rate. Hardiness: 4-7. Light: semi-shade or full sun. Water preference: moist.; Canadian serviceberry, Serviceberry Downy, Shadblow, Shadbush, Serviceberry; Food forest; 4
Amelanchier confusa; ; Height: 3m. Hardiness: 4-8. Light: semi-shade or full sun. Water preference: moist.; ; Food forest; 4
Amelanchier humilis; Low serviceberry; Height: 1.8m. Hardiness: 4-8. Light: semi-shade or full sun. Water preference: moist.; ; Food forest; 4
Amelanchier huroensis; ; Height: 6m. Hardiness: 5-9. Light: semi-shade or full sun. Water preference: moist.; ; Food forest; 5
Amelanchier interior; Pacific serviceberry; Height: 9m. Hardiness: 5-9. Light: semi-shade or full sun. Water preference: moist.; ; Food forest; 5
Amelanchier intermedia; June berry; Height: 6m. Hardiness: 4-8. Light: semi-shade or full sun. Water preference: moist.; ; Food forest; 4
Amelanchier laevis; Allegheny Shadberry; Height: 9m, growing at a medium rate. Hardiness: 5-8. Light: semi-shade or full sun. Water preference: moist.; Allegheny serviceberry, Smooth Serviceberry; Food forest; 5
Amelanchier lamarckii; Apple Serviceberry; Height: 6m. Hardiness: 3-3. Light: semi-shade or full sun. Water preference: moist.; ; Food forest; 3
Amelanchier obovalis; Southern Juneberry; Height: 1.5m. Hardiness: 5-9. Light: semi-shade or full sun. Water preference: moist.; Coastal serviceberry; Food forest; 5
Amelanchier ovalis; Snowy Mespilus; Height: 5m, growing slowly. Hardiness: 5-7. Light: full sun. Water preference: moist.; Dwarf Garden Serviceberry; uncategorised; 5
Amelanchier ovalis integrifolia; ; Height: 4m. Hardiness: 5-9. Light: semi-shade or full sun. Water preference: moist.; ; uncategorised; 5
Amelanchier parviflora; ; Height: 2m. Hardiness: 4-8. Light: full sun. Water preference: moist.; ; uncategorised; 4
Amelanchier sanguinea; Roundleaf Serviceberry; Height: 3m. Hardiness: 4-8. Light: semi-shade or full sun. Water preference: dry - moist.; Gaspé serviceberry; Food forest; 4
Amelanchier spicata; ; Height: 2m. Hardiness: 4-8. Light: semi-shade or full sun. Water preference: moist.; ; Food forest; 4
Amelanchier stolonifera; Quebec Berry; Height: 1.5m. Hardiness: 4-8. Light: semi-shade or full sun. Water preference: dry - moist.; Running serviceberry; Food forest; 4
Amelanchier utahensis; Utah Serviceberry; Height: 5m. Hardiness: 3-7. Light: semi-shade or full sun. Water preference: dry - moist.; Coville's serviceberry; Food forest; 3
Amelanchier weigandii; ; Height: 5m. Hardiness: 5-9. Light: semi-shade or full sun. Water preference: moist.; ; Food forest; 5
Amelanchier x grandiflora; Apple Serviceberry; Height: 6m, growing slowly. Hardiness: 4-7. Light: semi-shade or full sun. Water preference: moist.; ; Food forest; 4
Amelasorbus jackii; Jack's amelasorbus; Height: 2m. Hardiness: 3-7. Light: semi-shade or full sun. Water preference: moist.; ; uncategorised; 3
Amomyrtus luma; Luma; Height: 7.5m. Hardiness: 0-0. Light: full sun. Water preference: dry - moist.; Chilean guava,; Food forest; 0
Amorpha canescens; Lead Plant; Height: 1.2m. Hardiness: 2-9. Light: semi-shade or full sun. Water preference: dry - moist.; ; uncategorised; 2
Amorpha fruticosa; False Indigo; Height: 4.5m, growing at a medium rate. Hardiness: 4-8. Light: semi-shade or full sun. Water preference: dry - moist.; False indigo bush; uncategorised; 4
Amorpha nana; Dwarf Indigobush; Height: 0.6m, growing at a medium rate. Hardiness: 4-8. Light: semi-shade or full sun. Water preference: dry - moist.; Dwarf false indigo, Dwarf Indigo; uncategorised; 4
Ampelopsis arborea; Pepper Vine; Height: 10m. Hardiness: 6-9. Light: semi-shade or full sun. Water preference: moist.; ; uncategorised; 6
Ampelopsis brevipedunculata; Porcelain Berry; Height: 20m, growing fast. Hardiness: 5-8. Light: semi-shade or full sun. Water preference: moist.; Amur peppervine, Blueberry Climber, Porcelain Berry Vine; uncategorised; 5
Ampelopsis humulifolia; ; Height: 6m. Hardiness: 4-8. Light: semi-shade or full sun. Water preference: moist.; ; uncategorised; 4
Ampelopsis japonica; ; Height: 10m. Hardiness: 6-9. Light: semi-shade or full sun. Water preference: moist.; ; uncategorised; 6
Anacardium occidentale; Cashew; Height: 12m, growing slowly. Hardiness: 9-12. Light: full sun. Water preference: moist.; Caju; Food forest; 9
Anacolosa frutescens; Galo Nut; Height: 15m, growing at a medium rate. Hardiness: 10-12. Light: full shade or semi-shade. Water preference: moist.; Kopi gunung, Tangki leuweung, Belian landak.; Food forest; 10
Ancylobotrys petersiana; Mbohoya; Height: 6m, growing fast. Hardiness: 10-12. Light: semi-shade or full sun. Water preference: dry - moist.; Mwungo-wungo.; Food forest; 10
Andira coriacea; Red Cabbage Bark Tree; Height: 20m, growing fast. Hardiness: 10-12. Light: semi-shade or full sun. Water preference: moist.; ; uncategorised; 10
Andromeda polifolia; Marsh Andromeda; Height: 0.3m, growing slowly. Hardiness: 2-6. Light: semi-shade. Water preference: unknown moisture.; Bog rosemary; uncategorised; 2
Angophora cordifolia; Smooth-Barked Apple; Height: 30m. Hardiness: 8-11. Light: full sun. Water preference: moist.; ; uncategorised; 8
Angophora floribunda; Rough-Barked Apple; Height: 18m. Hardiness: 8-11. Light: full sun. Water preference: moist.; ; uncategorised; 8
Aniba rosaeodora; Brazilian Rosewood; Height: 20m. Hardiness: 10-12. Light: semi-shade or full sun. Water preference: moist.; Rosewood-oil tree; uncategorised; 10
Annona atemoya; Atemoya; Height: 8m, growing fast. Hardiness: 10-12. Light: full sun. Water preference: unknown moisture.; ; Food forest; 10
Annona cherimola; Cherimoya; Height: 9m, growing fast. Hardiness: 8-12. Light: full sun. Water preference: dry - moist.; Custard Apple; Food forest; 8
Annona liebmanniana; Hardshell custard-apple; Height: 20m, growing fast. Hardiness: 9-12. Light: semi-shade or full sun. Water preference: unknown moisture.; Posh-te; Food forest; 9
Annona mucosa; Wild Sweetsop; Height: 12m, growing fast. Hardiness: 10-12. Light: full sun. Water preference: moist.; ; Food forest; 10
Annona muricata; Sour Sop; Height: 7m, growing fast. Hardiness: 10-12. Light: semi-shade or full sun. Water preference: moist.; ; Food forest; 10
Annona salzmannii; Beach Sugar Apple; Height: 12m, growing slowly. Hardiness: 10-12. Light: semi-shade or full sun. Water preference: moist.; ; Food forest; 10
Annona squamosa; Sugar Apple; Height: 6m, growing slowly. Hardiness: 10-12. Light: full sun. Water preference: dry - moist.; Sweetsop, Custard Apple; Food forest; 10
Annona vepretorum; Araticum; Height: 6m, growing slowly. Hardiness: 10-12. Light: full sun. Water preference: unknown moisture.; Pinha da Caatinga, Araticum-da-bahia; Food forest; 10
Anogeissus leiocarpa; African Birch; Height: 15m, growing slowly. Hardiness: 10-12. Light: semi-shade or full sun. Water preference: moist.; ; uncategorised; 10
Antidesma bunius; Bignay; Height: 10m, growing at a medium rate. Hardiness: 10-12. Light: semi-shade or full sun. Water preference: moist.; Bignai; Food forest; 10
Aphananthe aspera; ; Height: 20m. Hardiness: 6-9. Light: semi-shade or full sun. Water preference: dry - moist.; ; uncategorised; 6
Aquilaria crassna; Agar Wood; Height: 20m. Hardiness: 10-12. Light: full sun. Water preference: moist.; Agarwood; uncategorised; 10
Aquilaria malaccensis; Agar Wood; Height: 20m, growing slowly. Hardiness: 10-12. Light: semi-shade or full sun. Water preference: moist.; Eaglewood, Indian Aloewood, Aloeswood; uncategorised; 10
Aquilaria sinensis; Agar Wood; Height: 15m, growing slowly. Hardiness: 10-12. Light: full sun. Water preference: moist.; Pak Muk Heung, White Wood Incense; uncategorised; 10
Aralia chinensis; Chinese Angelica Tree; Height: 3.5m, growing at a medium rate. Hardiness: 4-8. Light: full shade or semi-shade. Water preference: moist.; Pumila Spirea, Chinese Astilbe; uncategorised; 4
Aralia elata; Japanese Angelica Tree; Height: 6m, growing at a medium rate. Hardiness: 4-9. Light: semi-shade or full sun. Water preference: moist.; Angelica Tree; Food forest; 4
Aralia hispida; Bristly Sarsaparilla; Height: 1m. Hardiness: 3-7. Light: semi-shade or full sun. Water preference: dry - moist.; ; uncategorised; 3
Aralia mandschurica; Manchurian Angelica Tree; Height: 3.5m. Hardiness: 4-8. Light: semi-shade or full sun. Water preference: moist.; ; uncategorised; 4
Aralia spinosa; Hercule's Club; Height: 9m, growing slowly. Hardiness: 5-9. Light: full shade or semi-shade. Water preference: moist.; Aralia spinosa, American Angelica Tree, Hercules' Club, Devil's Walking Stick; uncategorised; 5
Araucaria angustifolia; Parana Pine. Brazilian-pine; Height: 35m, growing slowly. Hardiness: 9-12. Light: full sun. Water preference: moist.; Candelabra-tree.; Food forest; 9
Araucaria araucana; Monkey Puzzle Tree; Height: 30m, growing slowly. Hardiness: 7-11. Light: semi-shade or full sun. Water preference: moist.; ; Food forest; 7
Araucaria bidwillii; Bunya-Bunya; Height: 40m, growing at a medium rate. Hardiness: 9-11. Light: semi-shade or full sun. Water preference: moist.; Monkey Puzzle Tree, False Monkey Puzzle; Food forest; 9
Araujia sericifera; Cruel Plant; Height: 10m, growing fast. Hardiness: 8-11. Light: semi-shade or full sun. Water preference: moist.; White bladderflower; uncategorised; 8
Arbutus andrachne; Grecian StrawberryTree; Height: 6m, growing slowly. Hardiness: 7-10. Light: full sun. Water preference: dry - moist.; ; Food forest; 7
Arbutus arizonica; Arizona Maderone; Height: 15m, growing slowly. Hardiness: 5-9. Light: semi-shade or full sun. Water preference: dry - moist.; ; uncategorised; 5
Arbutus canariensis; Canary Madrona; Height: 10m. Hardiness: 7-10. Light: semi-shade or full sun. Water preference: moist.; ; uncategorised; 7
Arbutus menziesii; Madrona; Height: 15m, growing at a medium rate. Hardiness: 8-9. Light: semi-shade or full sun. Water preference: dry - moist.; Pacific madrone, Pacific Madrone; Food forest; 8
Arbutus texana; Texas Madrone; Height: 8m, growing slowly. Hardiness: 7-10. Light: semi-shade or full sun. Water preference: dry - moist.; ; uncategorised; 7
Arbutus unedo; Strawberry Tree; Height: 9m, growing at a medium rate. Hardiness: 7-11. Light: semi-shade or full sun. Water preference: dry - moist.; ; Food forest; 7
Arbutus x andrachnoides; ; Height: 10m, growing at a medium rate. Hardiness: 7-10. Light: semi-shade or full sun. Water preference: moist.; ; Food forest; 7
Arbutus xalapensis; Madrono; Height: 12m, growing slowly. Hardiness: 7-10. Light: semi-shade or full sun. Water preference: dry - moist.; Texas madrone; uncategorised; 7
Archidendron jiringa; Jengkol; Height: 20m, growing at a medium rate. Hardiness: 10-12. Light: semi-shade or full sun. Water preference: moist.; Jiringa; Food forest; 10
Arctostaphylos columbiana; Hairy Manzanita; Height: 1.5m. Hardiness: 6-9. Light: semi-shade or full sun. Water preference: moist.; ; uncategorised; 6
Arctostaphylos glauca; Bigberry Manzanita; Height: 4m. Hardiness: 7-10. Light: semi-shade or full sun. Water preference: dry - moist.; ; uncategorised; 7
Arctostaphylos manzanita; Manzanita; Height: 2m. Hardiness: 7-10. Light: semi-shade or full sun. Water preference: dry - moist.; Whiteleaf manzanita, Konocti manzanita, Contra Costa manzanita, Roof's manzanita, Wieslan; Food forest; 7
Arctostaphylos nevadensis; Pine-Mat Manzanita; Height: 0.1m, growing at a medium rate. Hardiness: 5-9. Light: semi-shade or full sun. Water preference: moist.; ; uncategorised; 5
Arctostaphylos patula; Greenleaf Manzanita; Height: 2m. Hardiness: 5-9. Light: semi-shade or full sun. Water preference: moist.; ; Food forest; 5
Arctostaphylos stanfordiana; Stanford's manzanita; Height: 1.5m. Hardiness: 5-9. Light: semi-shade or full sun. Water preference: dry - moist.; Rincon manzanita; Food forest; 5
Arctostaphylos tomentosa; Downy Manzanita; Height: 1.5m. Hardiness: 7-10. Light: semi-shade or full sun. Water preference: moist.; Woollyleaf manzanita, Brittleleaf manzanita, Dacite manzanita, Rosy manzanita, San; Food forest; 7
Arctostaphylos uva-ursi; Bearberry; Height: 0.1m, growing at a medium rate. Hardiness: 4-8. Light: full shade or semi-shade or full sun. Water preference: moist.; ; Food forest; 4
Ardisia crenata; Coralberry; Height: 2m, growing slowly. Hardiness: 7-10. Light: semi-shade. Water preference: moist.; Hen's eyes, Spiceberry; uncategorised; 7
Ardisia crispa; ; Height: 1.2m. Hardiness: 6-9. Light: semi-shade. Water preference: moist.; ; uncategorised; 6
Ardisia japonica; Marlberry; Height: 0.5m, growing at a medium rate. Hardiness: 8-10. Light: semi-shade. Water preference: moist.; ; uncategorised; 8
Ardisia sieboldii; Duo Zhi Zi Jin Niu; Height: 6m. Hardiness: 0-0. Light: semi-shade. Water preference: moist.; ; uncategorised; 0
Areca catechu; Betel Palm; Height: 15m, growing at a medium rate. Hardiness: 11-12. Light: semi-shade or full sun. Water preference: moist.; Betel Nut Palm; Food forest; 11
Arenga pinnata; Solitary Sugar Palm; Height: 15m, growing at a medium rate. Hardiness: 10-12. Light: semi-shade or full sun. Water preference: moist.; ; Food forest; 10
Argania spinosa; Argan Tree; Height: 7m. Hardiness: 10-12. Light: full sun. Water preference: moist.; Spiny Argania, Morocco Ironwood; Food forest; 10
Aristolochia macrophylla; Pipevine; Height: 7m, growing fast. Hardiness: 5-8. Light: semi-shade or full sun. Water preference: dry - moist.; Dutchman's Pipe; uncategorised; 5
Aristotelia chilensis; Macqui; Height: 3m. Hardiness: 7-10. Light: full sun. Water preference: moist.; ; Food forest; 7
Aristotelia serrata; ; Height: 7.5m. Hardiness: 7-10. Light: semi-shade or full sun. Water preference: moist.; ; Food forest; 7
Aronia arbutifolia; Red Chokeberry; Height: 3m. Hardiness: 4-9. Light: semi-shade or full sun. Water preference: moist.; ; uncategorised; 4
Aronia melanocarpa; Black Chokeberry; Height: 2.5m, growing at a medium rate. Hardiness: 3-8. Light: semi-shade or full sun. Water preference: dry - moist.; Black Berried Aronia; Food forest; 3
Aronia prunifolia; Purple Chokeberry; Height: 3m. Hardiness: 4-8. Light: semi-shade or full sun. Water preference: dry - moist.; ; uncategorised; 4
Artemisia abrotanum; Southernwood; Height: 1.2m. Hardiness: 4-8. Light: semi-shade or full sun. Water preference: dry - moist.; ; uncategorised; 4
Artemisia capillaris; Yin Chen Hao; Height: 0.5m. Hardiness: 6-9. Light: semi-shade or full sun. Water preference: dry - moist.; ; uncategorised; 6
Artemisia cina; Cina; Height: 1m. Hardiness: 0-0. Light: semi-shade. Water preference: dry - moist.; Santonica; uncategorised; 0
Artemisia filifolia; Sand Sage; Height: 1.2m. Hardiness: 3-7. Light: semi-shade or full sun. Water preference: dry - moist.; Sand sagebrush; uncategorised; 3
Artemisia maritima; Sea Wormwood; Height: 0.6m. Hardiness: 6-9. Light: full sun. Water preference: dry - moist.; ; uncategorised; 6
Artemisia tridentata; Sage Brush; Height: 2.5m. Hardiness: 4-10. Light: full sun. Water preference: dry - moist.; Big sagebrush, Bonneville big sagebrush; Food forest; 4
Artemisia tripartita; Threetip Sage Brush; Height: 1.8m. Hardiness: 6-9. Light: full sun. Water preference: dry - moist.; Wyoming threetip sagebrush; uncategorised; 6
Artocarpus altilis; Breadfruit; Height: 18m, growing fast. Hardiness: 10-12. Light: full sun. Water preference: moist.; ; Food forest; 10
Artocarpus camansi; Breadnut; Height: 15m, growing fast. Hardiness: 10-12. Light: full sun. Water preference: moist.; Kamansi; Food forest; 10
Artocarpus heterophyllus; Jackfruit; Height: 15m, growing fast. Hardiness: 10-12. Light: semi-shade or full sun. Water preference: moist.; ; Food forest; 10
Artocarpus integer; Champedak; Height: 20m, growing slowly. Hardiness: 11-12. Light: full sun. Water preference: moist.; ; Food forest; 11
Artocarpus mariannensis; Seeded breadfruit; Height: 15m, growing fast. Hardiness: 10-12. Light: semi-shade or full sun. Water preference: moist.; Marianas bread; Food forest; 10
Artocarpus odoratissimus; Marang; Height: 25m, growing at a medium rate. Hardiness: 10-12. Light: full sun. Water preference: moist.; Terap; Food forest; 10
Arundinaria gigantea; Canebrake bamboo; Height: 9m. Hardiness: 5-9. Light: semi-shade or full sun. Water preference: moist.; Cane Reed, Giant cane; Food forest; 5
Arundinaria spp; Running Bamboo; Height: 10m, growing fast. Hardiness: 4-10. Light: full shade or semi-shade or full sun. Water preference: moist.; ; Food forest; 4
Asimina triloba; Papaw; Height: 4.5m, growing slowly. Hardiness: 5-8. Light: semi-shade or full sun. Water preference: moist.; ; Food forest; 5
Aspalathus linearis; Rooibos; Height: 2m. Hardiness: 8-11. Light: full sun. Water preference: dry - moist.; ; Food forest; 8
Asparagus setaceus; Asparagus Fern; Height: 3m, growing at a medium rate. Hardiness: 9-11. Light: full sun. Water preference: moist.; Common asparagus fern, Plumosa Fern; uncategorised; 9
Aspidosperma album; Guatambu; Height: 25m, growing at a medium rate. Hardiness: 10-12. Light: full sun. Water preference: moist.; ; uncategorised; 10
Aspidosperma eburneum; Eburneum; Height: 20m, growing at a medium rate. Hardiness: 10-12. Light: full sun. Water preference: moist.; ; uncategorised; 10
Aspidosperma polyneuron; Peroba Rosa; Height: 15m, growing slowly. Hardiness: 10-12. Light: semi-shade or full sun. Water preference: moist.; ; uncategorised; 10
Astragalus gummifer; Tragacanth; Height: 0.3m. Hardiness: 7-10. Light: full sun. Water preference: unknown moisture.; Gum tragacanth milkvetch; uncategorised; 7
Astragalus massiliensis; ; Height: 0.3m. Hardiness: 5-9. Light: full sun. Water preference: unknown moisture.; ; Food forest; 5
Astragalus sirinicus; ; Height: 0.3m. Hardiness: 8-11. Light: full sun. Water preference: unknown moisture.; ; uncategorised; 8
Astrocaryum vulgare; Tucuma. Awarra palm; Height: 15m, growing at a medium rate. Hardiness: 10-12. Light: full sun. Water preference: moist.; Tucum palm.; Food forest; 10
Astroloma humifusum; Cranberry Heath; Height: 0.1m. Hardiness: 7-10. Light: full sun. Water preference: dry - moist.; ; Food forest; 7
Astroloma pinifolium; Pine Heath; Height: 1m. Hardiness: 7-10. Light: full sun. Water preference: dry - moist.; ; Food forest; 7
Astronium balansae; Astronium; Height: 15m. Hardiness: 10-12. Light: full sun. Water preference: moist.; ; uncategorised; 10
Astronium urundeuva; Urunday; Height: 10m, growing at a medium rate. Hardiness: 10-12. Light: full sun. Water preference: dry - moist.; ; uncategorised; 10
Ateleia glazioveana; TIMBO; Height: 13m, growing fast. Hardiness: 10-12. Light: full sun. Water preference: moist.; ; uncategorised; 10
Atherosperma moschatum; Black Sassafras; Height: 30m. Hardiness: 8-11. Light: semi-shade or full sun. Water preference: moist.; ; uncategorised; 8
Athrotaxis selaginoides; King William Pine; Height: 30m, growing slowly. Hardiness: 7-10. Light: semi-shade or full sun. Water preference: moist.; ; uncategorised; 7
Atraphaxis spinosa; ; Height: 0.6m. Hardiness: 5-9. Light: full sun. Water preference: moist.; ; uncategorised; 5
Atriplex canescens; Grey Sage Brush; Height: 1.8m. Hardiness: 6-9. Light: full sun. Water preference: dry - moist.; Fourwing saltbush; Food forest; 6
Atriplex confertifolia; Shadscale; Height: 1.8m. Hardiness: 6-9. Light: full sun. Water preference: dry - moist.; Shadscale saltbush; Food forest; 6
Atriplex halimus; Sea Orach; Height: 2m, growing at a medium rate. Hardiness: 7-10. Light: full sun. Water preference: dry - moist.; Saltbush; Food forest; 7
Atriplex lentiformis; Quail Bush; Height: 3m. Hardiness: 7-10. Light: full sun. Water preference: dry - moist.; Big saltbush, Quailbush,; Food forest; 7
Atriplex nummularia; Giant Saltbush; Height: 3.5m. Hardiness: 7-10. Light: full sun. Water preference: dry - moist.; Bluegreen saltbush; Food forest; 7
Atriplex nuttallii; Nuttall's Saltbush; Height: 0.9m. Hardiness: 5-9. Light: full sun. Water preference: dry - moist.; ; Food forest; 5
Atriplex semibaccata; Australian Saltbush. Australian saltbush; Height: 0.5m, growing fast. Hardiness: 9-11. Light: full sun. Water preference: dry - moist.; Creeping saltbush; uncategorised; 9
Attalea butyracea; Wine Palm; Height: 20m, growing at a medium rate. Hardiness: 10-12. Light: full sun. Water preference: dry - moist.; ; Food forest; 10
Attalea colenda; Palma real; Height: 25m, growing at a medium rate. Hardiness: 10-12. Light: full sun. Water preference: moist.; Chivila; Food forest; 10
Attalea funifera; Bahia Piassava; Height: 15m, growing at a medium rate. Hardiness: 10-12. Light: full sun. Water preference: dry - moist.; Conquilla Nut, Piassaba Palm; uncategorised; 10
Attalea maripa; Inaja; Height: 15m, growing at a medium rate. Hardiness: 10-12. Light: semi-shade or full sun. Water preference: moist.; Maripa Palm; Food forest; 10
Attalea speciosa; Babassu; Height: 30m, growing slowly. Hardiness: 10-12. Light: full sun. Water preference: moist.; American Oil Palm, Motacu, Motacuchi; Food forest; 10
Aucuba japonica; Spotted Laurel; Height: 3m, growing at a medium rate. Hardiness: 7-10. Light: full shade or semi-shade or full sun. Water preference: dry - moist.; Japanese laurel, Japanese Gold Dust Tree; uncategorised; 7
Averrhoa carambola; Carambola; Height: 8m, growing slowly. Hardiness: 10-12. Light: full sun. Water preference: moist.; Star Fruit; Food forest; 10
Azadirachta indica; Neem; Height: 15m, growing fast. Hardiness: 10-12. Light: semi-shade or full sun. Water preference: dry - moist.; ; uncategorised; 10
Azorina vidalii; ; Height: 0.3m. Hardiness: 8-11. Light: full sun. Water preference: dry - moist.; ; Food forest; 8
Balanites aegyptiaca; Desert Date. Desert date; Height: 6m, growing slowly. Hardiness: 10-12. Light: full sun. Water preference: unknown moisture.; Soapberry tree; Food forest; 10
Bambusa atra; Clumping Bamboo. Long pipe bamboo.; Height: 8m, growing fast. Hardiness: 10-12. Light: full sun. Water preference: unknown moisture.; ; uncategorised; 10
Bambusa bambos; Giant Thorny Bamboo; Height: 30m, growing fast. Hardiness: 10-12. Light: semi-shade or full sun. Water preference: moist.; ; Food forest; 10
Bambusa nutans; Nodding Bamboo; Height: 12m, growing fast. Hardiness: 9-10. Light: semi-shade or full sun. Water preference: moist.; Mai bong; uncategorised; 9
Bambusa polymorpha; Burmese bamboo; Height: 12m, growing fast. Hardiness: 9-12. Light: semi-shade or full sun. Water preference: moist.; Jama Betua; uncategorised; 9
Bambusa vulgaris; Common Bamboo; Height: 20m, growing fast. Hardiness: 9-12. Light: semi-shade or full sun. Water preference: moist.; ; Food forest; 9
Blighia sapida; Akee; Height: 20m, growing fast. Hardiness: 10-12. Light: full sun. Water preference: moist.; ackee apple or ayee; Food forest; 10
Borojoa patinoi; Borojo; Height: 8m, growing at a medium rate. Hardiness: 10-12. Light: full shade or semi-shade. Water preference: moist.; ; Food forest; 10
Brosimum alicastrum; Breadnut. Maya nut; Height: 30m, growing at a medium rate. Hardiness: 10-12. Light: semi-shade or full sun. Water preference: moist.; ; Food forest; 10
Brosimum guianense; Bastard Breadnut; Height: 25m, growing fast. Hardiness: 10-12. Light: semi-shade or full sun. Water preference: dry - moist.; ; uncategorised; 10
Calliandra calothyrsus; Red Calliandra; Height: 6m, growing fast. Hardiness: 10-12. Light: semi-shade or full sun. Water preference: moist.; Powderpuff, Kaliandra; uncategorised; 10
Calotropis gigantea; Giant Milkweed; Height: 5m, growing fast. Hardiness: 10-12. Light: full sun. Water preference: dry - moist.; Crown Flower, Giant Calotrope, Swallow-wort; uncategorised; 10
Calotropis procera; Auricula Tree; Height: 4m, growing at a medium rate. Hardiness: 8-11. Light: semi-shade or full sun. Water preference: dry - moist.; Dead Sea Apple, Sodom Apple; uncategorised; 8
Caragana gerardiana; ; Height: 1m. Hardiness: 4-8. Light: full sun. Water preference: moist.; ; uncategorised; 4
Caragana microphylla; Littleleaf Peashrub; Height: 2m, growing fast. Hardiness: 4-9. Light: full sun. Water preference: moist.; ; uncategorised; 4
Carapa guianensis; Andiroba; Height: 35m, growing fast. Hardiness: 10-12. Light: full shade or semi-shade or full sun. Water preference: unknown moisture.; ; uncategorised; 10
Caryocar brasiliense; Pequi; Height: 10m, growing slowly. Hardiness: 10-12. Light: full sun. Water preference: dry - moist.; Souari nut; Food forest; 10
Cassiope tetragona; White Arctic Mountain Heather; Height: 0.3m. Hardiness: 3-7. Light: semi-shade. Water preference: dry - moist.; ; uncategorised; 3
Casuarina torulosa; Forest Oak; Height: 15m. Hardiness: 8-11. Light: full sun. Water preference: dry - moist.; ; uncategorised; 8
Cecropia peltata; Trumpet Tree; Height: 20m, growing fast. Hardiness: 9-12. Light: full sun. Water preference: moist.; Snakewood, Congo pump, Wild pawpaw, Pop-a-gun; Food forest; 9
Chamaedaphne calyculata; Leather Leaf; Height: 0.8m. Hardiness: 6-9. Light: semi-shade or full sun. Water preference: moist.; ; uncategorised; 6
Chimonobambusa marmorea; Kan-Chiku; Height: 1.5m, growing fast. Hardiness: 5-9. Light: semi-shade or full sun. Water preference: moist.; ; uncategorised; 5
Chimonobambusa quadrangularis; Square Bamboo; Height: 3m. Hardiness: 5-9. Light: semi-shade. Water preference: moist.; ; uncategorised; 5
Combretum imberbe; Leadwood Tree; Height: 10m, growing slowly. Hardiness: 10-12. Light: full sun. Water preference: moist.; Ivory tree; uncategorised; 10
Copernicia prunifera; Brazilian Wax Palm; Height: 12m, growing slowly. Hardiness: 10-12. Light: full sun. Water preference: moist.; Carnauba Palm, Carnauba Wax; Food forest; 10
Croton tiglium; Croton Oil Plant. Croton; Height: 7m, growing at a medium rate. Hardiness: 10-12. Light: full sun. Water preference: dry - moist.; Purging croton.; uncategorised; 10
Dactyladenia barteri; Monkey Fruit; Height: 10m, growing at a medium rate. Hardiness: 10-12. Light: full sun. Water preference: moist.; ; uncategorised; 10
Dalbergia melanoxylon; African Blackwood; Height: 6m, growing slowly. Hardiness: 10-12. Light: full sun. Water preference: dry - moist.; Grenadilla, Mpingo; uncategorised; 10
Dalbergia nigra; Brazilian Rosewood; Height: 20m, growing at a medium rate. Hardiness: 10-12. Light: full sun. Water preference: dry - moist.; ; uncategorised; 10
Dalbergia retusa; Cocobolo; Height: 20m, growing slowly. Hardiness: 10-12. Light: full sun. Water preference: moist.; ; uncategorised; 10
Dendrocalamus asper; Giant Bamboo; Height: 15m, growing fast. Hardiness: 10-12. Light: full sun. Water preference: moist.; Dragon bamboo, Sweet bamboo; Food forest; 10
Dendrocalamus brandesii; Velvet Leaf Bamboo; Height: 25m, growing fast. Hardiness: 9-10. Light: full sun. Water preference: moist.; Clumping Bamboo; Food forest; 9
Dendrocalamus strictus; Male Bamboo. Calcutta Stricta or Bamboo; Height: 15m, growing fast. Hardiness: 9-12. Light: semi-shade or full sun. Water preference: dry - moist.; ; Food forest; 9
Dictyosperma album; Hurricane Palm; Height: 15m, growing fast. Hardiness: 10-12. Light: semi-shade or full sun. Water preference: moist.; Princess Palm, Red Palm; Food forest; 10
Dipterocarpus gracilis; Tagalog: Panao; Height: 50m, growing at a medium rate. Hardiness: 10-12. Light: semi-shade or full sun. Water preference: moist.; ; uncategorised; 10
Dovyalis abyssinica; Abyssinian Gooseberry; Height: 6m, growing at a medium rate. Hardiness: 10-12. Light: full sun. Water preference: moist.; ; Food forest; 10
Drepanostachyum falcatum; Ringal; Height: 3.5m, growing slowly. Hardiness: 7-10. Light: semi-shade. Water preference: moist.; ; uncategorised; 7
Dyera costulata; Hill Jelutong; Height: 50m, growing at a medium rate. Hardiness: 10-12. Light: full sun. Water preference: moist.; ; uncategorised; 10
Dysoxylum acutangulum; Membalo; Height: 40m, growing slowly. Hardiness: 10-12. Light: full sun. Water preference: moist.; ; uncategorised; 10
Dysoxylum fraserianum; Australian rosewood; Height: 30m, growing slowly. Hardiness: 10-12. Light: full sun. Water preference: moist.; rose-mahogany, rosewood, turnipwood.; uncategorised; 10
Elaeis oleifera; American Oil Palm; Height: 4m, growing slowly. Hardiness: 10-12. Light: full sun. Water preference: moist.; ; Food forest; 10
Eleutherococcus divaricatus; ; Height: 3.5m. Hardiness: 5-9. Light: semi-shade or full sun. Water preference: moist.; ; uncategorised; 5
Eleutherococcus gracylistylus; Wu Jia Pi; Height: 3m. Hardiness: 5-9. Light: semi-shade or full sun. Water preference: moist.; ; uncategorised; 5
Eleutherococcus innovans; Taka-No-Tsume; Height: 6m. Hardiness: 6-9. Light: full sun. Water preference: moist.; ; uncategorised; 6
Eleutherococcus senticosus; Siberian Ginseng; Height: 2m, growing slowly. Hardiness: 3-7. Light: semi-shade or full sun. Water preference: moist.; ; uncategorised; 3
Eleutherococcus sessiliflorus; ; Height: 4.5m. Hardiness: 4-8. Light: semi-shade or full sun. Water preference: moist.; ; uncategorised; 4
Eleutherococcus sieboldianus; Ukogi; Height: 3m, growing slowly. Hardiness: 4-8. Light: semi-shade or full sun. Water preference: moist.; Five Leafed Aralia; Food forest; 4
Eleutherococcus trifoliatus; ; Height: 6m. Hardiness: 6-9. Light: semi-shade or full sun. Water preference: moist.; ; uncategorised; 6
Entada phaseoloides; St. Thomas Bean; Height: 30m, growing fast. Hardiness: 10-12. Light: semi-shade or full sun. Water preference: moist.; ; Food forest; 10
Enterolobium cyclocarpum; Devil's Ear. Earpod tree; Height: 30m, growing fast. Hardiness: 10-12. Light: full sun. Water preference: moist.; ; uncategorised; 10
Euphorbia tirucalli; African Milkbush; Height: 5m, growing slowly. Hardiness: 9-12. Light: semi-shade or full sun. Water preference: dry - moist.; Pencil Cactus, Milk Bush; uncategorised; 9
Faidherbia albida; White Acacia. White-thorn. Apple ring acacia; Height: 25m, growing fast. Hardiness: 10-12. Light: full sun. Water preference: dry - moist.; ; uncategorised; 10
Falcataria moluccana; Batai; Height: 35m, growing fast. Hardiness: 10-12. Light: full sun. Water preference: moist.; ; uncategorised; 10
Fargesia nitida; Fountain Bamboo; Height: 4m, growing slowly. Hardiness: 4-8. Light: full shade or semi-shade or full sun. Water preference: moist.; ; uncategorised; 4
Forestiera acuminata; Swamp Privet; Height: 3m. Hardiness: 0-0. Light: semi-shade or full sun. Water preference: moist.; Eastern swampprivet; uncategorised; 0
Gaultheria adenothrix; ; Height: 0.3m. Hardiness: 8-11. Light: full shade or semi-shade. Water preference: moist.; ; Food forest; 8
Gaultheria mucronata; Prickly heath; Height: 1.5m. Hardiness: 5-9. Light: semi-shade or full sun. Water preference: moist.; ; Food forest; 5
Gaultheria pumila; ; Height: 0.1m, growing slowly. Hardiness: 6-9. Light: semi-shade or full sun. Water preference: moist.; ; uncategorised; 6
Gaultheria pumila leucocarpa; ; Height: 0.2m. Hardiness: 6-9. Light: semi-shade or full sun. Water preference: moist.; ; uncategorised; 6
Gigantochloa levis; Bulo semilang; Height: 15m, growing fast. Hardiness: 9-10. Light: semi-shade or full sun. Water preference: moist.; Buloh seremai, Bolo; Food forest; 9
Gigantochloa verticillata; Whorled bamboo; Height: 15m, growing fast. Hardiness: 10-12. Light: full sun. Water preference: moist.; Giant stripy bamboo; Food forest; 10
Guadua angustifolia; Clumping Bamboo. Guadua; Height: 25m, growing fast. Hardiness: 10-12. Light: semi-shade or full sun. Water preference: moist.; ; uncategorised; 10
Gymnema sylvestre; Gurmar; Height: 3m, growing at a medium rate. Hardiness: 10-12. Light: full sun. Water preference: moist.; Gymnema; Food forest; 10
Hibiscus syriacus; Rose Of Sharon; Height: 3m, growing at a medium rate. Hardiness: 5-9. Light: semi-shade or full sun. Water preference: moist.; Althaea, Shrub Althea, Hardy Hibiscus; Food forest; 5
Himalayacalamus falconeri; ; Height: 6m, growing slowly. Hardiness: 7-10. Light: semi-shade or full sun. Water preference: moist.; ; Food forest; 7
Himalayacalamus hookerianus; Padang; Height: 9m, growing fast. Hardiness: 7-10. Light: semi-shade or full sun. Water preference: moist.; ; uncategorised; 7
Hypericum hypericoides; St. Andrews Cross; Height: 1.2m. Hardiness: 5-9. Light: semi-shade or full sun. Water preference: dry - moist.; ; uncategorised; 5
Ilex aquifolium; Holly; Height: 9m, growing slowly. Hardiness: 5-9. Light: full shade or semi-shade or full sun. Water preference: dry - moist.; English holl, Christmas Holly, Common Holly, English Holly; uncategorised; 5
Indigofera tinctoria; Indigo; Height: 2m, growing fast. Hardiness: 5-12. Light: semi-shade or full sun. Water preference: moist.; True Indigo, dye indigo; uncategorised; 5
Inocarpus fagifer; Tahiti Chestnut; Height: 20m, growing at a medium rate. Hardiness: 10-12. Light: full shade or semi-shade or full sun. Water preference: unknown moisture.; Polynesian Chestnut; Food forest; 10
Intsia bijuga; Moluccan Ironwood; Height: 25m, growing slowly. Hardiness: 11-12. Light: semi-shade or full sun. Water preference: dry - moist.; Ipil; uncategorised; 11
Intsia palembanica; Borneo Teak; Height: 80m, growing slowly. Hardiness: 10-12. Light: full sun. Water preference: dry - moist.; Merbau; uncategorised; 10
Juniperus drupacea; Syrian Juniper; Height: 15m, growing at a medium rate. Hardiness: 6-9. Light: full sun. Water preference: dry - moist.; ; Food forest; 6
Lansium domesticum; Langsat; Height: 15m, growing slowly. Hardiness: 11-12. Light: semi-shade or full sun. Water preference: moist.; Lansa, Lanzon; Food forest; 11
Lawsonia inermis; Henna; Height: 7m, growing fast. Hardiness: 10-12. Light: full sun. Water preference: dry - moist.; Mignonette Tree; uncategorised; 10
Leucaena diversifiolia; Ipil-ipil; Height: 15m, growing fast. Hardiness: 10-12. Light: semi-shade or full sun. Water preference: moist.; ; uncategorised; 10
Leucaena leucocephala; Leucaena; Height: 10m, growing fast. Hardiness: 9-12. Light: full sun. Water preference: dry - moist.; Lead Tree, White Tamarind; Food forest; 9
Lyonia ovalifolia; ; Height: 2m. Hardiness: 5-9. Light: semi-shade or full sun. Water preference: moist.; ; uncategorised; 5
Magnolia dodecapetala; Bwapen mawon; Height: 35m, growing slowly. Hardiness: 10-12. Light: full sun. Water preference: moist.; ; uncategorised; 10
Manilkara bidentata; Balata; Height: 30m, growing at a medium rate. Hardiness: 10-12. Light: semi-shade or full sun. Water preference: unknown moisture.; bulletwood, bully tree; uncategorised; 10
Manilkara zapota; Sapodilla; Height: 25m, growing slowly. Hardiness: 10-12. Light: full sun. Water preference: dry - moist.; Nispero; Food forest; 10
Mansonia altissima; Mansonia; Height: 35m, growing fast. Hardiness: 10-12. Light: full sun. Water preference: dry - moist.; ; uncategorised; 10
Mezilaurus itauba; Itauba; Height: 30m, growing at a medium rate. Hardiness: 10-12. Light: semi-shade or full sun. Water preference: moist.; ; uncategorised; 10
Myrcianthes pungens; Guabiyu; Height: 15m, growing slowly. Hardiness: 10-12. Light: semi-shade or full sun. Water preference: moist.; ; Food forest; 10
Neolamarckia cadamba; Amboina; Height: 45m, growing fast. Hardiness: 10-12. Light: semi-shade or full sun. Water preference: unknown moisture.; Kadam; uncategorised; 10
Ocotea cymosa; Varongy; Height: 20m, growing at a medium rate. Hardiness: 10-12. Light: full shade or semi-shade or full sun. Water preference: moist.; ; uncategorised; 10
Ongokea gore; Boleko Nut; Height: 30m, growing at a medium rate. Hardiness: 10-12. Light: semi-shade or full sun. Water preference: dry - moist.; ; uncategorised; 10
Paederia foetida; Skunk Vine; Height: 4m, growing fast. Hardiness: 6-12. Light: semi-shade or full sun. Water preference: moist.; ; uncategorised; 6
Parthenocissus himalayana; ; Height: 18m, growing fast. Hardiness: 8-11. Light: semi-shade or full sun. Water preference: moist.; ; uncategorised; 8
Parthenocissus quinquefolia; Virginia Creeper; Height: 30m, growing fast. Hardiness: 3-10. Light: semi-shade or full sun. Water preference: moist.; Woodbine; uncategorised; 3
Parthenocissus tricuspidata; Boston Ivy; Height: 18m, growing fast. Hardiness: 4-8. Light: semi-shade or full sun. Water preference: moist.; Japanese Ivy, Japanese Creeper; uncategorised; 4
Payena leeri; Balam suntei tree; Height: 30m, growing at a medium rate. Hardiness: 10-12. Light: full sun. Water preference: moist.; Getah sundek; uncategorised; 10
Pericopsis angolensis; East African afrormosia; Height: 15m, growing fast. Hardiness: 10-12. Light: full sun. Water preference: moist.; ; uncategorised; 10
Pericopsis elata; African-teak; Height: 40m, growing fast. Hardiness: 10-12. Light: full sun. Water preference: dry - moist.; golden afrormosia, kokrodua; uncategorised; 10
Piptadenia gonoacantha; Pau jacaré - alligator stick; Height: 15m, growing fast. Hardiness: 10-12. Light: full sun. Water preference: dry - moist.; ; uncategorised; 10
Pithecellobium dulce; Manila Tamarind; Height: 15m, growing fast. Hardiness: 10-12. Light: full sun. Water preference: dry - moist.; Madras Thorn; Food forest; 10
Planchonella australis; Black Apple; Height: 0m. Hardiness: 11-12. Light: semi-shade or full sun. Water preference: moist.; ; Food forest; 11
Platonia insignis; Bakuri; Height: 25m, growing fast. Hardiness: 10-12. Light: full sun. Water preference: unknown moisture.; Bacuri; Food forest; 10
Pleioblastus gramineus; ; Height: 3m. Hardiness: 6-9. Light: semi-shade. Water preference: moist.; ; uncategorised; 6
Pleioblastus hindsii; Hinds' cane-bamboo; Height: 3.5m, growing at a medium rate. Hardiness: 6-9. Light: full shade or semi-shade. Water preference: moist.; ; Food forest; 6
Pleioblastus humilis; ; Height: 2m. Hardiness: 6-9. Light: semi-shade. Water preference: moist.; ; uncategorised; 6
Pleioblastus humilis pumilus; ; Height: 1m. Hardiness: 6-9. Light: semi-shade. Water preference: moist.; ; uncategorised; 6
Pleioblastus pygmaeus; Dwarf Fern-Leaf Bamboo; Height: 0.3m, growing fast. Hardiness: 7-10. Light: semi-shade or full sun. Water preference: moist.; Pigmy Bamboo; uncategorised; 7
Pleioblastus simonii; Medake; Height: 4.5m, growing fast. Hardiness: 5-9. Light: semi-shade or full sun. Water preference: moist.; Simon bamboo; Food forest; 5
Pleioblastus variegatus; Dwarf White-Striped Bamboo; Height: 0.8m, growing fast. Hardiness: 7-10. Light: semi-shade or full sun. Water preference: moist.; Chigo Zasa, Dwarf White Stripe Bamboo; uncategorised; 7
Polyscias fruticosa; Ming Aralia; Height: 2.5m, growing slowly. Hardiness: 10-12. Light: semi-shade or full sun. Water preference: moist.; Chinese Ariala; uncategorised; 10
Poncirus trifoliata; Bitter Orange; Height: 3m, growing slowly. Hardiness: 6-9. Light: semi-shade or full sun. Water preference: moist.; Hardy orange, Trifoliat Orange, Japanese Hardy Orange; Food forest; 6
Pouteria altissima; Abam; Height: 35m, growing at a medium rate. Hardiness: 10-12. Light: full sun. Water preference: dry - moist.; Apotro, Gomu; uncategorised; 10
Pouteria caimito; Abiu; Height: 15m, growing at a medium rate. Hardiness: 10-12. Light: semi-shade or full sun. Water preference: unknown moisture.; Yellow Star Apple; Food forest; 10
Pouteria pierrei; Aningeria; Height: 30m, growing at a medium rate. Hardiness: 10-12. Light: full sun. Water preference: moist.; ; uncategorised; 10
Pouteria sapota; Sapote; Height: 25m, growing at a medium rate. Hardiness: 10-12. Light: full sun. Water preference: moist.; Mamey Sapote; Food forest; 10
Prosopis chilensis; Chilean algarrobo; Height: 12m, growing at a medium rate. Hardiness: 10-12. Light: full sun. Water preference: dry - moist.; Chilean mesquite; uncategorised; 10
Prosopis juliflora; Mesquite; Height: 10m, growing fast. Hardiness: 7-12. Light: full sun. Water preference: dry - moist.; Honey Mesquite; Food forest; 7
Prosopis pallida; Algaroba; Height: 12m, growing fast. Hardiness: 10-12. Light: full sun. Water preference: dry - moist.; ; uncategorised; 10
Prunus armeniaca; Apricot; Height: 9m, growing at a medium rate. Hardiness: 5-7. Light: semi-shade or full sun. Water preference: moist.; ; Food forest; 5
Prunus davidiana; Chinese Wild Peach; Height: 9m. Hardiness: 4-8. Light: semi-shade or full sun. Water preference: moist.; ; uncategorised; 4
Prunus fasciculata; Desert Almond; Height: 3m. Hardiness: 6-9. Light: semi-shade or full sun. Water preference: dry - moist.; ; uncategorised; 6
Prunus fenzliana; ; Height: 1.5m. Hardiness: 4-8. Light: semi-shade or full sun. Water preference: moist.; ; uncategorised; 4
Prunus kansuensis; ; Height: 6m. Hardiness: 4-8. Light: semi-shade or full sun. Water preference: moist.; ; uncategorised; 4
Prunus mandshurica; Manchurian Apricot; Height: 15m. Hardiness: 0-0. Light: semi-shade or full sun. Water preference: moist.; ; Food forest; 0
Prunus mira; Smoothpit Peach; Height: 10m. Hardiness: 4-8. Light: semi-shade or full sun. Water preference: moist.; ; uncategorised; 4
Prunus mume; Japanese Apricot; Height: 9m, growing at a medium rate. Hardiness: 6-8. Light: semi-shade or full sun. Water preference: moist.; Japanese Flowering, Apricot; Food forest; 6
Prunus pedunculata; ; Height: 2m. Hardiness: 4-8. Light: semi-shade or full sun. Water preference: moist.; ; uncategorised; 4
Prunus persica; Peach; Height: 6m, growing fast. Hardiness: 5-9. Light: full sun. Water preference: moist.; Flowering Peach, Ornamental Peach, Common Peach; Food forest; 5
Prunus sibirica; Siberian Apricot; Height: 3m. Hardiness: 4-8. Light: semi-shade or full sun. Water preference: moist.; ; Food forest; 4
Prunus tangutica; ; Height: 3m. Hardiness: 4-8. Light: semi-shade or full sun. Water preference: moist.; ; uncategorised; 4
Prunus triloba; Flowering Almond; Height: 4m. Hardiness: 4-8. Light: full sun. Water preference: moist.; Flowering plum; uncategorised; 4
Prunus x dasycarpa; Black Apricot; Height: 4.5m. Hardiness: 4-8. Light: full sun. Water preference: moist.; ; Food forest; 4
Prunus x jacquemontii; Dwarf Bush cherry; Height: 1.5m, growing at a medium rate. Hardiness: 3-8. Light: full sun. Water preference: moist.; ; Food forest; 3
Pseudosasa amabilis; Tonkin Bamboo; Height: 6m. Hardiness: 5-9. Light: full shade or semi-shade or full sun. Water preference: moist.; ; uncategorised; 5
Pseudosasa japonica; Metake - Bamboo; Height: 4.5m. Hardiness: 5-9. Light: full shade or semi-shade or full sun. Water preference: unknown moisture.; ; uncategorised; 5
Pterodon emarginatus; Faveiro; Height: 12m, growing at a medium rate. Hardiness: 10-12. Light: full sun. Water preference: dry - moist.; sucupira, sucupira-branca; uncategorised; 10
Reutealis trisperma; Otaheite Walnut; Height: 12m, growing fast. Hardiness: 9-12. Light: full sun. Water preference: moist.; Lumbang Tree; uncategorised; 9
Rhododendron periclymenoides; Pink azalea; Height: 2m, growing at a medium rate. Hardiness: 4-8. Light: full shade or semi-shade or full sun. Water preference: dry - moist.; Pinxter flower; uncategorised; 4
Samanea saman; Rain Tree; Height: 20m, growing fast. Hardiness: 10-12. Light: semi-shade or full sun. Water preference: unknown moisture.; False Powder Puff, Monkey Pod; Food forest; 10
Sasa kurilensis; Chishima Zasa; Height: 2.5m. Hardiness: 6-9. Light: semi-shade. Water preference: moist.; ; Food forest; 6
Sasa palmata; Broadleaf Bamboo; Height: 2.5m, growing fast. Hardiness: 7-9. Light: semi-shade. Water preference: moist.; Bamboo; uncategorised; 7
Sasaella ramosa; Azuma-Zasa; Height: 1m, growing fast. Hardiness: 6-9. Light: semi-shade or full sun. Water preference: moist.; ; uncategorised; 6
Semecarpus anacardium; Marking Nut Tree. Oriental Cashew; Height: 25m, growing at a medium rate. Hardiness: 10-12. Light: full sun. Water preference: dry - moist.; ; uncategorised; 10
Semiarundinaria fastuosa; Narihiradake; Height: 7.5m, growing slowly. Hardiness: 6-9. Light: semi-shade or full sun. Water preference: moist.; Narihira bamboo; Food forest; 6
Semiarundinaria murielae; Umbrella Bamboo; Height: 4m, growing slowly. Hardiness: 6-9. Light: semi-shade or full sun. Water preference: moist.; ; uncategorised; 6
Senegalia senegal; Gum Arabic; Height: 6m, growing slowly. Hardiness: 10-12. Light: full sun. Water preference: dry - moist.; ; Food forest; 10
Sesbania grandiflora; Vegetable Hummingbird; Height: 12m, growing fast. Hardiness: 9-12. Light: full sun. Water preference: unknown moisture.; Agati,; Food forest; 9
Sesbania sesban; Sesban; Height: 5m, growing fast. Hardiness: 10-12. Light: full sun. Water preference: unknown moisture.; ; uncategorised; 10
Sorbus aria; Whitebeam; Height: 12m. Hardiness: 4-8. Light: semi-shade or full sun. Water preference: moist.; Chess-apple; Food forest; 4
Tetrapanax papyrifer; Rice Paper Plant; Height: 5m, growing fast. Hardiness: 8-11. Light: semi-shade or full sun. Water preference: moist.; Chinese Rice Paper Plant; uncategorised; 8
Thamnocalamus spathiflorus; ; Height: 6m. Hardiness: 5-9. Light: semi-shade or full sun. Water preference: moist.; ; uncategorised; 5
Thespesia populnea; Portia Tree; Height: 10m, growing fast. Hardiness: 10-12. Light: full sun. Water preference: dry - moist.; Aden Apple, Indian Tulip Tree; Food forest; 10
Toona sinensis; Chinese Cedar; Height: 20m, growing fast. Hardiness: 6-11. Light: full sun. Water preference: moist.; ; Food forest; 6
Treculia africana; African Breadfruit or Breadnut; Height: 30m, growing at a medium rate. Hardiness: 10-12. Light: semi-shade or full sun. Water preference: moist.; ; Food forest; 10
Tsuga canadensis; Canadian Hemlock; Height: 20m, growing at a medium rate. Hardiness: 4-7. Light: full shade or semi-shade or full sun. Water preference: moist.; Eastern hemlock; uncategorised; 4
Tsuga chinensis; Chinese Hemlock; Height: 45m, growing slowly. Hardiness: 5-9. Light: full shade or semi-shade or full sun. Water preference: moist.; ; uncategorised; 5
Vaccinium bracteatum; Sea Bilberry; Height: 1m. Hardiness: 6-9. Light: semi-shade or full sun. Water preference: moist.; ; uncategorised; 6
Vachellia karroo; Cape Thorn Tree; Height: 10m, growing at a medium rate. Hardiness: 10-12. Light: full sun. Water preference: unknown moisture.; ; uncategorised; 10
Vachellia nilotica; Gum Arabic Tree; Height: 10m, growing fast. Hardiness: 10-12. Light: full sun. Water preference: moist.; ; uncategorised; 10
Vachellia seyal; Shittim Wood; Height: 10m, growing fast. Hardiness: 10-12. Light: full sun. Water preference: dry - moist.; ; uncategorised; 10
Vachellia tortilis; Umbrella Thorn; Height: 15m, growing fast. Hardiness: 10-12. Light: full sun. Water preference: dry - moist.; ; uncategorised; 10
Vernicia fordii; Tung Tree; Height: 7m, growing at a medium rate. Hardiness: 8-11. Light: semi-shade. Water preference: dry - moist.; Tung Nut; uncategorised; 8
Vernicia montana; Abrasin oil tree; Height: 12m, growing at a medium rate. Hardiness: 10-12. Light: full sun. Water preference: dry - moist.; ; uncategorised; 10
Vitex negundo; Huang Ping; Height: 3m, growing at a medium rate. Hardiness: 6-9. Light: full sun. Water preference: dry - moist.; Chinese chastetree, Cut Leaf Vitex, Cut-leaf Chastetree; uncategorised; 6
Vitex payos; Chocolate Berry; Height: 8m, growing at a medium rate. Hardiness: 10-12. Light: full sun. Water preference: dry - moist.; ; Food forest; 10
Vouacapoua americana; wacapou; Height: 25m, growing at a medium rate. Hardiness: 10-12. Light: semi-shade or full sun. Water preference: moist.; acapu; uncategorised; 10
Willughbeia coriacea; Heaven fruit; Height: 30m, growing fast. Hardiness: 10-12. Light: semi-shade or full sun. Water preference: unknown moisture.; Borneo rubber, Akar gerit-gerit besi; uncategorised; 10
Willughbeia edulis; Gedraphol; Height: 25m, growing fast. Hardiness: 10-12. Light: semi-shade or full sun. Water preference: moist.; Kuy; Food forest; 10
Yushania anceps; Ringal; Height: 4.5m. Hardiness: 8-11. Light: full shade or semi-shade or full sun. Water preference: moist.; ; uncategorised; 8
Yushania maling; ; Height: 3m. Hardiness: 8-11. Light: full shade or semi-shade or full sun. Water preference: moist.; ; uncategorised; 8
Baccharis halimifolia; Bush Groundsel; Height: 3.5m, growing at a medium rate. Hardiness: 4-8. Light: full sun. Water preference: dry - moist.; Eastern baccharis, High Tide Bush, Sea Myrtle, Salt Bush; uncategorised; 4
Baccharis patagonica; ; Height: 3m, growing slowly. Hardiness: 7-10. Light: full sun. Water preference: moist.; ; uncategorised; 7
Baccharis pilularis; Dwarf Chaparral Broom; Height: 0.5m, growing fast. Hardiness: 8-10. Light: full sun. Water preference: dry - moist.; Coyotebrush , Chaparral Broom; uncategorised; 8
Baccharis viminea; Mule's Fat; Height: 4m. Hardiness: 7-10. Light: full sun. Water preference: dry - moist.; ; uncategorised; 7
Baccharoides hymenolepis; Baccharoides; Height: 4m, growing fast. Hardiness: 10-12. Light: full sun. Water preference: moist.; ; Food forest; 10
Backhousia myrtifolia; Grey Myrtle; Height: 12m. Hardiness: 8-11. Light: full sun. Water preference: moist.; ; uncategorised; 8
Bactris gasipaes; Peach Palm; Height: 15m, growing fast. Hardiness: 11-12. Light: semi-shade or full sun. Water preference: moist.; Pupunha; Food forest; 11
Baeckea gunniana; ; Height: 1.5m. Hardiness: 8-11. Light: full sun. Water preference: moist.; ; uncategorised; 8
Baikiaea plurijuga; Rhodesian Teak; Height: 15m, growing slowly. Hardiness: 10-12. Light: semi-shade or full sun. Water preference: moist.; Zambesi Redwood; uncategorised; 10
Baillonella toxisperma; African Pearwood; Height: 50m, growing fast. Hardiness: 10-12. Light: semi-shade or full sun. Water preference: moist.; False Shea Butternut; Food forest; 10
Bambusa blumeana; Spiny Bamboo. Spiny bamboo; Height: 20m, growing fast. Hardiness: 10-12. Light: full sun. Water preference: moist.; Thorny bamboo; uncategorised; 10
Bambusa heterostachya; Malay Dwarf Green; Height: 8m, growing fast. Hardiness: 10-12. Light: semi-shade or full sun. Water preference: moist.; ; uncategorised; 10
Bambusa multiplex; Hedge Bamboo; Height: 4.5m, growing fast. Hardiness: 8-11. Light: semi-shade or full sun. Water preference: moist.; Chinese Goddess Bamboo; uncategorised; 8
Bambusa odashimae; Odashimae Bamboo; Height: 15m, growing fast. Hardiness: 9-12. Light: semi-shade or full sun. Water preference: moist.; ; Food forest; 9
Bambusa oldhamii; Ryoku-Chiku; Height: 6m. Hardiness: 9-12. Light: semi-shade or full sun. Water preference: moist.; Giant Timber Bamboo, Oldham's Bamboo; uncategorised; 9
Bambusa pervariabilis; Clumping Bamboo; Height: 8m, growing fast. Hardiness: 9-11. Light: semi-shade or full sun. Water preference: moist.; ; Food forest; 9
Bambusa textilis; Clumping Bamboo. Weaver's bamboo; Height: 8m, growing fast. Hardiness: 7-11. Light: semi-shade or full sun. Water preference: moist.; ; Food forest; 7
Bambusa tulda; Bengal Bamboo. Spineless Indian bamboo; Height: 15m, growing fast. Hardiness: 10-12. Light: semi-shade or full sun. Water preference: moist.; ; uncategorised; 10
Banisteriopsis caapi; Yage; Height: 30m. Hardiness: 10-12. Light: semi-shade or full sun. Water preference: moist.; Ayahuasca, Caapi; uncategorised; 10
Banksia integrifolia; Coast Banksia; Height: 9m. Hardiness: 8-11. Light: full sun. Water preference: moist.; ; uncategorised; 8
Banksia marginata; Silver Banksia; Height: 9m. Hardiness: 8-11. Light: full sun. Water preference: moist.; ; uncategorised; 8
Baphia nitida; Camwood; Height: 10m. Hardiness: 10-12. Light: full sun. Water preference: moist.; Baphia; uncategorised; 10
Barringtonia edulis; Vutu kana; Height: 12m, growing fast. Hardiness: 10-12. Light: semi-shade or full sun. Water preference: moist.; Cut nut; Food forest; 10
Barringtonia novae hiberniae; Pao Nut; Height: 10m, growing fast. Hardiness: 10-12. Light: full sun. Water preference: moist.; ; Food forest; 10
Barringtonia procera; Pao nuts; Height: 10m, growing at a medium rate. Hardiness: 10-12. Light: semi-shade or full sun. Water preference: moist.; Cut nut; Food forest; 10
Bauhinia forficata; Brazilian Orchid Tree; Height: 12m, growing fast. Hardiness: 10-12. Light: full sun. Water preference: moist.; ; uncategorised; 10
Bauhinia petersiana; White bauhinia; Height: 7m, growing fast. Hardiness: 9-12. Light: full sun. Water preference: dry - moist.; Zambezi coffee; Food forest; 9
Bauhinia purpurea; Orchid Tree; Height: 10m, growing fast. Hardiness: 9-12. Light: semi-shade or full sun. Water preference: moist.; Purple Butterfly Tree, Mountain Ebony, Geranium Tree, Purple Bauhinia; uncategorised; 9
Bauhinia thonningii; Camel's foot tree; Height: 5m, growing at a medium rate. Hardiness: 10-12. Light: full sun. Water preference: dry - moist.; monkey bread; Food forest; 10
Bauhinia vahlii; Malu Creeper; Height: 20m, growing fast. Hardiness: 7-11. Light: full sun. Water preference: moist.; Adda Leaf, Pahur Camel's Foot Creeper; uncategorised; 7
Bauhinia variegata; Mountain Ebony; Height: 12m. Hardiness: 8-11. Light: semi-shade or full sun. Water preference: unknown moisture.; ; uncategorised; 8
Berberidopsis corallina; Coral Plant; Height: 5m, growing at a medium rate. Hardiness: 7-10. Light: full shade or semi-shade. Water preference: moist.; ; uncategorised; 7
Berberis aggregata; Salmon Barberry; Height: 1.5m, growing at a medium rate. Hardiness: 5-9. Light: semi-shade or full sun. Water preference: dry - moist.; ; Food forest; 5
Berberis amurensis; ; Height: 3.5m. Hardiness: 5-9. Light: semi-shade or full sun. Water preference: dry - moist.; ; uncategorised; 5
Berberis angulosa; Large-Flowered Barberry; Height: 1m. Hardiness: 5-9. Light: semi-shade or full sun. Water preference: dry - moist.; ; Food forest; 5
Berberis aristata; Chitra; Height: 3.5m, growing at a medium rate. Hardiness: 5-9. Light: semi-shade or full sun. Water preference: dry - moist.; Indian Barberry or Tree Turmeric; Food forest; 5
Berberis asiatica; Chutro; Height: 3.5m, growing at a medium rate. Hardiness: 7-10. Light: full shade or semi-shade or full sun. Water preference: dry - moist.; Rasanjan (Nep); marpyashi (Newa); Daruharidra, Darbi (Sans); Food forest; 7
Berberis buxifolia; Magellan Barberry; Height: 2.5m. Hardiness: 4-8. Light: semi-shade or full sun. Water preference: dry - moist.; ; Food forest; 4
Berberis calliantha; ; Height: 0.7m. Hardiness: 6-9. Light: semi-shade or full sun. Water preference: dry - moist.; ; uncategorised; 6
Berberis canadensis; Allegheny Barberry; Height: 1.8m, growing at a medium rate. Hardiness: 4-8. Light: semi-shade or full sun. Water preference: dry - moist.; American barberry; Food forest; 4
Berberis capillaris; ; Height: 1m. Hardiness: 7-10. Light: semi-shade or full sun. Water preference: dry - moist.; ; uncategorised; 7
Berberis chinensis; ; Height: 0m. Hardiness: 5-9. Light: semi-shade or full sun. Water preference: moist.; ; uncategorised; 5
Berberis concinna; ; Height: 1m. Hardiness: 4-8. Light: semi-shade or full sun. Water preference: dry - moist.; ; uncategorised; 4
Berberis cooperi; ; Height: 1.5m. Hardiness: 4-8. Light: semi-shade or full sun. Water preference: moist.; ; Food forest; 4
Berberis darwinii; Darwin's Barberry; Height: 3m, growing at a medium rate. Hardiness: 7-9. Light: semi-shade or full sun. Water preference: moist.; Darwin's berberis; Food forest; 7
Berberis empetrifolia; ; Height: 0.3m. Hardiness: 6-9. Light: semi-shade or full sun. Water preference: dry - moist.; ; uncategorised; 6
Berberis everstiana; ; Height: 1.5m. Hardiness: 4-8. Light: semi-shade or full sun. Water preference: dry - moist.; ; uncategorised; 4
Berberis fendleri; Colorado Barberry; Height: 1.5m. Hardiness: 5-9. Light: semi-shade or full sun. Water preference: dry - moist.; ; uncategorised; 5
Berberis gagnepainii; ; Height: 2.4m. Hardiness: 4-8. Light: semi-shade or full sun. Water preference: dry - moist.; ; uncategorised; 4
Berberis georgii; Barberry; Height: 3m, growing at a medium rate. Hardiness: 3-7. Light: semi-shade or full sun. Water preference: dry - moist.; ; Food forest; 3
Berberis heterophylla; ; Height: 1.5m. Hardiness: 7-10. Light: semi-shade or full sun. Water preference: dry - moist.; ; uncategorised; 7
Berberis koreana; Korean Barberry; Height: 1.5m, growing at a medium rate. Hardiness: 3-7. Light: semi-shade or full sun. Water preference: dry - moist.; Barberry; uncategorised; 3
Berberis lycium; ; Height: 3m, growing at a medium rate. Hardiness: 5-9. Light: semi-shade or full sun. Water preference: dry - moist.; ; Food forest; 5
Berberis parisepala; ; Height: 3m. Hardiness: 5-9. Light: semi-shade or full sun. Water preference: dry - moist.; ; uncategorised; 5
Berberis rubrostilla; ; Height: 1.5m. Hardiness: 5-9. Light: semi-shade or full sun. Water preference: dry - moist.; ; Food forest; 5
Berberis sherriffii; ; Height: 2m. Hardiness: 5-9. Light: semi-shade or full sun. Water preference: dry - moist.; ; uncategorised; 5
Berberis sieboldii; ; Height: 1m. Hardiness: 4-8. Light: semi-shade or full sun. Water preference: dry - moist.; ; uncategorised; 4
Berberis sikkimensis; ; Height: 1.5m. Hardiness: 5-9. Light: semi-shade or full sun. Water preference: dry - moist.; ; uncategorised; 5
Berberis soulieana; ; Height: 1.5m. Hardiness: 5-9. Light: semi-shade or full sun. Water preference: dry - moist.; ; uncategorised; 5
Berberis thunbergii; Japanese Barberry; Height: 2m, growing at a medium rate. Hardiness: 4-8. Light: semi-shade or full sun. Water preference: dry - moist.; ; uncategorised; 4
Berberis ulcina; ; Height: 0.6m. Hardiness: 5-9. Light: semi-shade or full sun. Water preference: dry - moist.; ; uncategorised; 5
Berberis verruculosa; ; Height: 1.8m, growing slowly. Hardiness: 4-8. Light: semi-shade or full sun. Water preference: moist.; ; uncategorised; 4
Berberis vulgaris; European Barberry; Height: 3m, growing at a medium rate. Hardiness: 3-7. Light: semi-shade or full sun. Water preference: dry - moist.; Common barberry; Food forest; 3
Berberis wallichiana; ; Height: 3m. Hardiness: 5-9. Light: semi-shade or full sun. Water preference: moist.; ; uncategorised; 5
Berberis wilsoniae; Wilson barberry; Height: 1m. Hardiness: 6-9. Light: semi-shade or full sun. Water preference: dry - moist.; ; Food forest; 6
Berberis x carminea; ; Height: 2m, growing at a medium rate. Hardiness: 5-9. Light: semi-shade or full sun. Water preference: moist.; ; Food forest; 5
Berberis x lologensis; ; Height: 2.5m, growing at a medium rate. Hardiness: 5-9. Light: semi-shade or full sun. Water preference: moist.; ; Food forest; 5
Berberis x stenophylla; ; Height: 2.5m, growing at a medium rate. Hardiness: 4-8. Light: semi-shade or full sun. Water preference: moist.; ; Food forest; 4
Berchemia flavescens; ; Height: 5m. Hardiness: 4-8. Light: semi-shade or full sun. Water preference: moist.; ; uncategorised; 4
Berchemia lineata; ; Height: 4m. Hardiness: 7-10. Light: semi-shade or full sun. Water preference: moist.; ; uncategorised; 7
Berchemia racemosa; ; Height: 12m. Hardiness: 5-9. Light: semi-shade or full sun. Water preference: moist.; ; uncategorised; 5
Bertholletia excelsa; Brazil Nut; Height: 40m, growing at a medium rate. Hardiness: 10-12. Light: full sun. Water preference: moist.; ; Food forest; 10
Betula alleghaniensis; Yellow Birch; Height: 12m, growing fast. Hardiness: 3-7. Light: semi-shade or full sun. Water preference: moist.; Swamp Birch; Food forest; 3
Betula alnoides; ; Height: 40m, growing fast. Hardiness: 7-10. Light: semi-shade or full sun. Water preference: moist.; ; uncategorised; 7
Betula ermanii; Gold Birch; Height: 25m, growing fast. Hardiness: 3-7. Light: semi-shade or full sun. Water preference: moist.; ; uncategorised; 3
Betula glandulosa; Scrub Birch; Height: 2m. Hardiness: 0-0. Light: semi-shade or full sun. Water preference: moist.; ; uncategorised; 0
Betula kenaica; Kenai Birch; Height: 12m, growing fast. Hardiness: 0-0. Light: semi-shade or full sun. Water preference: moist.; ; Food forest; 0
Betula lenta; Cherry Birch; Height: 24m, growing fast. Hardiness: 3-7. Light: semi-shade or full sun. Water preference: moist.; Sweet birch, Black Birch, Cherry Birch; Food forest; 3
Betula nana; Dwarf Birch; Height: 0.3m. Hardiness: 0-0. Light: semi-shade or full sun. Water preference: moist.; ; uncategorised; 0
Betula nigra; River Birch; Height: 20m, growing fast. Hardiness: 3-9. Light: semi-shade or full sun. Water preference: moist.; Black Birch, Red Birch, Water Birch, River Birch; Food forest; 3
Betula occidentalis; Water Birch; Height: 9m, growing fast. Hardiness: 0-0. Light: semi-shade or full sun. Water preference: moist.; ; Food forest; 0
Betula papyrifera; Paper Birch; Height: 20m, growing fast. Hardiness: 0-0. Light: full sun. Water preference: dry - moist.; Mountain paper birch, Kenai birch; Food forest; 0
Betula pendula; Silver Birch; Height: 20m, growing fast. Hardiness: 2-6. Light: full sun. Water preference: dry - moist.; European white birch, Common Birch, Warty Birch, European White Birch; Food forest; 2
Betula platyphylla; White Birch; Height: 20m, growing fast. Hardiness: 3-6. Light: full sun. Water preference: dry - moist.; Asian white birch,; uncategorised; 3
Betula populifolia; Grey Birch; Height: 12m, growing fast. Hardiness: 3-6. Light: full sun. Water preference: dry - moist.; ; uncategorised; 3
Betula pubescens; White Birch; Height: 20m, growing fast. Hardiness: 2-9. Light: full sun. Water preference: unknown moisture.; Downy birch; Food forest; 2
Betula schmidtii; Schmidt's Birch; Height: 30m, growing fast. Hardiness: 4-8. Light: semi-shade or full sun. Water preference: moist.; ; uncategorised; 4
Betula utilis; Indian Paper Birch; Height: 20m, growing fast. Hardiness: 5-6. Light: semi-shade or full sun. Water preference: moist.; Whitebarked Himilayan Birch, Jacquemontii Birch; uncategorised; 5
Billardiera longiflora; Appleberry; Height: 2.4m, growing slowly. Hardiness: 7-10. Light: semi-shade or full sun. Water preference: moist.; ; uncategorised; 7
Billardiera scandens; Common Appleberry; Height: 3m. Hardiness: 7-10. Light: semi-shade or full sun. Water preference: moist.; ; uncategorised; 7
Bixa orellana; Annatto (Lipstick Plant; Height: 5m, growing fast. Hardiness: 10-12. Light: semi-shade or full sun. Water preference: moist.; Urucum, Colorau, Achiote ); Food forest; 10
Boenninghausenia albiflora; ; Height: 1m. Hardiness: 7-10. Light: full sun. Water preference: moist.; ; uncategorised; 7
Bombax ceiba; Red Silk Cotton Tree; Height: 25m, growing at a medium rate. Hardiness: 10-12. Light: full sun. Water preference: dry - moist.; Kapok Tree; uncategorised; 10
Borassus aethiopum; African Fan Palm; Height: 20m, growing slowly. Hardiness: 10-12. Light: full sun. Water preference: moist.; Palmyra Palm; Food forest; 10
Borassus akeassii; African Fan Palm; Height: 10m, growing slowly. Hardiness: 10-12. Light: full sun. Water preference: dry - moist.; ; Food forest; 10
Borassus flabellifer; Palmyra Palm; Height: 20m, growing at a medium rate. Hardiness: 10-12. Light: full sun. Water preference: dry - moist.; ; Food forest; 10
Boronia pinnata; Pinnate Boronia; Height: 2m. Hardiness: 8-11. Light: full sun. Water preference: dry - moist.; ; uncategorised; 8
Boscia senegalensis; Aizen; Height: 8m, growing at a medium rate. Hardiness: 10-12. Light: full shade or semi-shade or full sun. Water preference: moist.; Boscia; Food forest; 10
Bowdichia virgilioides; Alcornoco; Height: 20m, growing fast. Hardiness: 10-12. Light: full sun. Water preference: dry - moist.; ; uncategorised; 10
Brachychiton populneus; Kurrajong; Height: 18m, growing fast. Hardiness: 8-11. Light: full sun. Water preference: dry - moist.; Bottletree, Kurrajong; Food forest; 8
Brachyglottis Dunedin Hybrids; ; Height: 1.5m, growing slowly. Hardiness: 7-10. Light: full sun. Water preference: moist.; ; uncategorised; 7
Brachyglottis greyi; ; Height: 2m, growing slowly. Hardiness: 7-10. Light: full sun. Water preference: moist.; ; uncategorised; 7
Brachyglottis laxifolia; ; Height: 2m, growing slowly. Hardiness: 7-10. Light: full sun. Water preference: moist.; ; uncategorised; 7
Brachyglottis monroi; ; Height: 1.5m, growing slowly. Hardiness: 7-10. Light: full sun. Water preference: moist.; ; uncategorised; 7
Brachyglottis repanda; Bushman's Toilet Paper; Height: 6m, growing slowly. Hardiness: 8-11. Light: semi-shade or full sun. Water preference: moist.; ; uncategorised; 8
Brachyglottis rotundifolia; ; Height: 6m. Hardiness: 8-11. Light: full sun. Water preference: moist.; ; uncategorised; 8
Brachyloma ciliatum; Daphne Heath; Height: 0.4m, growing slowly. Hardiness: 8-11. Light: semi-shade or full sun. Water preference: moist.; ; uncategorised; 8
Brahea armata; Blue Hesper Palm; Height: 12m, growing slowly. Hardiness: 9-11. Light: full sun. Water preference: dry - moist.; Blue Fan Palm, Mexican Blue Palm; uncategorised; 9
Brahea dulcis; Apak Palm; Height: 7m, growing slowly. Hardiness: 8-11. Light: full sun. Water preference: dry - moist.; ; uncategorised; 8
Brahea edulis; Guadalupe Palm; Height: 12m, growing slowly. Hardiness: 9-11. Light: full sun. Water preference: dry - moist.; ; uncategorised; 9
Brosimum parinarioides; Leite de amapa; Height: 32m, growing at a medium rate. Hardiness: 10-12. Light: full sun. Water preference: moist.; Brosimum; Food forest; 10
Brosimum rubescens; Bloodwood Cacique; Height: 30m, growing at a medium rate. Hardiness: 10-12. Light: full shade or semi-shade. Water preference: moist.; ; uncategorised; 10
Brosimum utile; Cow Tree; Height: 25m, growing at a medium rate. Hardiness: 10-12. Light: full sun. Water preference: moist.; Palo De Vaca; Food forest; 10
Broussonetia kazinoki; Kozo; Height: 4.5m. Hardiness: 6-9. Light: full sun. Water preference: dry - moist.; ; Food forest; 6
Broussonetia papyrifera; Paper Mulberry; Height: 9m, growing at a medium rate. Hardiness: 6-11. Light: full sun. Water preference: dry - moist.; ; Food forest; 6
Brucea antidysenterica; Waginos; Height: 7m, growing at a medium rate. Hardiness: 10-12. Light: full shade or semi-shade or full sun. Water preference: moist.; ; uncategorised; 10
Buchanania lanzan; Almondette; Height: 12m, growing at a medium rate. Hardiness: 10-12. Light: full sun. Water preference: dry - moist.; Charoli Nut; Food forest; 10
Buddleia asiatica; Bai Bei Feng; Height: 3m. Hardiness: 7-10. Light: full sun. Water preference: dry - moist.; ; uncategorised; 7
Buddleia davidii; Butterfly Bush; Height: 3m, growing fast. Hardiness: 4-8. Light: full sun. Water preference: dry - moist.; Summer Lilac, Butterflybush; uncategorised; 4
Buddleia globosa; Orange Ball Tree; Height: 5m. Hardiness: 6-9. Light: full sun. Water preference: moist.; ; uncategorised; 6
Buddleia officinalis; Mi Meng Hua; Height: 2m. Hardiness: 7-10. Light: full sun. Water preference: dry - moist.; ; uncategorised; 7
Buddleia paniculata; ; Height: 6m. Hardiness: 7-10. Light: full sun. Water preference: dry - moist.; ; uncategorised; 7
Bulnesia arborea; Verawood; Height: 15m, growing slowly. Hardiness: 9-12. Light: full sun. Water preference: dry - moist.; ; uncategorised; 9
Bulnesia sarmientoi; Pao Santo; Height: 18m, growing slowly. Hardiness: 10-12. Light: full sun. Water preference: dry - moist.; ; uncategorised; 10
Bumelia lanuginosa; Chittamwood; Height: 15m. Hardiness: 5-9. Light: full sun. Water preference: moist.; ; uncategorised; 5
Bumelia lycioides; Shittamwood; Height: 8m. Hardiness: 6-9. Light: full sun. Water preference: moist.; ; uncategorised; 6
Bumelia tenax; Ironwood; Height: 8m. Hardiness: 8-11. Light: full sun. Water preference: moist.; Tough bully; uncategorised; 8
Bupleurum fruticosum; Shrubby Hare's Ear; Height: 2.5m, growing slowly. Hardiness: 6-9. Light: semi-shade or full sun. Water preference: dry - moist.; ; uncategorised; 6
Burretiodendron hsienmu; Hsienmu wood; Height: 35m, growing slowly. Hardiness: 10-12. Light: full sun. Water preference: moist.; ; uncategorised; 10
Bursaria spinosa; Christmas Bush; Height: 4.5m. Hardiness: 7-10. Light: full sun. Water preference: moist.; Sweet Bursaria; uncategorised; 7
Bursera simaruba; Gum Tree; Height: 20m, growing at a medium rate. Hardiness: 10-12. Light: semi-shade or full sun. Water preference: dry - moist.; Gumbo Limbo; uncategorised; 10
Butia capitata; Jelly Palm; Height: 6m, growing slowly. Hardiness: 9-11. Light: semi-shade or full sun. Water preference: moist.; South american jelly palm; uncategorised; 9
Buxus balearica; ; Height: 3m, growing slowly. Hardiness: 7-10. Light: semi-shade or full sun. Water preference: moist.; ; uncategorised; 7
Buxus harlandii; Japanese Box; Height: 1m, growing slowly. Hardiness: 6-9. Light: semi-shade or full sun. Water preference: moist.; ; uncategorised; 6
Buxus microphylla; Littleleaf boxwood; Height: 1m, growing slowly. Hardiness: 6-10. Light: semi-shade or full sun. Water preference: moist.; Littleleaf Boxwood; uncategorised; 6
Buxus sempervirens; Box; Height: 5m, growing slowly. Hardiness: 6-8. Light: semi-shade or full sun. Water preference: dry - moist.; Common box, American Boxwood; uncategorised; 6
Buxus wallichiana; ; Height: 2m, growing slowly. Hardiness: 7-10. Light: semi-shade or full sun. Water preference: moist.; ; uncategorised; 7
Byrsonima crassifolia; Golden Spoon; Height: 12m, growing slowly. Hardiness: 9-12. Light: full sun. Water preference: dry - moist.; Nance, Nancy Tree; Food forest; 9
Caesalpinia sappan; Sappanwood. Rainbow wood; Height: 7m, growing fast. Hardiness: 10-12. Light: full sun. Water preference: dry - moist.; ; uncategorised; 10
Campsis radicans; Trumpet Vine; Height: 12m, growing fast. Hardiness: 4-10. Light: full sun. Water preference: moist.; Trumpet creeper; uncategorised; 4
Cassia fistula; Golden Shower; Height: 18m, growing slowly. Hardiness: 9-11. Light: full sun. Water preference: moist.; Purging Cassia, Golden Chain Tree, Indian Laburnum; uncategorised; 9
Cassia grandis; Coral shower; Height: 25m, growing fast. Hardiness: 10-12. Light: full sun. Water preference: moist.; Horse Cassia; uncategorised; 10
Ceiba aesculifolia; Pochote; Height: 25m, growing at a medium rate. Hardiness: 10-12. Light: full sun. Water preference: dry - moist.; ; uncategorised; 10
Ceiba pentandra; Kapok Tree; Height: 50m, growing fast. Hardiness: 10-12. Light: full sun. Water preference: dry - moist.; Cotton Tree, Suma'ma; Food forest; 10
Chrysothamnus viscidiflorus; Green Rabbitbrush; Height: 1m. Hardiness: 3-7. Light: full sun. Water preference: dry - moist.; Yellow rabbitbrush; uncategorised; 3
Commiphora myrrha; Myrrh; Height: 5m, growing at a medium rate. Hardiness: 10-12. Light: full sun. Water preference: dry - moist.; Myrrh Gum; uncategorised; 10
Cornus capitata; Bentham's Cornel; Height: 12m, growing at a medium rate. Hardiness: 7-10. Light: semi-shade or full sun. Water preference: moist.; ; Food forest; 7
Cornus florida; Flowering Dogwood; Height: 6m, growing at a medium rate. Hardiness: 5-9. Light: semi-shade or full sun. Water preference: moist.; ; uncategorised; 5
Corypha utan; Gebang Palm. Corypha palm; Height: 18m, growing slowly. Hardiness: 11-12. Light: full sun. Water preference: dry - moist.; Sugar palm; Food forest; 11
Coutarea hexandra; Coutarea; Height: 4.5m, growing at a medium rate. Hardiness: 10-12. Light: full sun. Water preference: moist.; ; uncategorised; 10
Dendrocalamus giganteus; Giant Bamboo; Height: 30m, growing fast. Hardiness: 9-12. Light: semi-shade or full sun. Water preference: moist.; Bhalu bans, Dhungre bans; uncategorised; 9
Dendrocalamus hamiltonii; Tama Bamboo. Tufted bamboo; Height: 15m, growing fast. Hardiness: 10-12. Light: semi-shade or full sun. Water preference: moist.; ; Food forest; 10
Dendrocalamus hookeri; Bhalu bans; Height: 20m, growing fast. Hardiness: 10-12. Light: semi-shade or full sun. Water preference: moist.; Bhutan Green Bamboo; uncategorised; 10
Dendrocalamus latiflorus; Sweet Bamboo; Height: 20m, growing fast. Hardiness: 10-12. Light: full sun. Water preference: moist.; Sweet bamboo shoot, Taiwan giant bamboo; Food forest; 10
Dendrocalamus membranaceus; White bamboo; Height: 15m, growing fast. Hardiness: 10-12. Light: semi-shade or full sun. Water preference: dry - moist.; ; Food forest; 10
Diplotropis purpurea; Sucupira; Height: 25m, growing at a medium rate. Hardiness: 10-12. Light: semi-shade or full sun. Water preference: dry - moist.; Tatabu; uncategorised; 10
Ericameria nauseosa; Rubber Rabbitbrush; Height: 2m, growing at a medium rate. Hardiness: 7-9. Light: full sun. Water preference: dry - moist.; ; uncategorised; 7
Gigantochloa apus; Watho. Tabashir Bamboo; Height: 20m, growing fast. Hardiness: 9-11. Light: semi-shade or full sun. Water preference: moist.; ; uncategorised; 9
Gouania lupuloides; Chew Stick; Height: 10m, growing at a medium rate. Hardiness: 10-12. Light: full sun. Water preference: moist.; ; uncategorised; 10
Griffonia simplicifolia; Griffonia; Height: 3m, growing at a medium rate. Hardiness: 10-12. Light: full sun. Water preference: moist.; ; uncategorised; 10
Gymnanthemum amygdalinum; Bitterleaf; Height: 8m, growing at a medium rate. Hardiness: 10-12. Light: full sun. Water preference: dry - moist.; ; Food forest; 10
Handroanthus serratifolius; Yellow Trumpet Tree; Height: 30m, growing at a medium rate. Hardiness: 10-12. Light: full sun. Water preference: moist.; ; uncategorised; 10
Lecythis corrugata; Mahot rouge; Height: 25m, growing at a medium rate. Hardiness: 10-12. Light: full sun. Water preference: moist.; Guacharaco; Food forest; 10
Lindera benzoin; Spice Bush; Height: 3m, growing slowly. Hardiness: 4-9. Light: semi-shade. Water preference: moist.; Northern spicebush, Bush Northern Spice; Food forest; 4
Lindera glauca; Grayblue Spicebush; Height: 5m. Hardiness: 5-9. Light: semi-shade or full sun. Water preference: moist.; ; uncategorised; 5
Lindera megaphylla; ; Height: 10m. Hardiness: 7-10. Light: semi-shade. Water preference: moist.; ; uncategorised; 7
Lindera obtusiloba; ; Height: 6m. Hardiness: 5-9. Light: semi-shade. Water preference: moist.; ; uncategorised; 5
Lindera praecox; ; Height: 7.5m. Hardiness: 8-11. Light: semi-shade. Water preference: moist.; ; uncategorised; 8
Lingnania chungii; Clumping Bamboo; Height: 8m, growing fast. Hardiness: 9-11. Light: semi-shade or full sun. Water preference: moist.; white bamboo, tropical blue bamboo; uncategorised; 9
Maclura tinctoria; Fustic Tree; Height: 20m, growing at a medium rate. Hardiness: 10-12. Light: full sun. Water preference: dry - moist.; ; uncategorised; 10
Madhuca longifolia; Butter Tree. Mahua; Height: 16m, growing at a medium rate. Hardiness: 10-12. Light: full sun. Water preference: dry - moist.; Illipe; Food forest; 10
Mahonia aquifolium; Oregon Grape; Height: 2m, growing fast. Hardiness: 4-8. Light: full shade or semi-shade or full sun. Water preference: dry - moist.; Hollyleaved barberry, Oregon Holly Grape, Oregon Holly; Food forest; 4
Mahonia fortunei; Fortune's Mahonia; Height: 2m, growing slowly. Hardiness: 7-9. Light: full shade or semi-shade or full sun. Water preference: moist.; ; Food forest; 7
Mahonia haematocarpa; Mexican Barberry; Height: 3.6m. Hardiness: 7-10. Light: full sun. Water preference: dry - moist.; Red barberry; Food forest; 7
Mahonia nevinii; Nevin's barberry; Height: 2.4m. Hardiness: 7-10. Light: full sun. Water preference: dry - moist.; ; Food forest; 7
Mahonia pumila; Dwarf Barberry; Height: 0.3m, growing slowly. Hardiness: 6-9. Light: semi-shade or full sun. Water preference: dry - moist.; ; Food forest; 6
Mahonia trifoliolata; Mexican Barberry; Height: 2m. Hardiness: 6-9. Light: full sun. Water preference: dry - moist.; Algerita; Food forest; 6
Malpighia glabra; Escobillo; Height: 6m, growing at a medium rate. Hardiness: 10-12. Light: semi-shade or full sun. Water preference: moist.; Acerola; Food forest; 10
Melocanna baccifera; Berry Bamboo. Mali bamboo; Height: 15m, growing fast. Hardiness: 10-12. Light: semi-shade or full sun. Water preference: moist.; ; Food forest; 10
Microberlinia bisulcata; Zingana; Height: 35m, growing fast. Hardiness: 10-12. Light: full sun. Water preference: moist.; ; uncategorised; 10
Murraya koenigii; Curry tree; Height: 4m, growing at a medium rate. Hardiness: 10-12. Light: semi-shade or full sun. Water preference: dry - moist.; Curry leaf tree; Food forest; 10
Neobalanocarpus heimii; Chengal; Height: 40m, growing at a medium rate. Hardiness: 10-12. Light: full sun. Water preference: moist.; ; uncategorised; 10
Ochroma pyramidale; Balsa Wood; Height: 30m, growing fast. Hardiness: 10-12. Light: full sun. Water preference: moist.; ; uncategorised; 10
Oxandra lanceolata; Black lancewood; Height: 10m, growing at a medium rate. Hardiness: 10-12. Light: full sun. Water preference: moist.; lancewood, haya prieta; uncategorised; 10
Oxytenanthera abyssynica; Savanah Bamboo; Height: 12m, growing fast. Hardiness: 10-12. Light: full sun. Water preference: dry - moist.; ; uncategorised; 10
Pachira glabra; Saba Nut; Height: 15m, growing fast. Hardiness: 10-12. Light: semi-shade or full sun. Water preference: dry - moist.; American Chestnut; Food forest; 10
Pachira insignis; Malabar Chestnut; Height: 15m, growing fast. Hardiness: 10-12. Light: semi-shade or full sun. Water preference: moist.; ; Food forest; 10
Peltophorum dasyrhachis; Peltophorum; Height: 25m, growing fast. Hardiness: 10-12. Light: semi-shade or full sun. Water preference: moist.; Soga; uncategorised; 10
Peltophorum pterocarpum; Copperpod; Height: 20m, growing fast. Hardiness: 10-12. Light: full sun. Water preference: moist.; Yellow Poinciana; uncategorised; 10
Peumus boldus; Boldu; Height: 6m, growing slowly. Hardiness: 8-11. Light: semi-shade or full sun. Water preference: dry - moist.; Boldo; uncategorised; 8
Phyllostachys flexuosa; Zig-Zag Bamboo; Height: 6m. Hardiness: 5-9. Light: semi-shade. Water preference: moist.; Drooping timber bamboo; Food forest; 5
Phyllostachys nigra; Black Bamboo; Height: 7.5m, growing fast. Hardiness: 7-10. Light: semi-shade. Water preference: moist.; Kuro-Chiku; Food forest; 7
Ricinodendron heudelotii; Manketti nut; Height: 40m, growing fast. Hardiness: 10-12. Light: full sun. Water preference: moist.; Zambezi almond, African oil-nut-tree; Food forest; 10
Sasa nipponica; Miyako-Zasa; Height: 0.8m. Hardiness: 6-9. Light: semi-shade. Water preference: moist.; ; Food forest; 6
Serenoa repens; Saw Palmetto; Height: 3m, growing slowly. Hardiness: 8-11. Light: full sun. Water preference: moist.; ; uncategorised; 8
Simmondsia chinensis; Jojoba; Height: 2m, growing slowly. Hardiness: 9-12. Light: full sun. Water preference: moist.; ; uncategorised; 9
Sonneratia caseolaris; Firefly mangrove; Height: 15m, growing at a medium rate. Hardiness: 10-12. Light: full sun. Water preference: unknown moisture.; mangrove apple; uncategorised; 10
Sophora secundiflora; Mescal Bean; Height: 10m, growing slowly. Hardiness: 7-10. Light: full sun. Water preference: dry - moist.; Texas Mountain Laurel; uncategorised; 7
Staphylea bumalda; ; Height: 1.8m. Hardiness: 4-8. Light: semi-shade or full sun. Water preference: moist.; ; uncategorised; 4
Synsepalum dulciferum; Miracle Berry; Height: 4m, growing fast. Hardiness: 10-12. Light: full sun. Water preference: unknown moisture.; ; Food forest; 10
Tabebuia rosea; Apamate; Height: 20m, growing at a medium rate. Hardiness: 10-12. Light: full sun. Water preference: dry - moist.; Pink Poui, Pink Tecoma, Rosy Trumpet Tree; uncategorised; 10
Theobroma grandiflorum; Cupuassu; Height: 10m, growing at a medium rate. Hardiness: 10-12. Light: semi-shade. Water preference: moist.; Cupuacu; Food forest; 10
Thyrsostachys siamensis; Monastery Bamboo; Height: 10m, growing fast. Hardiness: 9-12. Light: full sun. Water preference: moist.; ; Food forest; 9
Tieghemella africana; Douka; Height: 45m, growing fast. Hardiness: 10-12. Light: full shade or semi-shade or full sun. Water preference: moist.; ; Food forest; 10
Tieghemella heckelii; Baku; Height: 50m, growing at a medium rate. Hardiness: 10-12. Light: full sun. Water preference: moist.; ; Food forest; 10
Trichanthera gigantea; Giant trichanthera; Height: 5m, growing fast. Hardiness: 10-12. Light: semi-shade or full sun. Water preference: moist.; Nacadero; uncategorised; 10
Turraeanthus africanus; Avodire; Height: 25m, growing at a medium rate. Hardiness: 10-12. Light: semi-shade or full sun. Water preference: unknown moisture.; ; uncategorised; 10
Vaccinium arboreum; Farkleberry; Height: 5m. Hardiness: 6-9. Light: semi-shade or full sun. Water preference: moist.; ; uncategorised; 6
Vitellaria paradoxa; Shea Butter Tree; Height: 15m, growing slowly. Hardiness: 11-12. Light: semi-shade or full sun. Water preference: dry - moist.; ; Food forest; 11
Washingtonia filifera; Desert Fan Palm; Height: 12m, growing at a medium rate. Hardiness: 9-11. Light: full sun. Water preference: dry - moist.; California fan palm, California Washingtonia Palm, Petticoat Palm, Desert Fan Pal; uncategorised; 9
Caesalpinia decapetala; Mysore Thorn; Height: 3m. Hardiness: 7-10. Light: full sun. Water preference: moist.; Shoofly; uncategorised; 7
Caesalpinia digyna; Teri pods; Height: 10m, growing fast. Hardiness: 10-12. Light: full sun. Water preference: moist.; Udakiryaka; uncategorised; 10
Caesalpinia echinata; Pau Brasil; Height: 12m, growing at a medium rate. Hardiness: 10-12. Light: semi-shade or full sun. Water preference: moist.; Brazil Wood, Indian Savin; uncategorised; 10
Caesalpinia gilliesii; Bird Of Paradise; Height: 5m. Hardiness: 7-10. Light: full sun. Water preference: moist.; Bird-of-paradise shrub; uncategorised; 7
Caesalpinia spinosa; Spiny Holdback; Height: 6m, growing fast. Hardiness: 9-11. Light: semi-shade or full sun. Water preference: moist.; Tara; uncategorised; 9
Cajanus cajan; Pigeon Pea; Height: 4m, growing fast. Hardiness: 9-12. Light: full sun. Water preference: moist.; Puerto Rico Bean, Gandul, Dhal, Congo Pea; Food forest; 9
Calamus caesius; Rotan Sega; Height: 100m, growing fast. Hardiness: 10-12. Light: semi-shade or full sun. Water preference: moist.; ; uncategorised; 10
Calamus manan; Rotan Manau; Height: 100m, growing fast. Hardiness: 10-12. Light: semi-shade or full sun. Water preference: moist.; ; uncategorised; 10
Calamus ovoideus; Egg-shaped Rattan. Rotan Ovoid; Height: 70m, growing fast. Hardiness: 10-12. Light: semi-shade or full sun. Water preference: moist.; ; uncategorised; 10
Calamus radiatus; Rotan Rays. Radial Leaf Rotan; Height: 50m, growing fast. Hardiness: 11-12. Light: semi-shade or full sun. Water preference: moist.; ; uncategorised; 11
Calamus rotang; Rattan; Height: 25m, growing fast. Hardiness: 11-12. Light: semi-shade or full sun. Water preference: moist.; Rotang, Rattan Cane; uncategorised; 11
Calceolaria thyrsiflora; ; Height: 0.7m. Hardiness: 8-11. Light: semi-shade or full sun. Water preference: moist.; ; uncategorised; 8
Calicotome spinosa; ; Height: 3m. Hardiness: 7-10. Light: full sun. Water preference: dry - moist.; ; uncategorised; 7
Calicotome villosa; ; Height: 3m. Hardiness: 7-10. Light: full sun. Water preference: dry - moist.; ; uncategorised; 7
Callicarpa americana; American Beautyberry; Height: 1.8m, growing slowly. Hardiness: 7-10. Light: semi-shade or full sun. Water preference: moist.; Beautyberry, French Mulberry, American Beautyberry; uncategorised; 7
Callicarpa japonica; Beautyberry; Height: 2m, growing at a medium rate. Hardiness: 5-8. Light: semi-shade or full sun. Water preference: moist.; Japanese callicarpa, Japanese Beautyberry; uncategorised; 5
Callicarpa macrophylla; ; Height: 2.5m. Hardiness: 8-11. Light: semi-shade or full sun. Water preference: moist.; ; uncategorised; 8
Callicarpa mollis; ; Height: 2.4m. Hardiness: 7-10. Light: full sun. Water preference: moist.; ; uncategorised; 7
Callicarpa pedunculata; ; Height: 3m. Hardiness: 9-11. Light: full sun. Water preference: moist.; ; uncategorised; 9
Callicoma serratifolia; Black Wattle; Height: 6m. Hardiness: 8-11. Light: semi-shade or full sun. Water preference: moist.; ; uncategorised; 8
Calligonum aphyllum; ; Height: 1.2m. Hardiness: 4-8. Light: full sun. Water preference: dry - moist.; ; uncategorised; 4
Callistemon citrinus; Crimson Bottlebrush; Height: 4.5m, growing at a medium rate. Hardiness: 8-11. Light: full sun. Water preference: unknown moisture.; Red Bottlebrush, Lemon Bottlebrush; uncategorised; 8
Callitris columellaris; White Cypress-Pine; Height: 20m. Hardiness: 9-11. Light: full sun. Water preference: dry - moist.; ; uncategorised; 9
Callitris endlicheri; Red Cypress-Pine; Height: 20m. Hardiness: 8-11. Light: full sun. Water preference: dry - moist.; ; uncategorised; 8
Calluna vulgaris; Heather; Height: 0.6m. Hardiness: 4-7. Light: semi-shade or full sun. Water preference: dry - moist.; Scotch Heather; uncategorised; 4
Calocedrus decurrens; Incense Cedar; Height: 15m, growing slowly. Hardiness: 5-8. Light: semi-shade or full sun. Water preference: dry - moist.; California Incense Cedar; uncategorised; 5
Calophyllum brasiliense; Brazil Beauty-Leaf; Height: 30m, growing fast. Hardiness: 10-12. Light: semi-shade or full sun. Water preference: moist.; ; uncategorised; 10
Calopogonium caeruleum; Wild jicama; Height: 5m, growing fast. Hardiness: 10-12. Light: full shade or semi-shade or full sun. Water preference: moist.; ; uncategorised; 10
Calopogonium mucunoides; Calopo; Height: 5m, growing fast. Hardiness: 10-12. Light: full sun. Water preference: moist.; Wild ground nut; uncategorised; 10
Calycanthus floridus; Carolina Allspice; Height: 2.7m, growing at a medium rate. Hardiness: 5-10. Light: semi-shade or full sun. Water preference: moist.; Eastern sweetshrub, Strawberry Bush, Sweetshrub, Carolina Allspice; Food forest; 5
Calycanthus floridus glaucus; Eastern Sweetshrub; Height: 3m. Hardiness: 5-9. Light: semi-shade or full sun. Water preference: moist.; ; uncategorised; 5
Calycanthus occidentalis; Californian Allspice; Height: 3m. Hardiness: 6-9. Light: semi-shade or full sun. Water preference: moist.; Western sweetshrub; Food forest; 6
Camellia chekiangoleosa; Camellia; Height: 6m. Hardiness: 7-10. Light: semi-shade or full sun. Water preference: moist.; ; uncategorised; 7
Camellia japonica; Camellia; Height: 10m, growing slowly. Hardiness: 7-9. Light: full shade or semi-shade or full sun. Water preference: moist.; Common Camellia, Japanese Camellia; Food forest; 7
Camellia kissi; ; Height: 12m. Hardiness: 7-10. Light: semi-shade or full sun. Water preference: moist.; ; uncategorised; 7
Camellia oleifera; Tea-Oil Plant; Height: 4m, growing slowly. Hardiness: 6-9. Light: semi-shade or full sun. Water preference: moist.; Tea Oil Camellia; uncategorised; 6
Camellia pitardii; ; Height: 7m. Hardiness: 7-10. Light: semi-shade or full sun. Water preference: moist.; ; uncategorised; 7
Camellia polyodonta; ; Height: 4.5m. Hardiness: 7-10. Light: semi-shade or full sun. Water preference: moist.; ; uncategorised; 7
Camellia reticulata; To-tsubaki; Height: 10m. Hardiness: 7-10. Light: semi-shade or full sun. Water preference: moist.; ; Food forest; 7
Camellia sasanqua; Camellia; Height: 3m, growing slowly. Hardiness: 7-9. Light: semi-shade or full sun. Water preference: moist.; Sasanqua camellia; Food forest; 7
Camellia semiserrata; ; Height: 12m. Hardiness: 7-10. Light: semi-shade or full sun. Water preference: moist.; ; uncategorised; 7
Camellia sinensis; Tea Plant; Height: 4m, growing slowly. Hardiness: 7-9. Light: semi-shade. Water preference: moist.; Assam tea, Tea Tree Camellia; Food forest; 7
Camellia sinensis assamica; Tea Plant; Height: 10m, growing slowly. Hardiness: 8-10. Light: semi-shade or full sun. Water preference: moist.; Assam Tea; Food forest; 8
Camellia yunnanensis; ; Height: 3.6m. Hardiness: 7-10. Light: semi-shade or full sun. Water preference: moist.; ; uncategorised; 7
Camphorosma monspeliaca; ; Height: 0.6m. Hardiness: 7-10. Light: full sun. Water preference: dry - moist.; ; uncategorised; 7
Campsis grandiflora; Trumpet Creeper; Height: 9m, growing fast. Hardiness: 6-9. Light: full sun. Water preference: moist.; ; uncategorised; 6
Camptotheca acuminata; Happy Tree; Height: 20m, growing fast. Hardiness: 10-12. Light: semi-shade or full sun. Water preference: moist.; Cancer Tree; uncategorised; 10
Cananga odorata; Ylang Ylang; Height: 20m, growing fast. Hardiness: 10-12. Light: semi-shade or full sun. Water preference: moist.; Perfume Tree; uncategorised; 10
Canarium album; Chinese White Olive; Height: 15m. Hardiness: 10-13. Light: semi-shade or full sun. Water preference: moist.; ; uncategorised; 10
Canarium indicum; Canarium Nut; Height: 35m, growing fast. Hardiness: 10-12. Light: semi-shade or full sun. Water preference: moist.; Ngali, Galip nut, kenari nut; Food forest; 10
Canarium luzonicum; Manila Elemi; Height: 30m. Hardiness: 10-12. Light: full sun. Water preference: moist.; ; Food forest; 10
Canarium ovatum; Pili Nut; Height: 20m, growing at a medium rate. Hardiness: 10-12. Light: full sun. Water preference: moist.; ; Food forest; 10
Canarium schweinfurtii; African elemi; Height: 30m, growing at a medium rate. Hardiness: 10-12. Light: full sun. Water preference: moist.; ; Food forest; 10
Canarium vulgare; Java Almond; Height: 45m, growing fast. Hardiness: 10-12. Light: full sun. Water preference: moist.; Kenari Nut; Food forest; 10
Cantleya corniculata; Daru; Height: 30m, growing fast. Hardiness: 10-12. Light: full sun. Water preference: unknown moisture.; ; uncategorised; 10
Capparis spinosa; Caper; Height: 1m, growing fast. Hardiness: 8-10. Light: full sun. Water preference: dry - moist.; Common Caper, Caper Bush; uncategorised; 8
Capparis spinosa subsp. rupestris; Spineless Caper; Height: 1.2m. Hardiness: 6-10. Light: full sun. Water preference: dry - moist.; ; Food forest; 6
Capsicum chinense; Bonnet Pepper; Height: 1.5m, growing fast. Hardiness: 10-12. Light: full sun. Water preference: moist.; Chinese capsicum; Food forest; 10
Caragana arborescens; Siberian Pea Tree; Height: 6m, growing fast. Hardiness: 2-7. Light: full sun. Water preference: dry - moist.; Siberian peashrub; Food forest; 2
Caragana boisii; Siberian peatree; Height: 2m, growing fast. Hardiness: 2-9. Light: full sun. Water preference: dry - moist.; ; Food forest; 2
Caragana brevispina; Long-Stalked Pea-shrub; Height: 2.5m. Hardiness: 4-9. Light: full sun. Water preference: dry - moist.; ; Food forest; 4
Caragana decorticans; ; Height: 5.4m. Hardiness: 5-9. Light: full sun. Water preference: dry - moist.; ; uncategorised; 5
Caragana frutex; Russian pea shrub; Height: 1.2m, growing slowly. Hardiness: 2-7. Light: full sun. Water preference: dry - moist.; ; uncategorised; 2
Caragana fruticosa; Siberian Peashrub; Height: 2m, growing fast. Hardiness: 0-0. Light: full sun. Water preference: dry - moist.; ; Food forest; 0
Caragana jubata; Shag-Spine; Height: 1m. Hardiness: 3-7. Light: full sun. Water preference: dry - moist.; ; uncategorised; 3
Caragana pygmaea; Pygmy Peashrub; Height: 1.2m, growing slowly. Hardiness: 3-7. Light: full sun. Water preference: dry - moist.; ; uncategorised; 3
Caragana sinica; Chinese Pea Shrub; Height: 1.5m. Hardiness: 5-9. Light: full sun. Water preference: dry - moist.; ; uncategorised; 5
Carapichea ipecacuanha; Ipecac; Height: 0.5m, growing at a medium rate. Hardiness: 10-12. Light: full shade or semi-shade. Water preference: moist.; ; uncategorised; 10
Cardiospermum halicacabum; Heart Seed; Height: 3m. Hardiness: 8-11. Light: full sun. Water preference: moist.; Balloon vine; uncategorised; 8
Carica papaya; Papaya; Height: 8m, growing fast. Hardiness: 9-12. Light: full sun. Water preference: moist.; Mamo, Melon Tree; Food forest; 9
Carmona retusa; Fukien Tea; Height: 3m, growing fast. Hardiness: 10-12. Light: full sun. Water preference: moist.; Philippine tea tree; uncategorised; 10
Carpinus betulus; Hornbeam; Height: 25m, growing at a medium rate. Hardiness: 5-7. Light: full shade or semi-shade or full sun. Water preference: moist.; European hornbeam, Common Hornbeam, European Hornbeam; uncategorised; 5
Carpinus caroliniana; American Hornbeam; Height: 12m, growing slowly. Hardiness: 3-9. Light: semi-shade or full sun. Water preference: moist.; Blue Beech, Ironwood, American Hornbeam; uncategorised; 3
Carpinus cordata; ; Height: 15m, growing slowly. Hardiness: 4-8. Light: semi-shade or full sun. Water preference: moist.; ; uncategorised; 4
Carpinus laxiflora; ; Height: 15m. Hardiness: 4-8. Light: semi-shade or full sun. Water preference: moist.; ; uncategorised; 4
Carya aquatica; Water Hickory; Height: 20m, growing slowly. Hardiness: 5-9. Light: full sun. Water preference: moist.; ; uncategorised; 5
Carya buckleyi; Black hickory; Height: 10m, growing slowly. Hardiness: 5-9. Light: full sun. Water preference: moist.; ; uncategorised; 5
Carya carolinae-septentrionalis; Southern Shagbark; Height: 20m, growing slowly. Hardiness: 0-0. Light: full sun. Water preference: moist.; Southern shagbark hickory; uncategorised; 0
Carya cathayensis; Chinese Hickory; Height: 18m, growing slowly. Hardiness: 5-9. Light: full sun. Water preference: moist.; ; Food forest; 5
Carya cordiformis; Bitternut; Height: 25m, growing slowly. Hardiness: 4-9. Light: full sun. Water preference: moist.; Bitternut hickory, Swamp Hickory; Food forest; 4
Carya glabra; Sweet Pignut; Height: 30m, growing slowly. Hardiness: 4-9. Light: full sun. Water preference: dry - moist.; Pignut hickory, Broom Hickory, Pignut Hickory; Food forest; 4
Carya glabra megacarpa; Coastal Pignut Hickory; Height: 30m, growing slowly. Hardiness: 4-8. Light: full sun. Water preference: moist.; ; Food forest; 4
Carya hybrids; Hybrid and neohybrid hickories; Height: 40m, growing at a medium rate. Hardiness: 4-11. Light: full sun. Water preference: dry - moist.; ; Food forest; 4
Carya illinoinensis; Pecan; Height: 50m, growing at a medium rate. Hardiness: 5-9. Light: full sun. Water preference: moist.; ; Food forest; 5
Carya laciniosa; Shellbark Hickory; Height: 30m, growing slowly. Hardiness: 5-9. Light: full sun. Water preference: moist.; ; Food forest; 5
Carya myristiciformis; Nutmeg Hickory; Height: 30m, growing slowly. Hardiness: 8-11. Light: full sun. Water preference: moist.; ; uncategorised; 8
Carya ovalis; Sweet Pignut; Height: 30m, growing slowly. Hardiness: 5-9. Light: full sun. Water preference: moist.; ; Food forest; 5
Carya ovata; Shagbark Hickory; Height: 30m, growing slowly. Hardiness: 4-8. Light: full sun. Water preference: dry - moist.; ; Food forest; 4
Carya pallida; Sand Hickory; Height: 30m, growing slowly. Hardiness: 5-9. Light: full sun. Water preference: moist.; ; Food forest; 5
Carya texana; Black Hickory; Height: 15m, growing slowly. Hardiness: 5-9. Light: full sun. Water preference: moist.; ; uncategorised; 5
Carya tomentosa; Mockernut; Height: 30m, growing at a medium rate. Hardiness: 4-9. Light: full sun. Water preference: dry - moist.; White Heart Hickory, Mockernut Hickory; Food forest; 4
Carya x laneyi; ; Height: 20m, growing slowly. Hardiness: 4-8. Light: full sun. Water preference: moist.; ; Food forest; 4
Caryocar nuciferum; Souari Nut. Butter Nut; Height: 45m, growing at a medium rate. Hardiness: 10-12. Light: full sun. Water preference: moist.; ; Food forest; 10
Caryocar villosum; Piquia; Height: 30m, growing slowly. Hardiness: 10-12. Light: full sun. Water preference: moist.; ; Food forest; 10
Caryodendron orinocense; Taccy Nut; Height: 25m, growing fast. Hardiness: 10-12. Light: full sun. Water preference: moist.; Nuez de Barinas; Food forest; 10
Caryota urens; Jaggary Palm; Height: 12m, growing at a medium rate. Hardiness: 9-12. Light: full shade or semi-shade or full sun. Water preference: moist.; Toddy Palm, Fishtail Wine Palm; Food forest; 9
Casimiroa edulis; White Sapote; Height: 16m, growing at a medium rate. Hardiness: 8-11. Light: full sun. Water preference: moist.; Mexican Apple; Food forest; 8
Cassia leiandra; Marimari; Height: 10m, growing fast. Hardiness: 9-11. Light: full sun. Water preference: unknown moisture.; ; Food forest; 9
Cassia sieberiana; West African Laburnum; Height: 15m, growing at a medium rate. Hardiness: 10-12. Light: full sun. Water preference: dry - moist.; ; uncategorised; 10
Cassinia fulvida; ; Height: 2m. Hardiness: 8-11. Light: semi-shade or full sun. Water preference: dry - moist.; ; uncategorised; 8
Castanea alnifolia; Bush Chinkapin; Height: 1m. Hardiness: 6-9. Light: full sun. Water preference: dry - moist.; ; Food forest; 6
Castanea crenata; Japanese Chestnut; Height: 9m. Hardiness: 4-8. Light: semi-shade or full sun. Water preference: dry - moist.; ; Food forest; 4
Castanea dentata; American Sweet Chestnut; Height: 30m. Hardiness: 4-8. Light: semi-shade or full sun. Water preference: dry - moist.; ; Food forest; 4
Castanea henryi; ; Height: 25m. Hardiness: 5-9. Light: semi-shade or full sun. Water preference: dry - moist.; ; Food forest; 5
Castanea mollissima; Chinese Chestnut; Height: 25m, growing at a medium rate. Hardiness: 4-8. Light: semi-shade or full sun. Water preference: dry - moist.; ; Food forest; 4
Castanea ozarkensis; Ozark Chinkapin; Height: 18m. Hardiness: 5-9. Light: semi-shade or full sun. Water preference: dry - moist.; ; Food forest; 5
Castanea pumila; Chinquapin; Height: 4m, growing slowly. Hardiness: 4-8. Light: full sun. Water preference: dry - moist.; Ozark chinkapin; Food forest; 4
Castanea pumila ashei; Chinquapin; Height: 5m. Hardiness: 6-9. Light: full sun. Water preference: dry - moist.; ; Food forest; 6
Castanea sativa; Sweet Chestnut; Height: 30m, growing at a medium rate. Hardiness: 5-7. Light: full sun. Water preference: dry - moist.; European chestnut; Food forest; 5
Castanea seguinii; Chinese Chinquapin; Height: 10m, growing at a medium rate. Hardiness: 5-9. Light: full sun. Water preference: dry - moist.; ; Food forest; 5
Castanea species; Chestnut Hybrids; Height: 30m, growing fast. Hardiness: 4-9. Light: semi-shade or full sun. Water preference: dry - moist.; ; Food forest; 4
Castanea x neglecta; Chinknut; Height: 4m, growing slowly. Hardiness: 4-8. Light: full sun. Water preference: dry - moist.; ; Food forest; 4
Castanopsis acuminatissima; Castanopsis chestnut; Height: 25m, growing fast. Hardiness: 10-12. Light: full sun. Water preference: moist.; White oak; Food forest; 10
Castanopsis cuspidata; Japanese Chinquapin; Height: 25m. Hardiness: 6-9. Light: semi-shade. Water preference: moist.; ; uncategorised; 6
Castanopsis delavayi; ; Height: 15m. Hardiness: 7-10. Light: semi-shade. Water preference: moist.; ; uncategorised; 7
Castanopsis inermis; Braided Chestnut; Height: 20m, growing fast. Hardiness: 10-12. Light: semi-shade or full sun. Water preference: moist.; Berangan; Food forest; 10
Castanopsis javanica; Spiny oak; Height: 25m, growing at a medium rate. Hardiness: 10-12. Light: semi-shade or full sun. Water preference: moist.; Java chinkapin tree; uncategorised; 10
Castanopsis orthacantha; ; Height: 20m. Hardiness: 7-10. Light: semi-shade. Water preference: moist.; ; uncategorised; 7
Castanospermum australe; Moreton Bay Chestnut; Height: 25m, growing slowly. Hardiness: 8-12. Light: full sun. Water preference: moist.; ; Food forest; 8
Castilla elastica; Panama Rubber Tree. Mastate blanco; Height: 40m, growing fast. Hardiness: 10-12. Light: full sun. Water preference: moist.; ; uncategorised; 10
Castilla ulei; Caucho Negro; Height: 30m, growing at a medium rate. Hardiness: 10-12. Light: full sun. Water preference: moist.; ; uncategorised; 10
Casuarina cristata; Belah; Height: 12m, growing fast. Hardiness: 8-11. Light: full sun. Water preference: dry - moist.; ; uncategorised; 8
Casuarina cunninghamiana; River She-Oak; Height: 18m. Hardiness: 8-11. Light: full sun. Water preference: dry - moist.; ; uncategorised; 8
Casuarina equisetifolia; She Oak; Height: 30m, growing fast. Hardiness: 9-12. Light: semi-shade or full sun. Water preference: dry - moist.; Common Ru, Australian Pine, Horsetail Casuarina; uncategorised; 9
Casuarina glauca; Swamp Oak; Height: 18m. Hardiness: 8-11. Light: full sun. Water preference: dry - moist.; Gray sheoak; uncategorised; 8
Casuarina littoralis; She Oak; Height: 8m. Hardiness: 8-11. Light: full sun. Water preference: dry - moist.; Black she-oak; uncategorised; 8
Casuarina oligodon; She-oak; Height: 25m, growing at a medium rate. Hardiness: 10-12. Light: full sun. Water preference: moist.; kilu; uncategorised; 10
Casuarina verticillata; Drooping she-oak; Height: 10m. Hardiness: 8-11. Light: full sun. Water preference: dry - moist.; ; uncategorised; 8
Catalpa bignonioides; Indian Bean Tree; Height: 15m, growing at a medium rate. Hardiness: 5-9. Light: full sun. Water preference: moist.; Southern catalpa; uncategorised; 5
Catalpa bungei; ; Height: 10m. Hardiness: 5-9. Light: semi-shade or full sun. Water preference: moist.; ; uncategorised; 5
Catalpa ovata; Chinese Catalpa; Height: 10m, growing fast. Hardiness: 5-9. Light: full sun. Water preference: moist.; ; uncategorised; 5
Catalpa speciosa; Shawnee Wood; Height: 15m, growing fast. Hardiness: 4-9. Light: full sun. Water preference: moist.; Northern catalpa, Early Flowering Catalpa, Hardy Catalpa, Western Catalpa, Indian Ciga; uncategorised; 4
Ceanothus americanus; New Jersey Tea; Height: 1.2m, growing fast. Hardiness: 4-9. Light: semi-shade or full sun. Water preference: dry - moist.; Wild Snowball; Food forest; 4
Ceanothus arboreus; Catalina Mountain Lilac; Height: 7m, growing at a medium rate. Hardiness: 8-10. Light: semi-shade or full sun. Water preference: dry - moist.; Feltleaf ceanothus; uncategorised; 8
Ceanothus cuneatus; Buckbrush; Height: 1.8m, growing fast. Hardiness: 6-9. Light: semi-shade or full sun. Water preference: dry - moist.; Sedgeleaf buckbrush, Monterey ceanothus; uncategorised; 6
Ceanothus divergens; Cropleaf Ceanothus; Height: 1.5m. Hardiness: 7-10. Light: semi-shade or full sun. Water preference: dry - moist.; Calistoga ceanothus; uncategorised; 7
Ceanothus fendleri; Fendler's Ceanothus; Height: 2m, growing fast. Hardiness: 4-8. Light: semi-shade or full sun. Water preference: dry - moist.; ; uncategorised; 4
Ceanothus impressus; Santa Barbara Ceanothus; Height: 1.5m, growing at a medium rate. Hardiness: 7-9. Light: semi-shade or full sun. Water preference: dry - moist.; ; uncategorised; 7
Ceanothus integerrimus; Deer Brush; Height: 4m. Hardiness: 6-9. Light: semi-shade or full sun. Water preference: dry - moist.; ; uncategorised; 6
Ceanothus maritimus; Maritime Ceanothus; Height: 1m. Hardiness: 7-10. Light: semi-shade or full sun. Water preference: dry - moist.; ; uncategorised; 7
Ceanothus ovatus; Smaller Red-Root; Height: 1m. Hardiness: 4-8. Light: semi-shade or full sun. Water preference: dry - moist.; ; uncategorised; 4
Ceanothus prostratus; Squaw Carpet; Height: 0.1m. Hardiness: 6-9. Light: semi-shade or full sun. Water preference: dry - moist.; Prostrate ceanothus; uncategorised; 6
Ceanothus purpureus; Hollyleaf Ceanothus; Height: 2m. Hardiness: 7-10. Light: semi-shade or full sun. Water preference: dry - moist.; ; uncategorised; 7
Ceanothus sanguineus; Oregon Tea Tree; Height: 2m. Hardiness: 4-8. Light: semi-shade or full sun. Water preference: dry - moist.; Redstem ceanothus; uncategorised; 4
Ceanothus species; ; Height: 2m. Hardiness: 5-9. Light: semi-shade or full sun. Water preference: dry - moist.; ; uncategorised; 5
Ceanothus thyrsiflorus; Blue Brush; Height: 4.5m, growing at a medium rate. Hardiness: 7-9. Light: semi-shade or full sun. Water preference: dry - moist.; Blueblossom; uncategorised; 7
Ceanothus velutinus; Sticky Laurel; Height: 2.5m. Hardiness: 4-8. Light: semi-shade or full sun. Water preference: dry - moist.; Snowbrush ceanothus, Hooker's ceanothus; uncategorised; 4
Cedrela fissilis; Cedro; Height: 25m, growing fast. Hardiness: 10-12. Light: semi-shade or full sun. Water preference: moist.; Cigar Box Tree; uncategorised; 10
Cedrela odorata; Cedar Wood; Height: 30m, growing fast. Hardiness: 9-12. Light: semi-shade or full sun. Water preference: moist.; West Indian Cedar, SpanishCedar, Cigar-box Cedar, Cedro Hembra; uncategorised; 9
Cedrelopsis grevei; Katrafay; Height: 22m, growing slowly. Hardiness: 10-12. Light: full sun. Water preference: dry - moist.; Kathrafay; uncategorised; 10
Cedrus atlantica; Atlas Deodar; Height: 25m, growing at a medium rate. Hardiness: 5-9. Light: full sun. Water preference: dry - moist.; Atlantic cedar; uncategorised; 5
Cedrus deodara; Deodar; Height: 33m, growing at a medium rate. Hardiness: 7-9. Light: full sun. Water preference: dry - moist.; Deodar cedar; uncategorised; 7
Cedrus libani; Cedar Of Lebanon; Height: 30m, growing slowly. Hardiness: 5-8. Light: full sun. Water preference: dry - moist.; ; uncategorised; 5
Celastrus angulatus; ; Height: 7.3m, growing fast. Hardiness: 4-8. Light: full shade or semi-shade or full sun. Water preference: moist.; ; uncategorised; 4
Celastrus dependens; ; Height: 0m. Hardiness: 7-10. Light: semi-shade or full sun. Water preference: moist.; ; uncategorised; 7
Celastrus flagellaris; ; Height: 7.5m, growing fast. Hardiness: 4-8. Light: semi-shade or full sun. Water preference: moist.; ; uncategorised; 4
Celastrus orbiculatus; Oriental Bittersweet; Height: 12m, growing fast. Hardiness: 4-8. Light: full shade or semi-shade or full sun. Water preference: moist.; ; uncategorised; 4
Celastrus scandens; Climbing Bittersweet; Height: 8m, growing fast. Hardiness: 3-8. Light: full shade or semi-shade or full sun. Water preference: moist.; American bittersweet; uncategorised; 3
Celtis australis; Nettle Tree; Height: 20m, growing at a medium rate. Hardiness: 5-9. Light: full sun. Water preference: dry - moist.; European hackberry; Food forest; 5
Celtis bungeana; Bunge's hackberry; Height: 10m. Hardiness: 4-8. Light: full sun. Water preference: dry - moist.; ; uncategorised; 4
Celtis caucasica; Caucasian hackberry; Height: 20m. Hardiness: 5-9. Light: full sun. Water preference: dry - moist.; ; uncategorised; 5
Celtis jessoensis; ; Height: 15m. Hardiness: 5-9. Light: full sun. Water preference: dry - moist.; ; uncategorised; 5
Celtis koraiensis; ; Height: 12m. Hardiness: 4-8. Light: full sun. Water preference: dry - moist.; ; uncategorised; 4
Celtis laevigata; Sugarberry; Height: 18m, growing at a medium rate. Hardiness: 5-10. Light: full sun. Water preference: dry - moist.; Netleaf hackberry, Texan sugarberry, Sugar Hackberry; uncategorised; 5
Celtis lindheimeri; Palo Blanco; Height: 10m. Hardiness: 0-0. Light: full sun. Water preference: dry - moist.; Lindheimer's hackberry; uncategorised; 0
Celtis occidentalis; Hackberry; Height: 20m, growing fast. Hardiness: 3-9. Light: full sun. Water preference: dry - moist.; Common hackberry; Food forest; 3
Celtis reticulata; Paloblanco; Height: 12m, growing slowly. Hardiness: 5-9. Light: full sun. Water preference: dry - moist.; Netleaf hackberry; uncategorised; 5
Celtis sinensis; Chinese hackberry; Height: 10m, growing at a medium rate. Hardiness: 8-11. Light: full sun. Water preference: dry - moist.; ; uncategorised; 8
Celtis tenuifolia; Small Hackberry; Height: 4.5m. Hardiness: 5-9. Light: full sun. Water preference: dry - moist.; Dwarf hackberry; uncategorised; 5
Celtis tournefortii; Oriental hackberry; Height: 8m. Hardiness: 6-9. Light: full sun. Water preference: dry - moist.; ; uncategorised; 6
Centrolobium microchaete; Yellow tarara; Height: 20m, growing fast. Hardiness: 10-12. Light: semi-shade or full sun. Water preference: dry - moist.; ; uncategorised; 10
Centrolobium sclerophyllum; Hard leaved tarara; Height: 20m, growing fast. Hardiness: 10-12. Light: full sun. Water preference: dry - moist.; ; uncategorised; 10
Cephalanthus occidentalis; Button Bush; Height: 7m. Hardiness: 4-10. Light: semi-shade or full sun. Water preference: unknown moisture.; Common buttonbush, Button Willow, Honey Bells, Buttonbush; uncategorised; 4
Cephalostachyum pergracile; Tinwa Bamboo; Height: 10m, growing slowly. Hardiness: 10-12. Light: semi-shade or full sun. Water preference: moist.; ; Food forest; 10
Cephalotaxus fortunei; Chinese Plum Yew; Height: 6m, growing slowly. Hardiness: 6-9. Light: full shade or semi-shade or full sun. Water preference: moist.; ; Food forest; 6
Cephalotaxus harringtonia; Japanese Plum Yew; Height: 5m, growing slowly. Hardiness: 6-9. Light: full shade or semi-shade. Water preference: moist.; ; Food forest; 6
Cephalotaxus harringtonia drupacea; Japanese Plum Yew; Height: 5m, growing slowly. Hardiness: 6-9. Light: full shade or semi-shade. Water preference: moist.; ; Food forest; 6
Cephalotaxus harringtonia koreana; Korean Plum Yew; Height: 1.5m, growing slowly. Hardiness: 6-9. Light: full shade or semi-shade. Water preference: moist.; ; Food forest; 6
Cephalotaxus harringtonia nana; Japanese Plum Yew; Height: 2m, growing slowly. Hardiness: 6-9. Light: full shade or semi-shade. Water preference: moist.; ; Food forest; 6
Cephalotaxus lanceolata; Yunnan Plum Yew; Height: 8m, growing slowly. Hardiness: 7-10. Light: full shade or semi-shade or full sun. Water preference: moist.; ; Food forest; 7
Cephalotaxus oliveri; ; Height: 3m, growing slowly. Hardiness: 7-10. Light: full shade or semi-shade or full sun. Water preference: moist.; ; Food forest; 7
Cephalotaxus sinensis; Chinese Plum Yew; Height: 5m, growing slowly. Hardiness: 6-9. Light: full shade or semi-shade. Water preference: moist.; ; Food forest; 6
Cephalotaxus wilsoniana; ; Height: 10m, growing slowly. Hardiness: 7-10. Light: full shade or semi-shade. Water preference: moist.; ; Food forest; 7
Ceratonia siliqua; Carob; Height: 15m, growing at a medium rate. Hardiness: 9-11. Light: full sun. Water preference: dry - moist.; St. john's bread; Food forest; 9
Ceratostigma willmottianum; Chinese Plumbago; Height: 1m, growing at a medium rate. Hardiness: 6-9. Light: full sun. Water preference: dry - moist.; Chinese Leadwort; uncategorised; 6
Cercidiphyllum japonicum; Katsura Tree; Height: 30m, growing fast. Hardiness: 4-8. Light: semi-shade or full sun. Water preference: moist.; ; uncategorised; 4
Cercidium microphyllum; Paloverde. Foothill palo verde. Small-leaved palo verde; Height: 4m, growing slowly. Hardiness: 9-10. Light: full sun. Water preference: dry - moist.; ; Food forest; 9
Cercis canadensis; Redbud; Height: 12m, growing at a medium rate. Hardiness: 4-9. Light: semi-shade or full sun. Water preference: moist.; Eastern redbud, Mexican redbud,Texas redbud; Food forest; 4
Cercis chinensis; Chinese Redbud; Height: 15m, growing slowly. Hardiness: 6-8. Light: full sun. Water preference: moist.; ; uncategorised; 6
Cercis occidentalis; Western Redbud; Height: 4.5m, growing at a medium rate. Hardiness: 5-9. Light: semi-shade or full sun. Water preference: dry - moist.; California Redbud; Food forest; 5
Cercis siliquastrum; Judas Tree; Height: 12m, growing at a medium rate. Hardiness: 6-10. Light: semi-shade or full sun. Water preference: dry - moist.; Redbud; Food forest; 6
Cercocarpus ledifolius; Mountain Mahogany; Height: 8m, growing slowly. Hardiness: 0-0. Light: full sun. Water preference: dry - moist.; Curl-leaf mountain mahogany; uncategorised; 0
Cercocarpus montanus; Mountain Mahogany; Height: 4m, growing at a medium rate. Hardiness: 6-7. Light: full sun. Water preference: dry - moist.; Alderleaf mountain mahogany, Silver mountain mahogany, Island mountain mahogany,; uncategorised; 6
Cereus hildmannianus; Hildmania cactus; Height: 9m, growing slowly. Hardiness: 9-12. Light: full sun. Water preference: dry - moist.; Hedge cactus; Food forest; 9
Cereus repandus; Peruvian apple cactus; Height: 10m, growing slowly. Hardiness: 9-12. Light: full sun. Water preference: dry - moist.; ; Food forest; 9
Ceroxylon alpinum; Wax Palm; Height: 20m, growing slowly. Hardiness: 8-11. Light: semi-shade or full sun. Water preference: moist.; ; uncategorised; 8
Ceroxylon quindiuense; Wax Palm; Height: 20m, growing slowly. Hardiness: 8-11. Light: semi-shade or full sun. Water preference: moist.; ; uncategorised; 8
Ceroxylon utile; Wax Palm; Height: 20m, growing slowly. Hardiness: 8-11. Light: semi-shade or full sun. Water preference: moist.; ; uncategorised; 8
Chaenomeles cathayensis; Chinese Quince; Height: 3m. Hardiness: 4-8. Light: semi-shade or full sun. Water preference: moist.; ; Food forest; 4
Chaenomeles japonica; Dwarf Quince; Height: 1m, growing at a medium rate. Hardiness: 5-8. Light: full shade or semi-shade or full sun. Water preference: moist.; Maule's quince, Japanese Flowering Quince; Food forest; 5
Chaenomeles speciosa; Japanese Quince; Height: 3m, growing at a medium rate. Hardiness: 4-8. Light: full shade or semi-shade or full sun. Water preference: moist.; Flowering quince; Food forest; 4
Chaenomeles x californica; California Quince; Height: 1.8m, growing at a medium rate. Hardiness: 4-8. Light: semi-shade or full sun. Water preference: moist.; ; Food forest; 4
Chaenomeles x superba; Dwarf Quince; Height: 1m, growing fast. Hardiness: 5-8. Light: full shade or semi-shade or full sun. Water preference: moist.; Flowering Quince; Food forest; 5
Chamaecrista rotundifolia; Round-leaf cassia; Height: 1m, growing fast. Hardiness: 9-11. Light: semi-shade or full sun. Water preference: dry - moist.; ; uncategorised; 9
Chamaecyparis lawsoniana; Lawson Cypress; Height: 25m, growing at a medium rate. Hardiness: 5-7. Light: semi-shade or full sun. Water preference: dry - moist.; Port orford cedar, Oregon Cedar, Port Orford Cedar, Lawson's Cypress; uncategorised; 5
Chamaecyparis nootkatensis; Nootka Cypress; Height: 15m, growing at a medium rate. Hardiness: 4-8. Light: semi-shade or full sun. Water preference: dry - moist.; Nootka Cypress, Yellow Cypress, Alaska Cedar; uncategorised; 4
Chamaecyparis obtusa; Japanese cypress; Height: 40m, growing at a medium rate. Hardiness: 4-8. Light: full sun. Water preference: moist.; ; uncategorised; 4
Chamaecyparis pisifera; Sawara cypress; Height: 40m, growing at a medium rate. Hardiness: 4-8. Light: semi-shade or full sun. Water preference: moist.; ; uncategorised; 4
Chamaecyparis thyoides; White Cypress; Height: 10m, growing slowly. Hardiness: 4-9. Light: semi-shade or full sun. Water preference: unknown moisture.; Atlantic white cedar, Coast White Cedar, Southern White Cedar, White Cypress; uncategorised; 4
Chamaecytisus proliferus; Tagasaste. Tree lucerne.; Height: 4m, growing fast. Hardiness: 8-12. Light: full sun. Water preference: dry - moist.; ; uncategorised; 8
Chamaedorea tepejilote; Pacaya Palm; Height: 7m, growing fast. Hardiness: 10-12. Light: full shade or semi-shade. Water preference: moist.; Palmito dulce; Food forest; 10
Chamaerops humilis; Dwarf Fan Palm; Height: 1.5m, growing slowly. Hardiness: 8-11. Light: semi-shade or full sun. Water preference: dry - moist.; European fan palm, Hair Palm, Mediterranean Fan Palm; uncategorised; 8
Chiliotrichum diffusum; ; Height: 1m, growing slowly. Hardiness: 7-10. Light: full sun. Water preference: dry - moist.; ; uncategorised; 7
Chilopsis linearis; Desert Willow; Height: 9m, growing at a medium rate. Hardiness: 7-11. Light: semi-shade or full sun. Water preference: moist.; ; uncategorised; 7
Chimaphila maculata; Spotted Wintergreen; Height: 0.3m, growing slowly. Hardiness: 6-7. Light: semi-shade or full sun. Water preference: moist.; Striped prince's pine, Pipsissewa; uncategorised; 6
Chimaphila umbellata; Pipsissewa; Height: 0.4m, growing slowly. Hardiness: 4-8. Light: full shade or semi-shade. Water preference: moist.; ; uncategorised; 4
Chimonanthus praecox; Winter Sweet; Height: 3m, growing at a medium rate. Hardiness: 7-9. Light: full sun. Water preference: moist.; ; uncategorised; 7
Chiococca alba; West Indian Snow Berry; Height: 6m, growing at a medium rate. Hardiness: 10-12. Light: full sun. Water preference: moist.; David's rot, Skunk-root, Snowberry.; uncategorised; 10
Chionanthus virginicus; Fringe Tree; Height: 5m, growing fast. Hardiness: 4-9. Light: semi-shade or full sun. Water preference: moist.; White fringetree, Old Man's Beard, Fringe Tree; uncategorised; 4
Chlorocardium rodiei; Greenheart; Height: 30m, growing at a medium rate. Hardiness: 10-12. Light: full sun. Water preference: moist.; Demerara Greenheart; uncategorised; 10
Chloroxylon swietenia; East Indian Satinwood; Height: 18m, growing fast. Hardiness: 10-12. Light: full sun. Water preference: moist.; ; uncategorised; 10
Choisya ternata; Mexican Orange Flower; Height: 3m, growing at a medium rate. Hardiness: 6-9. Light: full shade or semi-shade or full sun. Water preference: moist.; ; uncategorised; 6
Chrysobalanus icaco; Coco Plum; Height: 6m, growing slowly. Hardiness: 10-12. Light: semi-shade or full sun. Water preference: moist.; Paradise Plum; Food forest; 10
Chrysolepis chrysophylla; Golden Chinquapin; Height: 20m, growing at a medium rate. Hardiness: 6-9. Light: semi-shade. Water preference: moist.; Giant chinquapin; uncategorised; 6
Chrysolepis sempervirens; Dwarf Golden Chinquapin; Height: 3m. Hardiness: 5-9. Light: semi-shade. Water preference: moist.; Bush chinquapin; uncategorised; 5
Chrysophyllum cainito; Star Apple; Height: 25m, growing at a medium rate. Hardiness: 10-12. Light: full sun. Water preference: moist.; Caimito; Food forest; 10
Chrysothamnus graveolens; Rubber Rabbitbrush; Height: 2.5m. Hardiness: 7-10. Light: full sun. Water preference: dry - moist.; ; uncategorised; 7
Chukrasia tabularis; Chickrassy; Height: 30m, growing at a medium rate. Hardiness: 9-12. Light: full sun. Water preference: moist.; Chittagong Wood, Indian Redwood.; uncategorised; 9
Chusquea culeou; Culeu; Height: 5m, growing fast. Hardiness: 6-9. Light: semi-shade. Water preference: moist.; ; uncategorised; 6
Chusquea quila; Argentinian quila; Height: 5m. Hardiness: 6-9. Light: semi-shade. Water preference: moist.; ; uncategorised; 6
Ciliosemina pedunculata; Ciliosemina; Height: 3m. Hardiness: 10-12. Light: full sun. Water preference: moist.; ; uncategorised; 10
Cinchona calisaya; Peruvian Bark; Height: 6m, growing at a medium rate. Hardiness: 10-12. Light: semi-shade or full sun. Water preference: moist.; Quinine; uncategorised; 10
Cinchona micrantha; Huannco; Height: 8m, growing at a medium rate. Hardiness: 10-12. Light: semi-shade or full sun. Water preference: moist.; ; uncategorised; 10
Cinchona officinalis; Lojabark; Height: 8m, growing at a medium rate. Hardiness: 10-12. Light: semi-shade or full sun. Water preference: moist.; ; uncategorised; 10
Cinchona pubescens; Quinine tree; Height: 15m, growing fast. Hardiness: 10-12. Light: semi-shade or full sun. Water preference: moist.; Red Bark, Cinchona, Quina, Quinquina, Quinine Bark, Peruvian Bark, Jesuit's Bark; uncategorised; 10
Cinnamomum camphora; Camphor; Height: 6m, growing slowly. Hardiness: 9-11. Light: semi-shade or full sun. Water preference: moist.; Camphortree; uncategorised; 9
Cinnamomum loureiroi; Saigon Cinnamon; Height: 18m, growing at a medium rate. Hardiness: 10-12. Light: semi-shade or full sun. Water preference: moist.; ; Food forest; 10
Cinnamomum verum; Cinnamon; Height: 10m, growing slowly. Hardiness: 10-12. Light: semi-shade or full sun. Water preference: moist.; Ceylon Cinnamon Tree; Food forest; 10
Cissus quadrangularis; Veldt Grape; Height: 5m, growing fast. Hardiness: 10-12. Light: full sun. Water preference: dry - moist.; ; uncategorised; 10
Cistus albidus; Rock Rose; Height: 1m, growing fast. Hardiness: 6-9. Light: full sun. Water preference: dry - moist.; ; uncategorised; 6
Cistus creticus; Rock Rose; Height: 1m. Hardiness: 7-10. Light: full sun. Water preference: dry - moist.; Cretan rockrose; uncategorised; 7
Cistus ladanifer; Labdanum; Height: 1.5m, growing fast. Hardiness: 6-9. Light: full sun. Water preference: dry - moist.; Common gum cistus; uncategorised; 6
Cistus salviifolius; Rock Rose; Height: 0.6m, growing fast. Hardiness: 8-11. Light: full sun. Water preference: dry - moist.; Salvia cistus, Sage Leaf Rock Rose; uncategorised; 8
Citroncirus; Citrumelo; Height: 3m. Hardiness: 7-10. Light: full sun. Water preference: moist.; Citroncirus, Citrange; uncategorised; 7
Citroncirus webberi; Citrange; Height: 0m. Hardiness: 6-9. Light: full sun. Water preference: moist.; ; uncategorised; 6
Citropsis gilletiana; Gillet's cherry-orange; Height: 9m, growing at a medium rate. Hardiness: 10-12. Light: full sun. Water preference: moist.; ; uncategorised; 10
Citrus aurantiifolia; Lime; Height: 6m, growing at a medium rate. Hardiness: 10-12. Light: full sun. Water preference: moist.; Key Lime, Mexican Lime, Mexican Thornless Key Lime; Food forest; 10
Citrus aurantium; Bitter Orange; Height: 9m. Hardiness: 8-11. Light: full sun. Water preference: moist.; Sour orange, Bergamot orange; Food forest; 8
Citrus hystrix; Kaffir Lime; Height: 6m, growing at a medium rate. Hardiness: 9-12. Light: full sun. Water preference: moist.; ; Food forest; 9
Citrus ichangensis; Ichang Papeda; Height: 4.5m. Hardiness: 7-10. Light: full sun. Water preference: moist.; ; uncategorised; 7
Citrus latifolia; Citrus Tahitian Lime; Height: 5m, growing at a medium rate. Hardiness: 9-11. Light: semi-shade. Water preference: moist.; ; Food forest; 9
Citrus limon; Lemon; Height: 3m, growing at a medium rate. Hardiness: 8-11. Light: full sun. Water preference: moist.; ; Food forest; 8
Citrus reticulata; Mandarin; Height: 4.5m. Hardiness: 9-11. Light: full sun. Water preference: moist.; Tangerine, Unshu orange, Satsuma Orange,Temple Orange, Tangerine; Food forest; 9
Citrus sinensis; Sweet Orange; Height: 9m. Hardiness: 9-11. Light: full sun. Water preference: moist.; ; Food forest; 9
Citrus x meyeri; Lemon; Height: 3m, growing at a medium rate. Hardiness: 8-11. Light: full sun. Water preference: moist.; ; Food forest; 8
Citrus x paradisi; Grapefruit; Height: 7m, growing at a medium rate. Hardiness: 9-11. Light: full sun. Water preference: unknown moisture.; Pomelo, Pamplemousse; Food forest; 9
Cladrastis lutea; Yellow Wood; Height: 15m, growing slowly. Hardiness: 4-8. Light: full sun. Water preference: moist.; Virgilia, American Yellow Wood; uncategorised; 4
Clappertonia ficifolia; Bolo Bolo; Height: 2.5m, growing fast. Hardiness: 10-12. Light: full sun. Water preference: unknown moisture.; ; uncategorised; 10
Clarisia racemosa; Tulpay; Height: 25m, growing at a medium rate. Hardiness: 10-12. Light: semi-shade or full sun. Water preference: moist.; Murur; uncategorised; 10
Clematis apiifolia; ; Height: 5m, growing fast. Hardiness: 6-9. Light: semi-shade or full sun. Water preference: moist.; ; uncategorised; 6
Clematis brachyura; ; Height: 1m. Hardiness: 5-9. Light: semi-shade or full sun. Water preference: moist.; ; uncategorised; 5
Clematis buchananiana; ; Height: 6m, growing fast. Hardiness: 6-9. Light: semi-shade or full sun. Water preference: moist.; ; uncategorised; 6
Clematis chinensis; Wei Ling Xian; Height: 5m. Hardiness: 5-9. Light: semi-shade or full sun. Water preference: moist.; ; uncategorised; 5
Clematis columbiana; Rock Clematis; Height: 3m. Hardiness: 4-8. Light: semi-shade or full sun. Water preference: moist.; ; uncategorised; 4
Clematis connata; ; Height: 7m, growing fast. Hardiness: 5-9. Light: semi-shade or full sun. Water preference: moist.; ; uncategorised; 5
Clematis flammula; Fragrant Virgin's Bower; Height: 4m, growing fast. Hardiness: 5-9. Light: semi-shade or full sun. Water preference: moist.; Fragrant clematis; uncategorised; 5
Clematis ianthina; ; Height: 4m. Hardiness: 4-8. Light: semi-shade or full sun. Water preference: moist.; ; uncategorised; 4
Clematis ligusticifolia; White Clematis; Height: 5m. Hardiness: 4-8. Light: semi-shade or full sun. Water preference: moist.; Western white clematis, California clematis,; uncategorised; 4
Clematis microphylla; Headachevine; Height: 3m. Hardiness: 8-11. Light: semi-shade or full sun. Water preference: moist.; ; uncategorised; 8
Clematis orientalis; Oriental virginsbower; Height: 4m. Hardiness: 5-9. Light: semi-shade or full sun. Water preference: moist.; ; uncategorised; 5
Clematis patens; ; Height: 4m. Hardiness: 5-9. Light: semi-shade or full sun. Water preference: moist.; ; uncategorised; 5
Clematis pierotii; ; Height: 3m. Hardiness: 5-9. Light: semi-shade or full sun. Water preference: moist.; ; uncategorised; 5
Clematis serratifolia; ; Height: 3m. Hardiness: 5-9. Light: semi-shade or full sun. Water preference: moist.; ; uncategorised; 5
Clematis tibetana; ; Height: 4m. Hardiness: 5-9. Light: semi-shade or full sun. Water preference: moist.; ; uncategorised; 5
Clematis vitalba; Traveller's Joy; Height: 15m, growing fast. Hardiness: 4-8. Light: semi-shade or full sun. Water preference: moist.; Evergreen clematis; uncategorised; 4
Clerodendrum bungei; Glory Flower; Height: 2m, growing at a medium rate. Hardiness: 7-9. Light: full sun. Water preference: moist.; Rose glorybower, Cashmere Bouquet, Mexican Hydrangea, Glory Bower; uncategorised; 7
Clerodendrum japonicum; Japanese glorybower; Height: 2.5m. Hardiness: 9-11. Light: full sun. Water preference: moist.; ; uncategorised; 9
Clerodendrum trichotomum; Chou Wu Tong; Height: 6m, growing at a medium rate. Hardiness: 6-11. Light: full sun. Water preference: moist.; Harlequin glorybower, Ferruginous clerodendrum, Harlequin Glory Bower; uncategorised; 6
Clethra alnifolia; Sweet Pepper Bush; Height: 2.5m. Hardiness: 4-8. Light: semi-shade or full sun. Water preference: unknown moisture.; Coastal sweetpepperbush, Summer Sweet; uncategorised; 4
Clethra barbinervis; ; Height: 3m. Hardiness: 4-8. Light: semi-shade or full sun. Water preference: moist.; ; uncategorised; 4
Cliftonia monophylla; Ironwood; Height: 4m, growing slowly. Hardiness: 7-10. Light: full sun. Water preference: moist.; Buckwheat tree; uncategorised; 7
Clitoria ternatea; Butterfly pea; Height: 3m, growing fast. Hardiness: 10-11. Light: full sun. Water preference: dry - moist.; ; Food forest; 10
Cneorum tricoccon; Spurge Olive; Height: 0.6m. Hardiness: 8-11. Light: full sun. Water preference: dry - moist.; ; uncategorised; 8
Cnidoscolus aconitifolius; Tree Spinach; Height: 5m, growing fast. Hardiness: 9-11. Light: semi-shade or full sun. Water preference: moist.; Tread Softly, Cabbage Star, Chaya; Food forest; 9
Cnidoscolus elasticus; Highland chilte; Height: 1m, growing fast. Hardiness: 9-11. Light: full sun. Water preference: dry - moist.; ; uncategorised; 9
Cocculus orbiculatus; Queen coralbead; Height: 4m. Hardiness: 6-9. Light: semi-shade or full sun. Water preference: moist.; ; uncategorised; 6
Cocos nucifera; Coconut Palm; Height: 25m, growing at a medium rate. Hardiness: 10-12. Light: full sun. Water preference: moist.; Coconut; Food forest; 10
Coffea arabica; Coffee Arabica; Height: 6m, growing at a medium rate. Hardiness: 9-11. Light: semi-shade or full sun. Water preference: moist.; ; Food forest; 9
Cola acuminata; Cola Nut; Height: 20m, growing at a medium rate. Hardiness: 10-12. Light: full sun. Water preference: moist.; Kola, Bissy Nut; Food forest; 10
Cola nitida; Cola Nut; Height: 20m, growing slowly. Hardiness: 10-12. Light: semi-shade or full sun. Water preference: dry - moist.; Kola, Bissy Nuts; Food forest; 10
Colletia armata; ; Height: 3.5m, growing slowly. Hardiness: 7-10. Light: semi-shade or full sun. Water preference: dry - moist.; ; uncategorised; 7
Colletia paradoxa; ; Height: 3m, growing slowly. Hardiness: 7-10. Light: full sun. Water preference: moist.; ; uncategorised; 7
Colophospermum mopane; Rhodesian ironwood; Height: 12m, growing slowly. Hardiness: 10-12. Light: semi-shade or full sun. Water preference: unknown moisture.; Rhodesian mahogany; uncategorised; 10
Colutea arborescens; Bladder Senna; Height: 3.6m, growing fast. Hardiness: 4-8. Light: semi-shade or full sun. Water preference: dry - moist.; ; uncategorised; 4
Colutea istria; Bladder-senna; Height: 3m. Hardiness: 6-9. Light: semi-shade or full sun. Water preference: dry - moist.; ; uncategorised; 6
Colutea x media; ; Height: 3m, growing fast. Hardiness: 5-9. Light: semi-shade or full sun. Water preference: dry - moist.; ; uncategorised; 5
Commiphora wightii; Guggul; Height: 4m, growing slowly. Hardiness: 10-12. Light: full sun. Water preference: dry - moist.; Indian bdellium-tree; uncategorised; 10
Comptonia peregrina; Sweet Fern; Height: 1.5m, growing at a medium rate. Hardiness: 3-6. Light: semi-shade or full sun. Water preference: dry - moist.; ; Food forest; 3
Comptonia peregrina asplenifolia; Sweet Fern; Height: 1.2m. Hardiness: 4-8. Light: semi-shade or full sun. Water preference: dry - moist.; ; Food forest; 4
Condalia hookeri; Bluewood; Height: 2m. Hardiness: 0-0. Light: semi-shade or full sun. Water preference: moist.; Brazilian bluewood, Edwards' bluewood; uncategorised; 0
Conradina verticillata; Cumberland Rosemary; Height: 0.3m. Hardiness: 6-9. Light: full sun. Water preference: moist.; ; uncategorised; 6
Copaifera coriacea; Sapucaia tree; Height: 20m, growing slowly. Hardiness: 10-12. Light: semi-shade or full sun. Water preference: moist.; ; uncategorised; 10
Copaifera guyanensis; Hoepel; Height: 30m, growing slowly. Hardiness: 10-12. Light: semi-shade or full sun. Water preference: moist.; Guyanense Copaiba; uncategorised; 10
Copaifera langsdorffii; Copaiba; Height: 18m, growing slowly. Hardiness: 10-12. Light: full shade or semi-shade. Water preference: moist.; Langsdorf's copaifera; uncategorised; 10
Copaifera multijuga; Hayne oil; Height: 20m, growing slowly. Hardiness: 10-12. Light: full shade or semi-shade. Water preference: dry - moist.; Copaiba,; uncategorised; 10
Copaifera officinalis; Copaiba Balsam; Height: 22m, growing slowly. Hardiness: 10-12. Light: full shade or semi-shade. Water preference: dry - moist.; Medicinal Copaiba; uncategorised; 10
Copaifera reticulata; Copaiba; Height: 30m, growing slowly. Hardiness: 10-12. Light: full shade or semi-shade. Water preference: dry - moist.; Reticulated Copaiba, Copaiba Balsam; uncategorised; 10
Copernicia alba; Caranday Palm; Height: 18m, growing at a medium rate. Hardiness: 10-12. Light: semi-shade or full sun. Water preference: moist.; Caranda Palm, Caranda Palm Wax; uncategorised; 10
Coprosma acerosa; Sand Coprosma; Height: 0.5m. Hardiness: 7-10. Light: semi-shade or full sun. Water preference: moist.; ; uncategorised; 7
Coprosma areolata; ; Height: 5m. Hardiness: 8-11. Light: semi-shade or full sun. Water preference: moist.; ; uncategorised; 8
Coprosma atropurpurea; ; Height: 0.1m. Hardiness: 6-9. Light: semi-shade or full sun. Water preference: moist.; ; uncategorised; 6
Coprosma billardieri; Native Currant; Height: 3m. Hardiness: 8-11. Light: semi-shade or full sun. Water preference: moist.; ; uncategorised; 8
Coprosma brunnea; ; Height: 0.1m. Hardiness: 7-10. Light: semi-shade or full sun. Water preference: moist.; ; uncategorised; 7
Coprosma foetidissima; ; Height: 5m. Hardiness: 8-11. Light: semi-shade or full sun. Water preference: moist.; ; uncategorised; 8
Coprosma grandifolia; ; Height: 5m. Hardiness: 8-11. Light: semi-shade or full sun. Water preference: moist.; ; uncategorised; 8
Coprosma hirtella; Rough Coprosma; Height: 2m. Hardiness: 8-11. Light: semi-shade or full sun. Water preference: moist.; ; uncategorised; 8
Coprosma lucida; ; Height: 5m. Hardiness: 7-10. Light: semi-shade or full sun. Water preference: moist.; ; uncategorised; 7
Coprosma moorei; ; Height: 0.1m. Hardiness: 8-11. Light: semi-shade or full sun. Water preference: moist.; ; uncategorised; 8
Coprosma nitida; ; Height: 2m. Hardiness: 7-10. Light: semi-shade or full sun. Water preference: moist.; ; uncategorised; 7
Coprosma petriei; ; Height: 0.1m. Hardiness: 6-9. Light: semi-shade or full sun. Water preference: moist.; ; uncategorised; 6
Coprosma propinqua; ; Height: 6m. Hardiness: 6-9. Light: semi-shade or full sun. Water preference: moist.; ; uncategorised; 6
Coprosma pumila; ; Height: 0.1m. Hardiness: 6-9. Light: semi-shade or full sun. Water preference: moist.; ; uncategorised; 6
Coprosma repens; Mirror Plant; Height: 2m. Hardiness: 8-11. Light: semi-shade or full sun. Water preference: moist.; Creeping mirrorplant; uncategorised; 8
Coprosma rhamnoides; ; Height: 2m. Hardiness: 7-10. Light: semi-shade or full sun. Water preference: moist.; ; uncategorised; 7
Coprosma robusta; ; Height: 5m. Hardiness: 8-11. Light: semi-shade or full sun. Water preference: moist.; ; uncategorised; 8
Coprosma rotundifolia; ; Height: 2.4m. Hardiness: 8-11. Light: semi-shade or full sun. Water preference: moist.; ; uncategorised; 8
Coprosma rugosa; ; Height: 3m. Hardiness: 6-9. Light: semi-shade or full sun. Water preference: moist.; ; uncategorised; 6
Coprosma serrulata; ; Height: 0.6m. Hardiness: 7-10. Light: semi-shade or full sun. Water preference: moist.; ; uncategorised; 7
Coprosma virescens; ; Height: 2m. Hardiness: 7-10. Light: semi-shade or full sun. Water preference: moist.; ; uncategorised; 7
Cordeauxia edulis; Yeheb. Yeheb nut; Height: 4m, growing slowly. Hardiness: 10-12. Light: full sun. Water preference: dry - moist.; ; Food forest; 10
Cordia alliodora; Ecuador laurel; Height: 30m, growing fast. Hardiness: 10-12. Light: full sun. Water preference: moist.; Cypre, Onion Cordia, Laurel Blanco; uncategorised; 10
Cordia bicolor; Muneco; Height: 15m, growing fast. Hardiness: 10-12. Light: full sun. Water preference: moist.; ; uncategorised; 10
Cordyline australis; Cabbage Tree; Height: 15m, growing slowly. Hardiness: 7-10. Light: semi-shade or full sun. Water preference: moist.; ; Food forest; 7
Cordyline indivisa; Cabbage Tree; Height: 8m, growing slowly. Hardiness: 7-10. Light: semi-shade or full sun. Water preference: moist.; ; Food forest; 7
Corema album; Portuguese Crowberry; Height: 0.3m. Hardiness: 7-10. Light: semi-shade or full sun. Water preference: dry - moist.; ; uncategorised; 7
Corema conradii; Poverty Grass; Height: 0.3m. Hardiness: 3-7. Light: semi-shade or full sun. Water preference: dry - moist.; Broom crowberry; uncategorised; 3
Coriaria microphylla; ; Height: 1.2m. Hardiness: 7-10. Light: semi-shade or full sun. Water preference: moist.; ; uncategorised; 7
Coriaria myrtifolia; Redoul; Height: 1.8m. Hardiness: 7-10. Light: semi-shade or full sun. Water preference: moist.; ; uncategorised; 7
Coriaria napalensis; Masuri Berry; Height: 2.5m. Hardiness: 7-10. Light: semi-shade or full sun. Water preference: moist.; ; uncategorised; 7
Coriaria ruscifolia; ; Height: 1m. Hardiness: 7-10. Light: full sun. Water preference: moist.; ; uncategorised; 7
Coriaria sarmentosa; Tuhu; Height: 1m. Hardiness: 7-10. Light: full sun. Water preference: moist.; ; uncategorised; 7
Coriaria sinica; ; Height: 5m. Hardiness: 7-10. Light: semi-shade or full sun. Water preference: moist.; ; uncategorised; 7
Coriaria terminalis; ; Height: 1.2m. Hardiness: 7-10. Light: semi-shade or full sun. Water preference: moist.; ; uncategorised; 7
Cornus alba; Tartarian Dogwood; Height: 3m, growing fast. Hardiness: 3-7. Light: semi-shade or full sun. Water preference: unknown moisture.; ; uncategorised; 3
Cornus alternifolia; Green Osier; Height: 6m, growing fast. Hardiness: 3-8. Light: full sun. Water preference: dry - moist.; Alternateleaf dogwood, Alternate Leaf Dogwood, Golden Shadows Pagoda Dogwood, Green Osi; uncategorised; 3
Cornus amomum; Silky Dogwood; Height: 3m, growing at a medium rate. Hardiness: 4-8. Light: semi-shade or full sun. Water preference: moist.; ; uncategorised; 4
Cornus asperifolia drummondii; Roughleaf Dogwood; Height: 4m, growing fast. Hardiness: 5-9. Light: full sun. Water preference: moist.; ; uncategorised; 5
Cornus australis; ; Height: 4m. Hardiness: 6-9. Light: semi-shade or full sun. Water preference: moist.; ; uncategorised; 6
Cornus chinensis; ; Height: 10m. Hardiness: 7-10. Light: semi-shade or full sun. Water preference: moist.; ; uncategorised; 7
Cornus controversa; Giant Dogwood; Height: 15m, growing fast. Hardiness: 5-8. Light: semi-shade or full sun. Water preference: moist.; Wedding Cake Tree,; uncategorised; 5
Cornus coreana; ; Height: 20m. Hardiness: 5-9. Light: semi-shade or full sun. Water preference: moist.; ; uncategorised; 5
Cornus elliptica; ; Height: 10m, growing at a medium rate. Hardiness: 7-10. Light: semi-shade or full sun. Water preference: moist.; ; Food forest; 7
Cornus kousa; Japanese Dogwood; Height: 10m, growing slowly. Hardiness: 5-8. Light: semi-shade or full sun. Water preference: moist.; Kousa dogwood, Chinese Dogwood,; Food forest; 5
Cornus kousa chinensis; Japanese Dogwood; Height: 10m. Hardiness: 5-8. Light: semi-shade or full sun. Water preference: moist.; ; Food forest; 5
Cornus macrophylla; Large-Leaf Dogwood; Height: 15m. Hardiness: 5-9. Light: semi-shade or full sun. Water preference: moist.; ; uncategorised; 5
Cornus mas; Cornelian Cherry; Height: 5m, growing at a medium rate. Hardiness: 4-8. Light: semi-shade or full sun. Water preference: moist.; Cornelian Cherry Dogwood; Food forest; 4
Cornus monbeigii; ; Height: 5m. Hardiness: 6-9. Light: semi-shade or full sun. Water preference: moist.; ; uncategorised; 6
Cornus nuttallii; Mountain Dogwood; Height: 10m, growing at a medium rate. Hardiness: 6-8. Light: semi-shade or full sun. Water preference: dry - moist.; Pacific dogwood, Western Dogwood; uncategorised; 6
Cornus oblonga; Oblong-Petal Dogwood; Height: 6m. Hardiness: 8-11. Light: semi-shade or full sun. Water preference: moist.; ; uncategorised; 8
Cornus occidentalis; Western Dogwood; Height: 6m. Hardiness: 5-9. Light: semi-shade or full sun. Water preference: moist.; ; uncategorised; 5
Cornus officinalis; Shan Zhu Yu; Height: 10m, growing at a medium rate. Hardiness: 5-8. Light: semi-shade or full sun. Water preference: moist.; Asiatic dogwood, Japanese Cornel Dogwood; Food forest; 5
Cornus poliophylla; ; Height: 4m. Hardiness: 6-9. Light: semi-shade or full sun. Water preference: moist.; ; uncategorised; 6
Cornus quinquenervis; ; Height: 3m. Hardiness: 4-8. Light: semi-shade or full sun. Water preference: moist.; ; uncategorised; 4
Cornus rugosa; Round-Leaved Dogwood; Height: 3m. Hardiness: 4-8. Light: semi-shade or full sun. Water preference: dry - moist.; ; uncategorised; 4
Cornus sanguinea; Dogwood; Height: 3m. Hardiness: 4-8. Light: semi-shade or full sun. Water preference: moist.; Bloodtwig dogwood; uncategorised; 4
Cornus sericea; Red Osier Dogwood; Height: 2.5m, growing fast. Hardiness: 2-7. Light: semi-shade or full sun. Water preference: unknown moisture.; Western dogwood; uncategorised; 2
Cornus sessilis; Blackfruit dogwood; Height: 3m. Hardiness: 6-9. Light: semi-shade or full sun. Water preference: moist.; ; uncategorised; 6
Cornus walteri; ; Height: 10m. Hardiness: 5-9. Light: semi-shade or full sun. Water preference: moist.; ; uncategorised; 5
Cornus wilsoniana; ; Height: 10m. Hardiness: 5-9. Light: semi-shade or full sun. Water preference: moist.; ; uncategorised; 5
Corokia x virgata; ; Height: 3m. Hardiness: 7-10. Light: semi-shade or full sun. Water preference: moist.; ; uncategorised; 7
Coronilla emerus; Scorpion Senna; Height: 2.7m. Hardiness: 5-9. Light: full sun. Water preference: dry - moist.; ; uncategorised; 5
Correa alba; Cape Barren Tea; Height: 1.5m. Hardiness: 8-11. Light: full sun. Water preference: moist.; ; uncategorised; 8
Corylus americana; American Hazel; Height: 3m. Hardiness: 4-8. Light: semi-shade or full sun. Water preference: moist.; ; Food forest; 4
Corylus avellana; Common Hazel; Height: 6m, growing at a medium rate. Hardiness: 4-8. Light: semi-shade or full sun. Water preference: moist.; Common filbert, European Filbert, Harry Lauder's Walking Stick, Corkscrew Hazel, Hazel; Food forest; 4
Corylus chinensis; Chinese Hazel; Height: 24m. Hardiness: 5-9. Light: semi-shade or full sun. Water preference: moist.; ; uncategorised; 5
Corylus colurna; Turkish Hazel; Height: 20m, growing slowly. Hardiness: 4-7. Light: semi-shade or full sun. Water preference: moist.; Chinese hazelnut, Turkish Filbert, Turkish Hazel; Food forest; 4
Corylus cornuta; Beaked Hazel; Height: 3m. Hardiness: 4-7. Light: semi-shade or full sun. Water preference: moist.; California hazelnut, Turkish Filbert, Turkish Hazel; Food forest; 4
Corylus cornuta californica; California Hazel; Height: 8m. Hardiness: 4-8. Light: semi-shade or full sun. Water preference: moist.; ; Food forest; 4
Corylus ferox; Himalayan Hazel; Height: 10m. Hardiness: 7-10. Light: semi-shade or full sun. Water preference: moist.; Tibetan hazelnut; uncategorised; 7
Corylus heterophylla; Siberian Filbert; Height: 7m. Hardiness: 4-8. Light: semi-shade or full sun. Water preference: moist.; ; Food forest; 4
Corylus hybrids & neohybrids; Hybrid & Neohybrids; Height: 25m, growing at a medium rate. Hardiness: 4-9. Light: semi-shade or full sun. Water preference: moist.; Hazel, Filbert; Food forest; 4
Corylus jacquemontii; Indian Tree Hazel; Height: 25m. Hardiness: 6-9. Light: semi-shade or full sun. Water preference: moist.; ; Food forest; 6
Corylus maxima; Filbert; Height: 6m. Hardiness: 4-8. Light: semi-shade or full sun. Water preference: moist.; Giant filbert; Food forest; 4
Corylus sieboldiana; Japanese Hazel; Height: 5m. Hardiness: 5-9. Light: semi-shade or full sun. Water preference: moist.; Manchurian hazel; Food forest; 5
Corylus sieboldiana mandschurica; Hairy hazel; Height: 4.5m. Hardiness: 5-9. Light: semi-shade or full sun. Water preference: moist.; Japanese hazelnut,; Food forest; 5
Corylus tibetica; ; Height: 15m. Hardiness: 6-9. Light: semi-shade or full sun. Water preference: moist.; ; uncategorised; 6
Corylus x colurnoides; Trazel; Height: 15m. Hardiness: 0-0. Light: semi-shade or full sun. Water preference: moist.; ; Food forest; 0
Corylus x vilmorinii; Chinese Trazel; Height: 25m. Hardiness: 4-8. Light: semi-shade or full sun. Water preference: moist.; ; uncategorised; 4
Corymbia citriodora; Lemon-Scented Gum; Height: 45m, growing fast. Hardiness: 10-12. Light: full sun. Water preference: moist.; blue spotted gum, lemon eucalyptus, eucalyptus citriodora.; uncategorised; 10
Corynocarpus laevigatus; New Zealand Laurel; Height: 12m. Hardiness: 7-10. Light: semi-shade or full sun. Water preference: moist.; Karaka nut; uncategorised; 7
Corynocarpus spp.; Karaka; Height: 15m, growing fast. Hardiness: 7-10. Light: semi-shade or full sun. Water preference: moist.; ; uncategorised; 7
Cotinus coggygria; Smoke Tree; Height: 5m, growing at a medium rate. Hardiness: 5-8. Light: semi-shade or full sun. Water preference: dry - moist.; European smoketree, Venetian Sumac, Wig Tree, Smoke Tree; uncategorised; 5
Cotinus obovatus; Chittamwood; Height: 10m, growing at a medium rate. Hardiness: 4-8. Light: semi-shade or full sun. Water preference: moist.; American smoketree; uncategorised; 4
Cotoneaster acuminatus; Acuminate cotoneaster; Height: 4m. Hardiness: 4-8. Light: semi-shade or full sun. Water preference: dry - moist.; ; uncategorised; 4
Cotoneaster bacillaris; ; Height: 5m, growing fast. Hardiness: 5-9. Light: semi-shade or full sun. Water preference: dry - moist.; ; uncategorised; 5
Cotoneaster conspicuus; Tibetan Cotoneaster; Height: 3m, growing at a medium rate. Hardiness: 6-8. Light: semi-shade or full sun. Water preference: dry - moist.; Cotoneaster; uncategorised; 6
Cotoneaster coriaceus; ; Height: 4m, growing fast. Hardiness: 5-9. Light: semi-shade or full sun. Water preference: dry - moist.; ; uncategorised; 5
Cotoneaster divaricatus; Spreading Cotoneaster; Height: 2m, growing fast. Hardiness: 4-8. Light: semi-shade or full sun. Water preference: dry - moist.; ; uncategorised; 4
Cotoneaster franchetii; Orange cotoneaster; Height: 3m. Hardiness: 5-9. Light: full shade or semi-shade or full sun. Water preference: dry - moist.; ; uncategorised; 5
Cotoneaster frigidus; ; Height: 10m, growing fast. Hardiness: 6-9. Light: full shade or semi-shade or full sun. Water preference: dry - moist.; ; uncategorised; 6
Cotoneaster glaucophyllus; ; Height: 3m, growing at a medium rate. Hardiness: 6-9. Light: semi-shade or full sun. Water preference: dry - moist.; ; uncategorised; 6
Cotoneaster microphyllus; ; Height: 1m, growing slowly. Hardiness: 4-8. Light: semi-shade or full sun. Water preference: dry - moist.; ; uncategorised; 4
Cotoneaster racemiflorus; Black-Wood; Height: 2.4m, growing at a medium rate. Hardiness: 3-7. Light: semi-shade or full sun. Water preference: dry - moist.; Cotoneaster; uncategorised; 3
Cotoneaster serotinus; ; Height: 6m, growing at a medium rate. Hardiness: 6-9. Light: semi-shade or full sun. Water preference: dry - moist.; ; uncategorised; 6
Cotoneaster simonsii; Simons' cotoneaster; Height: 3m, growing fast. Hardiness: 4-8. Light: semi-shade or full sun. Water preference: dry - moist.; ; uncategorised; 4
Cotoneaster wardii; ; Height: 4m. Hardiness: 5-9. Light: semi-shade or full sun. Water preference: dry - moist.; ; uncategorised; 5
Cotoneaster x watereri; ; Height: 5m, growing at a medium rate. Hardiness: 5-9. Light: semi-shade or full sun. Water preference: dry - moist.; ; uncategorised; 5
Couepia bracteosa; Pajura; Height: 15m, growing at a medium rate. Hardiness: 10-12. Light: semi-shade or full sun. Water preference: moist.; ; Food forest; 10
Coula edulis; African Walnut; Height: 20m, growing at a medium rate. Hardiness: 10-12. Light: semi-shade or full sun. Water preference: moist.; ; Food forest; 10
Couma macrocarpa; Barca; Height: 25m, growing at a medium rate. Hardiness: 10-12. Light: semi-shade or full sun. Water preference: moist.; Milk Tree, Couba, Sorva, Sorva grande; Food forest; 10
Couma utilis; Sorva; Height: 12m, growing at a medium rate. Hardiness: 10-12. Light: semi-shade or full sun. Water preference: moist.; Milk Tree; Food forest; 10
Cowania mexicana; Cliffrose; Height: 2m. Hardiness: 8-11. Light: full sun. Water preference: dry - moist.; ; uncategorised; 8
Crataegomespilus dardarii; Bronvaux Medlar; Height: 5m, growing at a medium rate. Hardiness: 5-9. Light: semi-shade or full sun. Water preference: moist.; ; Food forest; 5
Crataegus acclivis; ; Height: 8m. Hardiness: 4-8. Light: semi-shade or full sun. Water preference: unknown moisture.; ; Food forest; 4
Crataegus aestivalis; Eastern Mayhaw; Height: 9m, growing at a medium rate. Hardiness: 6-11. Light: semi-shade or full sun. Water preference: unknown moisture.; May hawthorn, Mayhaw, Apple Hawthorn; Food forest; 6
Crataegus altaica; Altai Mountain Thorn; Height: 6m. Hardiness: 4-8. Light: semi-shade or full sun. Water preference: unknown moisture.; ; Food forest; 4
Crataegus anomala; Arnold hawthorn; Height: 5m. Hardiness: 4-8. Light: semi-shade or full sun. Water preference: unknown moisture.; ; Food forest; 4
Crataegus apiifolia; Parsley-Leaved Hawthorn; Height: 4m. Hardiness: 6-9. Light: semi-shade or full sun. Water preference: unknown moisture.; ; uncategorised; 6
Crataegus aprica; Sunny Hawthorn; Height: 6m. Hardiness: 5-9. Light: semi-shade or full sun. Water preference: unknown moisture.; ; Food forest; 5
Crataegus arnoldiana; Arnold Hawthorn; Height: 7m. Hardiness: 5-9. Light: semi-shade or full sun. Water preference: unknown moisture.; ; Food forest; 5
Crataegus azarolus; Azarole; Height: 10m, growing at a medium rate. Hardiness: 5-9. Light: semi-shade or full sun. Water preference: unknown moisture.; ; Food forest; 5
Crataegus baroussana; Tejocote; Height: 2m. Hardiness: 0-0. Light: semi-shade or full sun. Water preference: unknown moisture.; ; Food forest; 0
Crataegus caesa; ; Height: 3m. Hardiness: 6-9. Light: semi-shade or full sun. Water preference: unknown moisture.; ; Food forest; 6
Crataegus canadensis; Canadian hawthorn; Height: 9m. Hardiness: 0-0. Light: semi-shade or full sun. Water preference: unknown moisture.; ; uncategorised; 0
Crataegus canbyi; Cockspur hawthorn; Height: 5m, growing at a medium rate. Hardiness: 4-7. Light: semi-shade or full sun. Water preference: unknown moisture.; Dwarf Hawthorn, Cockspur Hawthorn; uncategorised; 4
Crataegus champlainensis; Quebec hawthorn; Height: 6m. Hardiness: 5-9. Light: semi-shade or full sun. Water preference: unknown moisture.; ; Food forest; 5
Crataegus chrysocarpa; Fireberry Hawthorn; Height: 6m. Hardiness: 4-8. Light: semi-shade or full sun. Water preference: unknown moisture.; Red haw, Piper's hawthorn,; Food forest; 4
Crataegus coccinoides; Kansas Hawthorn; Height: 6m. Hardiness: 4-8. Light: semi-shade or full sun. Water preference: unknown moisture.; ; Food forest; 4
Crataegus columbiana; Columbian Hawthorn; Height: 5m. Hardiness: 4-8. Light: semi-shade or full sun. Water preference: unknown moisture.; ; Food forest; 4
Crataegus crus-galli; Cockspur Thorn; Height: 10m, growing at a medium rate. Hardiness: 4-7. Light: semi-shade or full sun. Water preference: unknown moisture.; Cockspur hawthorn, Dwarf Hawthorn; uncategorised; 4
Crataegus cuneata; Sanzashi; Height: 15m. Hardiness: 5-9. Light: semi-shade or full sun. Water preference: unknown moisture.; Chinese hawthorn; Food forest; 5
Crataegus dilatata; Broadleaf hawthorn; Height: 6m. Hardiness: 0-0. Light: semi-shade or full sun. Water preference: unknown moisture.; ; Food forest; 0
Crataegus dispessa; Mink hawthorn; Height: 8m. Hardiness: 0-0. Light: semi-shade or full sun. Water preference: unknown moisture.; ; Food forest; 0
Crataegus douglasii; Black Hawthorn; Height: 9m. Hardiness: 4-8. Light: semi-shade or full sun. Water preference: unknown moisture.; ; Food forest; 4
Crataegus durobrivensis; Caughuawaga Hawthorn; Height: 5m. Hardiness: 4-8. Light: semi-shade or full sun. Water preference: unknown moisture.; ; Food forest; 4
Crataegus ellwangeriana; Scarlet Hawthorn; Height: 6m. Hardiness: 5-7. Light: semi-shade or full sun. Water preference: unknown moisture.; ; Food forest; 5
Crataegus elongata; ; Height: 4m. Hardiness: 0-0. Light: semi-shade or full sun. Water preference: unknown moisture.; ; Food forest; 0
Crataegus festiva; ; Height: 3m. Hardiness: 6-9. Light: semi-shade or full sun. Water preference: unknown moisture.; ; Food forest; 6
Crataegus flabellata; Fanleaf hawthorn; Height: 6m. Hardiness: 4-8. Light: semi-shade or full sun. Water preference: unknown moisture.; ; Food forest; 4
Crataegus flava; Summer Haw; Height: 8m. Hardiness: 5-9. Light: semi-shade or full sun. Water preference: unknown moisture.; Yellowleaf hawthorn; Food forest; 5
Crataegus gemosa; Haw; Height: 8m. Hardiness: 0-0. Light: semi-shade or full sun. Water preference: unknown moisture.; ; Food forest; 0
Crataegus heterophylla; ; Height: 6m. Hardiness: 5-9. Light: semi-shade or full sun. Water preference: unknown moisture.; ; uncategorised; 5
Crataegus holmesiana; Holmes' hawthorn; Height: 10m. Hardiness: 4-8. Light: semi-shade or full sun. Water preference: unknown moisture.; ; Food forest; 4
Crataegus hupehensis; ; Height: 5m. Hardiness: 5-9. Light: semi-shade or full sun. Water preference: unknown moisture.; ; Food forest; 5
Crataegus intricata; Copenhagen hawthorn; Height: 3m. Hardiness: 4-8. Light: semi-shade or full sun. Water preference: unknown moisture.; ; Food forest; 4
Crataegus jackii; ; Height: 3m. Hardiness: 4-8. Light: semi-shade or full sun. Water preference: unknown moisture.; ; uncategorised; 4
Crataegus jonesiae; Miss jones' hawthorn; Height: 6m. Hardiness: 4-8. Light: semi-shade or full sun. Water preference: unknown moisture.; ; uncategorised; 4
Crataegus laciniata; ; Height: 6m. Hardiness: 5-9. Light: semi-shade or full sun. Water preference: unknown moisture.; ; Food forest; 5
Crataegus laevigata; Midland Hawthorn; Height: 6m, growing at a medium rate. Hardiness: 4-8. Light: full shade or semi-shade or full sun. Water preference: unknown moisture.; Smooth hawthorn, English Hawthorn; Food forest; 4
Crataegus maximowiczii; ; Height: 7m. Hardiness: 4-8. Light: semi-shade or full sun. Water preference: unknown moisture.; ; uncategorised; 4
Crataegus meyeri; ; Height: 4m. Hardiness: 0-0. Light: semi-shade or full sun. Water preference: unknown moisture.; ; Food forest; 0
Crataegus missouriensis; ; Height: 6m. Hardiness: 4-8. Light: semi-shade or full sun. Water preference: unknown moisture.; ; Food forest; 4
Crataegus mollis; Red Haw; Height: 9m, growing at a medium rate. Hardiness: 4-8. Light: semi-shade or full sun. Water preference: unknown moisture.; Downy hawthorn; Food forest; 4
Crataegus monogyna; Hawthorn; Height: 6m, growing at a medium rate. Hardiness: 4-8. Light: semi-shade or full sun. Water preference: unknown moisture.; Oneseed hawthorn; Food forest; 4
Crataegus nigra; Hungarian Hawthorn; Height: 6m. Hardiness: 5-9. Light: semi-shade or full sun. Water preference: unknown moisture.; ; uncategorised; 5
Crataegus opaca; Western Mayhaw; Height: 9m, growing at a medium rate. Hardiness: 4-8. Light: semi-shade or full sun. Water preference: unknown moisture.; ; Food forest; 4
Crataegus pedicellata; Scarlet Haw; Height: 7m. Hardiness: 4-8. Light: semi-shade or full sun. Water preference: unknown moisture.; Scarlet hawthorn; Food forest; 4
Crataegus pedicellata gloriosa; Scarlet Haw; Height: 7m. Hardiness: 4-8. Light: semi-shade or full sun. Water preference: unknown moisture.; ; Food forest; 4
Crataegus pennsylvanica; ; Height: 9m. Hardiness: 5-9. Light: semi-shade or full sun. Water preference: unknown moisture.; ; Food forest; 5
Crataegus pentagyna; ; Height: 6m. Hardiness: 5-9. Light: semi-shade or full sun. Water preference: unknown moisture.; ; Food forest; 5
Crataegus phaenopyrum; Washington Thorn; Height: 10m, growing at a medium rate. Hardiness: 4-8. Light: semi-shade or full sun. Water preference: unknown moisture.; Washington Hawthorn; uncategorised; 4
Crataegus pinnatifida; Chinese Haw; Height: 7m. Hardiness: 5-9. Light: semi-shade or full sun. Water preference: unknown moisture.; ; Food forest; 5
Crataegus pinnatifida major; Chinese Haw; Height: 7.5m. Hardiness: 5-9. Light: semi-shade or full sun. Water preference: unknown moisture.; ; Food forest; 5
Crataegus pontica; Turkish Haw; Height: 0m. Hardiness: 0-0. Light: semi-shade or full sun. Water preference: unknown moisture.; ; Food forest; 0
Crataegus pringlei; Pringle's hawthorn; Height: 7m. Hardiness: 0-0. Light: semi-shade or full sun. Water preference: unknown moisture.; ; uncategorised; 0
Crataegus pruinosa; Frosted Hawthorn; Height: 6m. Hardiness: 4-8. Light: semi-shade or full sun. Water preference: unknown moisture.; Waxyfruit hawthorn; Food forest; 4
Crataegus pubescens; Manzanilla; Height: 10m, growing at a medium rate. Hardiness: 6-9. Light: semi-shade or full sun. Water preference: unknown moisture.; ; Food forest; 6
Crataegus pubescens stipulacea; Manzanilla; Height: 9m. Hardiness: 6-9. Light: semi-shade or full sun. Water preference: dry - moist.; ; Food forest; 6
Crataegus punctata; Dotted Hawthorn; Height: 10m. Hardiness: 4-8. Light: semi-shade or full sun. Water preference: unknown moisture.; ; Food forest; 4
Crataegus reverchonii; Reverchon's Hawthorn; Height: 3m. Hardiness: 0-0. Light: semi-shade or full sun. Water preference: unknown moisture.; ; uncategorised; 0
Crataegus rivularis; River Hawthorn; Height: 4m. Hardiness: 4-8. Light: semi-shade or full sun. Water preference: unknown moisture.; ; uncategorised; 4
Crataegus rotundifolia; ; Height: 6m. Hardiness: 4-8. Light: semi-shade or full sun. Water preference: unknown moisture.; ; Food forest; 4
Crataegus sanguinea; ; Height: 6m. Hardiness: 4-8. Light: semi-shade or full sun. Water preference: unknown moisture.; ; uncategorised; 4
Crataegus schraderana; Blue hawthorn; Height: 6m. Hardiness: 5-9. Light: semi-shade or full sun. Water preference: unknown moisture.; ; Food forest; 5
Crataegus songorica; ; Height: 4.5m. Hardiness: 0-0. Light: semi-shade or full sun. Water preference: unknown moisture.; ; Food forest; 0
Crataegus submollis; Quebec Hawthorn; Height: 7m. Hardiness: 4-8. Light: semi-shade or full sun. Water preference: unknown moisture.; ; Food forest; 4
Crataegus succulenta; Fleshy hawthorn; Height: 6m. Hardiness: 4-8. Light: semi-shade or full sun. Water preference: unknown moisture.; ; Food forest; 4
Crataegus szovitskii; ; Height: 0m. Hardiness: 0-0. Light: semi-shade or full sun. Water preference: unknown moisture.; ; Food forest; 0
Crataegus tanacetifolia; Tansy-Leaved Thorn; Height: 10m. Hardiness: 6-8. Light: semi-shade or full sun. Water preference: unknown moisture.; ; Food forest; 6
Crataegus uniflora; Dwarf hawthorn; Height: 3m. Hardiness: 4-8. Light: semi-shade or full sun. Water preference: unknown moisture.; ; uncategorised; 4
Crataegus x grignonensis; ; Height: 4m. Hardiness: 4-8. Light: semi-shade or full sun. Water preference: unknown moisture.; ; Food forest; 4
Crescentia alata; Jicaro. Mexican calabash; Height: 8m, growing at a medium rate. Hardiness: 9-12. Light: full sun. Water preference: dry - moist.; ; uncategorised; 9
Crescentia cujete; Calabash Tree; Height: 10m, growing slowly. Hardiness: 10-12. Light: full sun. Water preference: moist.; ; Food forest; 10
Croton lechleri; Sangre De Grado; Height: 12m, growing fast. Hardiness: 10-12. Light: full sun. Water preference: moist.; Dragon's blood; uncategorised; 10
Croton megalocarpus; Croton tree; Height: 25m, growing fast. Hardiness: 10-12. Light: full sun. Water preference: moist.; ; uncategorised; 10
Croton palanostigma; Sangre De Grado; Height: 12m, growing fast. Hardiness: 10-12. Light: full sun. Water preference: moist.; Dragon's blood; uncategorised; 10
Croton salutaris; Sangre De Grado; Height: 12m, growing fast. Hardiness: 10-12. Light: full sun. Water preference: moist.; Dragon's blood; uncategorised; 10
Cryptocarya alba; Peumo; Height: 12m, growing fast. Hardiness: 9-11. Light: semi-shade or full sun. Water preference: dry - moist.; Chilean acorn; uncategorised; 9
Cryptomeria japonica; Japanese Cedar; Height: 20m, growing fast. Hardiness: 5-8. Light: full sun. Water preference: moist.; Sugi; uncategorised; 5
Cryptostegia grandiflora; India Rubber Vine; Height: 15m, growing fast. Hardiness: 10-12. Light: full sun. Water preference: moist.; ; uncategorised; 10
Cudrania tricuspidata; Silkworm Thorn; Height: 6m, growing slowly. Hardiness: 6-9. Light: full sun. Water preference: moist.; Storehousebush; uncategorised; 6
Cunninghamia lanceolata; Chinese Fir; Height: 15m, growing at a medium rate. Hardiness: 6-9. Light: full sun. Water preference: moist.; ; uncategorised; 6
Cupressocyparis leylandii; Leyland Cypress; Height: 40m, growing fast. Hardiness: 6-10. Light: semi-shade or full sun. Water preference: moist.; ; uncategorised; 6
Cupressus arizonica; Arizona Cypress; Height: 25m, growing at a medium rate. Hardiness: 6-9. Light: full sun. Water preference: dry - moist.; ; uncategorised; 6
Cupressus funebris; Chinese Weeping Cypress; Height: 25m. Hardiness: 7-10. Light: full sun. Water preference: dry - moist.; Mourning-cypress; uncategorised; 7
Cupressus lusitanica; Mexican Cypress; Height: 35m, growing fast. Hardiness: 9-12. Light: semi-shade or full sun. Water preference: moist.; ; uncategorised; 9
Cupressus macrocarpa; Monterey Cypress; Height: 25m, growing fast. Hardiness: 7-10. Light: full sun. Water preference: dry - moist.; ; uncategorised; 7
Cupressus sempervirens; Italian Cypress; Height: 30m, growing at a medium rate. Hardiness: 7-11. Light: full sun. Water preference: dry - moist.; ; uncategorised; 7
Cupressus torulosa; Himalayan Cypress; Height: 40m. Hardiness: 7-10. Light: full sun. Water preference: dry - moist.; ; uncategorised; 7
Cyathodes colensoi; ; Height: 0.3m, growing slowly. Hardiness: 7-10. Light: semi-shade. Water preference: moist.; ; uncategorised; 7
Cyathodes fraseri; ; Height: 0.2m, growing slowly. Hardiness: 7-10. Light: full shade or semi-shade. Water preference: moist.; ; uncategorised; 7
Cycas circinalis; Sago Palm; Height: 3.5m, growing slowly. Hardiness: 10-11. Light: full sun. Water preference: dry - moist.; Queen sago, Fern Palm, Queen Sago Palm; uncategorised; 10
Cycas revoluta; Japanese Sago Palm; Height: 3.5m, growing slowly. Hardiness: 8-11. Light: semi-shade or full sun. Water preference: dry - moist.; Sago palm, King Sago Palm; uncategorised; 8
Cydonia oblonga; Quince; Height: 7.5m, growing at a medium rate. Hardiness: 5-9. Light: full shade or semi-shade or full sun. Water preference: moist.; ; Food forest; 5
Cynometra alexandri; Uganda ironwood; Height: 30m, growing at a medium rate. Hardiness: 10-12. Light: full sun. Water preference: moist.; Muhimbi; uncategorised; 10
Cyphomandra betacea; Tree Tomato; Height: 5m, growing fast. Hardiness: 8-11. Light: full sun. Water preference: moist.; ; Food forest; 8
Cyphomandra casana; Casana; Height: 2m, growing fast. Hardiness: 8-11. Light: full sun. Water preference: moist.; ; Food forest; 8
Cyphomandra fragrans; ; Height: 2m, growing fast. Hardiness: 8-11. Light: full sun. Water preference: moist.; ; Food forest; 8
Cyphomandra hartwegii; Hartweg's cyphomandra; Height: 2m, growing fast. Hardiness: 8-11. Light: full sun. Water preference: moist.; Calylophus; Food forest; 8
Cyrilla racemiflora; Leatherwood; Height: 1.2m, growing slowly. Hardiness: 5-10. Light: full sun. Water preference: moist.; Swamp titi, Black Titi, Swamp, Myrtle, Titi Swamp, Leatherwood; uncategorised; 5
Cytisus decumbens; Prostrate Broom; Height: 0.2m, growing at a medium rate. Hardiness: 5-8. Light: full sun. Water preference: dry - moist.; ; uncategorised; 5
Cytisus scoparius; Broom; Height: 2.4m, growing fast. Hardiness: 5-8. Light: semi-shade or full sun. Water preference: dry - moist.; Scotch broom, Common Broom; uncategorised; 5
Dacryodes edulis; Bush Butter Tree; Height: 20m, growing fast. Hardiness: 11-12. Light: semi-shade or full sun. Water preference: unknown moisture.; Butterfruit, African Plum, bush pear, bush plum, safou; Food forest; 11
Daniellia ogea; Accra copal; Height: 40m, growing at a medium rate. Hardiness: 10-12. Light: full sun. Water preference: moist.; Ogea copal; uncategorised; 10
Dichrostachys cinerea; Marabou Thorn; Height: 8m, growing at a medium rate. Hardiness: 8-12. Light: semi-shade or full sun. Water preference: moist.; Sickle Bush; uncategorised; 8
Dipteryx odorata; Tonka Bean; Height: 30m, growing at a medium rate. Hardiness: 10-12. Light: semi-shade or full sun. Water preference: moist.; Brazilian Teak; Food forest; 10
Ericameria parishii; Heath Goldenrod; Height: 1m. Hardiness: 8-11. Light: semi-shade or full sun. Water preference: moist.; Parish's rabbitbrush; uncategorised; 8
Erythrina fusca; Coral Bean; Height: 15m, growing at a medium rate. Hardiness: 10-12. Light: full sun. Water preference: dry - moist.; Swamp Immortelle; uncategorised; 10
Erythrina subumbrans; Dadap. December tree; Height: 20m, growing fast. Hardiness: 10-12. Light: full sun. Water preference: dry - moist.; ; uncategorised; 10
Erythrina verna; Mulungu; Height: 12m, growing fast. Hardiness: 10-12. Light: full sun. Water preference: dry - moist.; ; uncategorised; 10
Euterpe oleracea; Acai; Height: 25m, growing fast. Hardiness: 10-12. Light: semi-shade or full sun. Water preference: moist.; Assai Palm, Acai Palm; Food forest; 10
Ficus racemosa; Cluster Fig; Height: 12m, growing fast. Hardiness: 9-12. Light: semi-shade or full sun. Water preference: moist.; ; Food forest; 9
Flemingia macrophylla; Enoki-mame; Height: 3m, growing at a medium rate. Hardiness: 10-12. Light: semi-shade or full sun. Water preference: unknown moisture.; ; uncategorised; 10
Fortunella japonica; Round Kumquat; Height: 2.5m. Hardiness: 8-11. Light: semi-shade or full sun. Water preference: moist.; ; Food forest; 8
Fremontodendron californicum; Flannel Flower; Height: 6m, growing at a medium rate. Hardiness: 9-11. Light: semi-shade or full sun. Water preference: dry - moist.; California flannelbush, Common Flannel Bush; uncategorised; 9
Gaultheria hispidula; Creeping Snowberry; Height: 0.1m, growing fast. Hardiness: 5-9. Light: semi-shade. Water preference: unknown moisture.; ; Food forest; 5
Genista sagittalis; Winged Broom; Height: 0.3m, growing at a medium rate. Hardiness: 3-8. Light: semi-shade or full sun. Water preference: dry - moist.; Arrow Broom; uncategorised; 3
Guibourtia coleosperma; Bushman bean; Height: 20m, growing slowly. Hardiness: 10-12. Light: full sun. Water preference: moist.; Large false mopane; uncategorised; 10
Guibourtia copallifera; Kobo Tree; Height: 20m, growing slowly. Hardiness: 10-12. Light: full sun. Water preference: moist.; Sierra Leone gum copal; uncategorised; 10
Guibourtia demeusei; African Rosewood; Height: 25m, growing slowly. Hardiness: 10-12. Light: full sun. Water preference: unknown moisture.; ; uncategorised; 10
Guibourtia tessmannii; Bubinga; Height: 50m, growing slowly. Hardiness: 10-12. Light: full sun. Water preference: moist.; Kevazingo; uncategorised; 10
Hibiscus radiatus; Monarch Rosemallow. Ruby hibiscus; Height: 2m, growing at a medium rate. Hardiness: 9-11. Light: semi-shade or full sun. Water preference: moist.; Clavelina; uncategorised; 9
Homalanthus populifolius; Bleeding Heart; Height: 5m, growing fast. Hardiness: 10-12. Light: full shade or semi-shade or full sun. Water preference: moist.; Queensland Poplar; uncategorised; 10
Hylocereus megalanthus; Yellow Pitaya; Height: 2m, growing fast. Hardiness: 10-12. Light: full sun. Water preference: dry - moist.; ; Food forest; 10
Hylocereus undatus; Dragon Fruit; Height: 4m, growing fast. Hardiness: 10-12. Light: semi-shade or full sun. Water preference: dry - moist.; Red Pitaya; Food forest; 10
Hymenaea martiana; Copal; Height: 13m, growing slowly. Hardiness: 10-12. Light: full sun. Water preference: moist.; ; uncategorised; 10
Hyphaene thebaica; Doum Palm. Gingerbread palm.; Height: 10m, growing slowly. Hardiness: 10-12. Light: full sun. Water preference: dry - moist.; ; uncategorised; 10
Jatropha curcas; Physic Nut; Height: 6m, growing fast. Hardiness: 9-12. Light: full sun. Water preference: unknown moisture.; Barbados Nut; uncategorised; 9
Laburnum alpinum; Scotch Laburnum; Height: 5m, growing fast. Hardiness: 4-7. Light: semi-shade or full sun. Water preference: dry - moist.; Alpine Bea Tree, Alpine Golden Chain Tree; uncategorised; 4
Lantana camara; Wild Sage; Height: 1.8m, growing fast. Hardiness: 8-12. Light: semi-shade or full sun. Water preference: unknown moisture.; Lantana Verbena; uncategorised; 8
Lecythis minor; Coco de mono; Height: 15m, growing at a medium rate. Hardiness: 10-12. Light: full sun. Water preference: moist.; ; Food forest; 10
Lecythis pisonis; Paradise Nut. Brazilian Monkey Pot; Height: 40m, growing at a medium rate. Hardiness: 10-12. Light: full sun. Water preference: unknown moisture.; ; Food forest; 10
Maackia amurensis; Chinese Yellow Wood; Height: 6m, growing slowly. Hardiness: 4-7. Light: full sun. Water preference: dry - moist.; Amur maackia; uncategorised; 4
Maclura cochinchinensis; Cockspur Thorn; Height: 10m, growing slowly. Hardiness: 10-12. Light: full sun. Water preference: unknown moisture.; Thorny Cockspur; uncategorised; 10
Malus florentina; Hawthorn-leaf crab apple; Height: 8m. Hardiness: 4-8. Light: semi-shade or full sun. Water preference: unknown moisture.; ; uncategorised; 4
Malus trilobata; ; Height: 15m. Hardiness: 5-9. Light: semi-shade or full sun. Water preference: moist.; ; uncategorised; 5
Melaleuca leucadendra; Paperbark; Height: 30m, growing fast. Hardiness: 10-12. Light: full sun. Water preference: moist.; Weeping Paperbark; uncategorised; 10
Mesua ferrea; Surli nut; Height: 18m, growing slowly. Hardiness: 10-12. Light: semi-shade or full sun. Water preference: moist.; Poached Egg Tree; Food forest; 10
Metroxylon amicarum; Caroline Ivory Nut Palm; Height: 25m, growing fast. Hardiness: 10-12. Light: full sun. Water preference: unknown moisture.; ; Food forest; 10
Milicia excelsa; African Teak; Height: 50m, growing at a medium rate. Hardiness: 10-12. Light: full sun. Water preference: dry - moist.; ; uncategorised; 10
Milicia regia; Oroko; Height: 30m, growing fast. Hardiness: 10-12. Light: full sun. Water preference: moist.; Iroko; uncategorised; 10
Morus mesozygia; African mulberry; Height: 30m, growing fast. Hardiness: 10-12. Light: full sun. Water preference: moist.; ; uncategorised; 10
Myrica cerifera; Wax Myrtle - Bayberry Wild Cinnamon; Height: 9m, growing fast. Hardiness: 7-11. Light: semi-shade or full sun. Water preference: moist.; Southern Bayberry, Wax Myrtle, Southern Wax Myrtle; Food forest; 7
Nopalea cochenillifera; Cochineal plant.; Height: 5m, growing slowly. Hardiness: 9-11. Light: full sun. Water preference: dry - moist.; ; uncategorised; 9
Nypa fruticans; Nipa Palm; Height: 5m, growing at a medium rate. Hardiness: 11-12. Light: full sun. Water preference: unknown moisture.; Mangrove Palm; Food forest; 11
Ocotea porosa; Brazilian-walnut; Height: 18m, growing slowly. Hardiness: 10-12. Light: full sun. Water preference: moist.; imbuia; uncategorised; 10
Orixa japonica; ; Height: 3m. Hardiness: 5-9. Light: full shade or semi-shade or full sun. Water preference: dry - moist.; ; uncategorised; 5
Palaquium gutta; Gutta-Percha; Height: 20m, growing fast. Hardiness: 10-12. Light: full sun. Water preference: moist.; ; uncategorised; 10
Pausinystalia johimbe; Yohimbe; Height: 25m, growing at a medium rate. Hardiness: 10-12. Light: semi-shade or full sun. Water preference: moist.; ; uncategorised; 10
Pausinystalia macroceras; False johimbe; Height: 18m, growing slowly. Hardiness: 10-12. Light: semi-shade. Water preference: moist.; ; uncategorised; 10
Pentadiplandra brazzeana; Joy perfume tree; Height: 12m, growing fast. Hardiness: 10-12. Light: full sun. Water preference: moist.; j'oubli; Food forest; 10
Photinia glabra; Japanese Photinia; Height: 6m, growing at a medium rate. Hardiness: 7-10. Light: semi-shade or full sun. Water preference: moist.; Red Top, Red Leaf Photinia,; uncategorised; 7
Phyllanthus emblica; Emblica; Height: 15m, growing slowly. Hardiness: 10-12. Light: full sun. Water preference: dry - moist.; Indian Gooseberry; Food forest; 10
Pongamia pinnata; Pongam; Height: 20m, growing fast. Hardiness: 10-12. Light: full shade or semi-shade or full sun. Water preference: unknown moisture.; Karum Tree, Poonga-Oil Tree, Indian Beech; uncategorised; 10
Pouteria guianensis; Asepoko.; Height: 25m, growing at a medium rate. Hardiness: 10-12. Light: full sun. Water preference: moist.; ; uncategorised; 10
Prosopis africana; Pau Carvão. Mesquite. Iron tree; Height: 10m, growing slowly. Hardiness: 10-12. Light: full sun. Water preference: moist.; ; uncategorised; 10
Prunus avium; Wild Cherry; Height: 18m, growing fast. Hardiness: 3-7. Light: semi-shade or full sun. Water preference: moist.; Sweet cherry; Food forest; 3
Prunus cerasus; Sour Cherry; Height: 6m. Hardiness: 3-7. Light: semi-shade or full sun. Water preference: moist.; ; uncategorised; 3
Prunus incana; ; Height: 2m. Hardiness: 5-9. Light: full sun. Water preference: dry - moist.; ; uncategorised; 5
Prunus incisa; Fuji Cherry; Height: 6m, growing slowly. Hardiness: 5-7. Light: semi-shade or full sun. Water preference: moist.; ; Food forest; 5
Prunus napaulensis; ; Height: 20m. Hardiness: 6-9. Light: semi-shade or full sun. Water preference: moist.; ; uncategorised; 6
Prunus pumila besseyi; Sand cherry; Height: 2m, growing at a medium rate. Hardiness: 3-6. Light: semi-shade or full sun. Water preference: dry - moist.; Rocky Mountain cherry; Food forest; 3
Prunus serotina; Rum Cherry - Wild Cherry; Height: 18m, growing fast. Hardiness: 3-9. Light: full sun. Water preference: moist.; Black Cherry, Wild Black Cherry; Food forest; 3
Prunus x gondouinii; Duke Cherry; Height: 6m. Hardiness: 4-8. Light: semi-shade or full sun. Water preference: moist.; ; uncategorised; 4
Pseudocydonia sinensis; Chinese Quince; Height: 6m, growing slowly. Hardiness: 5-8. Light: full sun. Water preference: moist.; Quince; uncategorised; 5
Pyracantha angustifolia; Narrowleaf firethorn; Height: 3m, growing fast. Hardiness: 6-10. Light: semi-shade or full sun. Water preference: moist.; Pyracantha; uncategorised; 6
Pyracantha coccinea; Firethorn; Height: 4m, growing fast. Hardiness: 6-9. Light: full shade or semi-shade or full sun. Water preference: moist.; Scarlet firethorn, Pyracantha, Firethorn; uncategorised; 6
Pyracantha crenulata; Nepalese White Thorn; Height: 6m. Hardiness: 6-9. Light: semi-shade or full sun. Water preference: moist.; Nepalese firethorn; uncategorised; 6
Pyronia veitchii; ; Height: 5m. Hardiness: 5-9. Light: full sun. Water preference: moist.; ; Food forest; 5
Quercus acuta; Japanese Evergreen Oak; Height: 25m, growing at a medium rate. Hardiness: 6-9. Light: semi-shade or full sun. Water preference: moist.; ; uncategorised; 6
Rhamnus cathartica; Common Buckthorn; Height: 6m. Hardiness: 3-7. Light: semi-shade or full sun. Water preference: dry - moist.; ; uncategorised; 3
Rhaphiolepis indica; Indian Hawthorn; Height: 1.5m, growing slowly. Hardiness: 8-11. Light: full sun. Water preference: dry - moist.; ; uncategorised; 8
Rhodomyrtus tomentosa; Ceylon Hill Gooseberry; Height: 4m, growing fast. Hardiness: 9-11. Light: full sun. Water preference: moist.; ; Food forest; 9
Ricinus communis; Castor-Oil Plant; Height: 1.5m, growing fast. Hardiness: 10-11. Light: full sun. Water preference: moist.; Castorbean, Palma Christi, Wonder Tree, Castor Oil Plant; uncategorised; 10
Sabal palmetto; Cabbage Palmetto; Height: 6m, growing slowly. Hardiness: 8-11. Light: full sun. Water preference: moist.; Blue Palmetto, Common Palmetto; uncategorised; 8
Sapindus saponaria; Soapberry; Height: 10m, growing at a medium rate. Hardiness: 10-12. Light: full sun. Water preference: dry - moist.; Wild Chinaberry, Florida Soap Berry, Soap Nut, Soap Tree; uncategorised; 10
Sauropus androgynus; Sweet Leaf; Height: 3m, growing at a medium rate. Hardiness: 10-12. Light: semi-shade or full sun. Water preference: dry - moist.; Sweetleaf Bush, Katuk; Food forest; 10
Schizolobium parahyba; Guapiruvu; Height: 25m, growing fast. Hardiness: 10-12. Light: full sun. Water preference: moist.; ; uncategorised; 10
Schleichera oleosa; Malay Lac Tree. Lac tree; Height: 30m, growing slowly. Hardiness: 10-12. Light: semi-shade or full sun. Water preference: dry - moist.; Ceylon oak; Food forest; 10
Sclerocarya birrea; Marula; Height: 13m, growing fast. Hardiness: 10-12. Light: full sun. Water preference: dry - moist.; ; Food forest; 10
Senna alata; Ringworm Bush; Height: 4m, growing fast. Hardiness: 10-12. Light: full sun. Water preference: moist.; Candle Bush, Empress Candle Plant; uncategorised; 10
Senna auriculata; Matara Tea. Tanner's cassia; Height: 5m, growing fast. Hardiness: 10-12. Light: full sun. Water preference: unknown moisture.; ; uncategorised; 10
Senna marilandica; Wild Senna; Height: 1.5m. Hardiness: 4-8. Light: semi-shade or full sun. Water preference: dry - moist.; Maryland senna; uncategorised; 4
Senna siamea; Siamese Senna; Height: 12m, growing fast. Hardiness: 9-12. Light: semi-shade or full sun. Water preference: moist.; Kassod Tree; uncategorised; 9
Senna singueana; Winter cassia; Height: 5m, growing fast. Hardiness: 10-12. Light: full sun. Water preference: moist.; Sticky pod; uncategorised; 10
Sorbus domestica; Service Tree; Height: 15m, growing at a medium rate. Hardiness: 6-10. Light: semi-shade or full sun. Water preference: moist.; ; Food forest; 6
Sorbus latifolia; French Hales; Height: 14m, growing at a medium rate. Hardiness: 4-8. Light: semi-shade or full sun. Water preference: moist.; ; Food forest; 4
Sorbus torminalis; Wild Service Tree; Height: 20m, growing at a medium rate. Hardiness: 5-9. Light: semi-shade or full sun. Water preference: moist.; Checkertree; Food forest; 5
Stenocereus griseus; Cactaceae. Pitaya; Height: 7m, growing at a medium rate. Hardiness: 10-12. Light: full sun. Water preference: unknown moisture.; Organpipe cactus; Food forest; 10
Stenocereus stellatus; Joconostle cactus; Height: 2m, growing at a medium rate. Hardiness: 9-11. Light: semi-shade or full sun. Water preference: dry - moist.; Baja organ pipe cactus; Food forest; 9
Swietenia mahagoni; Mahogany; Height: 25m, growing fast. Hardiness: 10-12. Light: full sun. Water preference: moist.; West Indies Mahogany; uncategorised; 10
Syagrus coronata; Licuri Palm; Height: 10m, growing slowly. Hardiness: 9-11. Light: full sun. Water preference: dry - moist.; Ouricury palm; Food forest; 9
Syzygium aromaticum; Clove; Height: 20m, growing slowly. Hardiness: 11-12. Light: semi-shade or full sun. Water preference: moist.; Zanzibar Redhead; Food forest; 11
Syzygium jambos; Jambos; Height: 8m, growing at a medium rate. Hardiness: 9-12. Light: semi-shade or full sun. Water preference: unknown moisture.; Rose Apple, Plum Rose; Food forest; 9
Taxodium distichum; Swamp Cypress; Height: 30m, growing fast. Hardiness: 4-10. Light: semi-shade or full sun. Water preference: unknown moisture.; Bald cypress, Common Bald Cypress; uncategorised; 4
Taxus baccata; Yew; Height: 15m, growing slowly. Hardiness: 5-7. Light: full shade or semi-shade or full sun. Water preference: dry - moist.; English yew, Common Yew; Food forest; 5
Tephrosia candida; White Tephrosia; Height: 3m, growing at a medium rate. Hardiness: 10-12. Light: semi-shade or full sun. Water preference: moist.; ; uncategorised; 10
Tephrosia vogelii; Fish-poison-bean; Height: 3m, growing fast. Hardiness: 10-12. Light: semi-shade or full sun. Water preference: moist.; ; uncategorised; 10
Thuja occidentalis; American Arbor-Vitae; Height: 15m, growing slowly. Hardiness: 3-7. Light: semi-shade or full sun. Water preference: unknown moisture.; Arborvitae, Eastern Arborvitae, Siberian Arborvitae, Northern White Cedar, Wh; uncategorised; 3
Thymus capitatus; Headed Savory; Height: 0.3m. Hardiness: 6-9. Light: full sun. Water preference: dry - moist.; Thymus; uncategorised; 6
Toona ciliata; Mountain Cedar; Height: 30m, growing fast. Hardiness: 9-12. Light: full shade or semi-shade or full sun. Water preference: unknown moisture.; Australian Red Cedar, Toona; uncategorised; 9
Toona sureni; Suren; Height: 35m, growing fast. Hardiness: 9-12. Light: full sun. Water preference: moist.; ; uncategorised; 9
Trema orientalis; Charcoal Tree; Height: 12m, growing fast. Hardiness: 10-12. Light: full sun. Water preference: moist.; ; uncategorised; 10
Uncaria tomentosa; Cat's Claw; Height: 25m, growing fast. Hardiness: 10-12. Light: semi-shade or full sun. Water preference: moist.; ; uncategorised; 10
Vaccinium hirsutum; Hairy Huckleberry; Height: 0m. Hardiness: 5-9. Light: semi-shade or full sun. Water preference: moist.; ; Food forest; 5
Vaccinium tenellum; Small-Cluster Blueberry; Height: 0.3m. Hardiness: 5-9. Light: semi-shade or full sun. Water preference: moist.; ; uncategorised; 5
Vangueria infausta; African medlar; Height: 5m, growing slowly. Hardiness: 10-12. Light: semi-shade or full sun. Water preference: dry - moist.; ; Food forest; 10
Vasconcellea x heilbornii; Babaco; Height: 2m, growing at a medium rate. Hardiness: 10-12. Light: full sun. Water preference: moist.; ; Food forest; 10
Warburgia salutaris; Pepperbark Tree; Height: 8m, growing slowly. Hardiness: 10-12. Light: full sun. Water preference: moist.; ; uncategorised; 10
Yucca brevifolia; Joshua Tree; Height: 9m, growing at a medium rate. Hardiness: 9-11. Light: semi-shade or full sun. Water preference: dry - moist.; Jaeger's Joshua tree, Yucca, Joshua Tree; Food forest; 9
Dacrycarpus dacrydioides; Kahikatea; Height: 6m, growing slowly. Hardiness: 8-11. Light: semi-shade. Water preference: moist.; ; uncategorised; 8
Dacrydium cupressinum; Rimu; Height: 30m, growing slowly. Hardiness: 8-11. Light: semi-shade. Water preference: moist.; New zealand red pine; uncategorised; 8
Dalbergia baronii; Palissandre rouge des marais; Height: 20m, growing at a medium rate. Hardiness: 10-12. Light: full sun. Water preference: unknown moisture.; hitsika, sovodrano; uncategorised; 10
Dalbergia cochinchinensis; Siam Rosewood; Height: 25m, growing slowly. Hardiness: 10-12. Light: full sun. Water preference: moist.; Thailand Rosewood; uncategorised; 10
Dalbergia greveana; Madagascar Rosewood; Height: 15m, growing slowly. Hardiness: 10-12. Light: full sun. Water preference: dry - moist.; ; uncategorised; 10
Dalbergia latifolia; Black Rosewood; Height: 30m, growing at a medium rate. Hardiness: 10-12. Light: full sun. Water preference: moist.; East Indian Rosewood, Kala sheeshan, Satisal; uncategorised; 10
Dalbergia louvelii; Andramena; Height: 15m, growing at a medium rate. Hardiness: 10-12. Light: full sun. Water preference: moist.; Volombodipona, Violet rosewood; uncategorised; 10
Dalbergia monticola; Hazovola; Height: 12m, growing slowly. Hardiness: 10-12. Light: full sun. Water preference: moist.; tsiandalana, voamboana; uncategorised; 10
Dalbergia oliveri; Redwood; Height: 23m, growing slowly. Hardiness: 10-12. Light: semi-shade or full sun. Water preference: moist.; ; uncategorised; 10
Dalbergia stevensonii; Honduras Rosewood; Height: 20m, growing slowly. Hardiness: 10-12. Light: full sun. Water preference: moist.; ; uncategorised; 10
Daniellia oliveri; African Copaiba Balsam Tree; Height: 25m, growing fast. Hardiness: 10-12. Light: full sun. Water preference: moist.; ; uncategorised; 10
Daphne bholua; ; Height: 2m. Hardiness: 7-10. Light: full shade or semi-shade or full sun. Water preference: dry - moist.; ; uncategorised; 7
Daphne genkwa; Lilac Daphne; Height: 1.5m. Hardiness: 4-8. Light: semi-shade or full sun. Water preference: moist.; ; uncategorised; 4
Daphne gnidium; Flax-Leaved Daphne; Height: 1.5m. Hardiness: 7-10. Light: semi-shade or full sun. Water preference: dry - moist.; ; uncategorised; 7
Daphne laureola; Spurge Laurel; Height: 1m. Hardiness: 6-9. Light: full shade or semi-shade. Water preference: dry - moist.; ; uncategorised; 6
Daphne mezereum; Mezereon; Height: 1.5m, growing at a medium rate. Hardiness: 4-7. Light: semi-shade. Water preference: moist.; Paradise plant, February Daphne; uncategorised; 4
Daphne odora; Winter Daphne; Height: 1.5m, growing slowly. Hardiness: 7-9. Light: semi-shade or full sun. Water preference: moist.; Fragrant Daphne; uncategorised; 7
Daphne oleoides; ; Height: 1m. Hardiness: 7-10. Light: full sun. Water preference: dry - moist.; ; uncategorised; 7
Daphne papyracea; ; Height: 1.5m. Hardiness: 7-10. Light: semi-shade. Water preference: moist.; ; uncategorised; 7
Daphne pseudomezereum; ; Height: 1.5m. Hardiness: 5-9. Light: semi-shade. Water preference: moist.; ; uncategorised; 5
Daphniphyllum himalense; ; Height: 6m. Hardiness: 7-10. Light: full shade or semi-shade. Water preference: moist.; ; uncategorised; 7
Daphniphyllum macropodum; ; Height: 6m. Hardiness: 5-9. Light: full shade or semi-shade. Water preference: moist.; ; uncategorised; 5
Dasylirion wheeleri; Sotol; Height: 1.5m, growing slowly. Hardiness: 7-10. Light: full sun. Water preference: dry - moist.; Common sotol, Bear Grass, Common Sotol, Desert Spoon; uncategorised; 7
Daviesia horrida; ; Height: 1.6m. Hardiness: 8-11. Light: semi-shade or full sun. Water preference: moist.; ; uncategorised; 8
Debregeasia edulis; ; Height: 0m. Hardiness: 0-0. Light: semi-shade. Water preference: moist.; ; uncategorised; 0
Debregeasia hypoleuca; ; Height: 5m. Hardiness: 7-10. Light: semi-shade. Water preference: moist.; ; uncategorised; 7
Debregeasia longifolia; Wild Rhea; Height: 5m. Hardiness: 7-10. Light: semi-shade. Water preference: moist.; ; uncategorised; 7
Decaisnea fargesii; Blue Sausage Fruit; Height: 4m, growing at a medium rate. Hardiness: 4-8. Light: semi-shade or full sun. Water preference: moist.; ; Food forest; 4
Decaisnea insignis; ; Height: 3.5m. Hardiness: 7-10. Light: full sun. Water preference: moist.; ; uncategorised; 7
Deguelia utilis; Barbasco; Height: 15m, growing at a medium rate. Hardiness: 10-12. Light: full shade or semi-shade or full sun. Water preference: moist.; cube, timbo, nicou, lancepod; uncategorised; 10
Desfontainia spinosa; Taique; Height: 2.5m, growing slowly. Hardiness: 7-10. Light: semi-shade. Water preference: moist.; ; uncategorised; 7
Desmodium elegans; ; Height: 1.5m. Hardiness: 5-9. Light: full sun. Water preference: moist.; ; uncategorised; 5
Deutzia scabra; Fuzzy pride-of-rochester; Height: 3m, growing at a medium rate. Hardiness: 5-8. Light: semi-shade or full sun. Water preference: moist.; Deutzia; uncategorised; 5
Dichroa febrifuga; Chinese Quinine; Height: 2m, growing at a medium rate. Hardiness: 8-11. Light: semi-shade or full sun. Water preference: moist.; Dichroa; uncategorised; 8
Dicorynia guianensis; Angelique; Height: 35m, growing at a medium rate. Hardiness: 10-12. Light: full sun. Water preference: unknown moisture.; ; uncategorised; 10
Diervilla lonicera; Bush Honeysuckle; Height: 1m, growing at a medium rate. Hardiness: 3-8. Light: semi-shade or full sun. Water preference: moist.; Northern bush honeysuckle; uncategorised; 3
Dimocarpus longan; Longan; Height: 12m, growing fast. Hardiness: 8-10. Light: semi-shade or full sun. Water preference: moist.; Lungan, Dragon's Eye, Cat's Eye; Food forest; 8
Dioscoreophyllum cumminsii; Serendipity Berry; Height: 1.8m, growing at a medium rate. Hardiness: 10-12. Light: full shade or semi-shade. Water preference: moist.; Guinea potato; Food forest; 10
Diospyros celebica; Indonesian Ebony; Height: 30m, growing slowly. Hardiness: 10-12. Light: full sun. Water preference: moist.; black ebony, makassar-ebenholts; uncategorised; 10
Diospyros conzattii; Zapote negro mont's; Height: 10m, growing slowly. Hardiness: 10-12. Light: full sun. Water preference: dry - moist.; zapotillo.; Food forest; 10
Diospyros crassiflora; Benin Ebony; Height: 15m, growing slowly. Hardiness: 10-12. Light: full sun. Water preference: moist.; ; uncategorised; 10
Diospyros digyna; Black Sapote; Height: 15m, growing slowly. Hardiness: 10-12. Light: semi-shade or full sun. Water preference: moist.; Chocolate Pudding Tree; Food forest; 10
Diospyros ebenum; Ebony; Height: 20m, growing slowly. Hardiness: 10-12. Light: full sun. Water preference: moist.; Ceylon Ebony, Mauritius Ebony, Ebony Persimmon; uncategorised; 10
Diospyros kaki; Persimmon; Height: 12m, growing at a medium rate. Hardiness: 7-10. Light: semi-shade or full sun. Water preference: moist.; Japanese persimmon; Food forest; 7
Diospyros lotus; Date Plum; Height: 9m, growing at a medium rate. Hardiness: 7-9. Light: semi-shade or full sun. Water preference: moist.; ; Food forest; 7
Diospyros malabarica; Indian Persimmon; Height: 35m, growing slowly. Hardiness: 10-12. Light: full shade or semi-shade or full sun. Water preference: moist.; Gaub, Timbiri, Mountain ebony; uncategorised; 10
Diospyros mespiliformis; West African Ebony; Height: 20m, growing at a medium rate. Hardiness: 10-12. Light: full sun. Water preference: moist.; Monkey guava, jackalberry; Food forest; 10
Diospyros mun; Mun Ebony; Height: 15m, growing slowly. Hardiness: 10-12. Light: full sun. Water preference: dry - moist.; Vietnamese Ebony; uncategorised; 10
Diospyros quaesita; Calamander; Height: 30m, growing slowly. Hardiness: 10-12. Light: full sun. Water preference: dry - moist.; kalu mediriya; uncategorised; 10
Diospyros tessellaria; Black ebony; Height: 15m, growing slowly. Hardiness: 10-12. Light: full sun. Water preference: moist.; Mauritian ebony; uncategorised; 10
Diospyros virginiana; American Persimmon; Height: 20m, growing at a medium rate. Hardiness: 4-8. Light: semi-shade or full sun. Water preference: moist.; Common persimmon, Persimmon; Food forest; 4
Dipterocarpus alatus; Apitong; Height: 30m, growing slowly. Hardiness: 10-12. Light: semi-shade or full sun. Water preference: moist.; baume de gurjun, gurjun balsam; uncategorised; 10
Dipterocarpus grandiflorus; Apitong; Height: 40m, growing slowly. Hardiness: 10-12. Light: semi-shade or full sun. Water preference: moist.; ; uncategorised; 10
Dipterocarpus kerrii; Kerr's Keruing; Height: 40m, growing at a medium rate. Hardiness: 10-12. Light: semi-shade or full sun. Water preference: moist.; ; uncategorised; 10
Dirca occidentalis; Leather Wood; Height: 1.8m. Hardiness: 6-9. Light: semi-shade or full sun. Water preference: moist.; Western leatherwood; uncategorised; 6
Dirca palustris; Leather Wood; Height: 1.8m. Hardiness: 4-8. Light: semi-shade or full sun. Water preference: moist.; Eastern leatherwood; uncategorised; 4
Distylium racemosum; Isu Tree; Height: 2m, growing slowly. Hardiness: 7-10. Light: semi-shade. Water preference: moist.; ; uncategorised; 7
Docynia delavayi; ; Height: 10m. Hardiness: 7-10. Light: full sun. Water preference: moist.; ; uncategorised; 7
Docynia indica; ; Height: 4m. Hardiness: 7-10. Light: full sun. Water preference: moist.; ; uncategorised; 7
Dodonaea viscosa; Native Hops; Height: 3m, growing at a medium rate. Hardiness: 9-11. Light: full sun. Water preference: dry - moist.; Florida hopbush, Hopseed Bush, Varnish Leaf, Hopbush, Narrow-leaf hopbush, Wedge-leaf h; uncategorised; 9
Drimys lanceolata; Mountain Pepper; Height: 4.5m, growing slowly. Hardiness: 7-10. Light: semi-shade. Water preference: moist.; ; Food forest; 7
Drimys winteri; Winter's Bark; Height: 7.5m, growing at a medium rate. Hardiness: 7-10. Light: semi-shade. Water preference: moist.; ; Food forest; 7
Dryas octopetala; Mountain Avens; Height: 0.1m, growing at a medium rate. Hardiness: 3-6. Light: full sun. Water preference: moist.; Eightpetal mountain-avens, Alaskan mountain-avens, Hooker's mountain-avens, Kamtsch; uncategorised; 3
Duboisia myoporoides; Corkwood; Height: 10m, growing fast. Hardiness: 10-12. Light: full sun. Water preference: moist.; ; uncategorised; 10
Durio dulcis; Durian Marangang; Height: 30m, growing at a medium rate. Hardiness: 11-12. Light: full sun. Water preference: moist.; Merangang, Red Durian, Tutong, Lahong; Food forest; 11
Durio zibethinus; Durian; Height: 30m, growing at a medium rate. Hardiness: 10-12. Light: full sun. Water preference: moist.; ; Food forest; 10
Edgeworthia gardneri; Nepalese Paper Bush; Height: 2m. Hardiness: 7-10. Light: semi-shade or full sun. Water preference: moist.; ; uncategorised; 7
Gaylussacia ursina; Bear Huckleberry; Height: 1.8m. Hardiness: 5-9. Light: semi-shade or full sun. Water preference: moist.; ; uncategorised; 5
Gigantochloa albociliata; Clumping bamboo; Height: 12m, growing fast. Hardiness: 10-11. Light: semi-shade or full sun. Water preference: moist.; ; Food forest; 10
Lagarostrobus colensoi; ; Height: 0m. Hardiness: 7-10. Light: semi-shade. Water preference: moist.; ; uncategorised; 7
Lagarostrobus franklinii; Huon Pine; Height: 15m, growing slowly. Hardiness: 7-10. Light: semi-shade. Water preference: moist.; ; uncategorised; 7
Lepidothamnus intermedius; Yellow Silver Pine; Height: 10m, growing slowly. Hardiness: 7-10. Light: semi-shade. Water preference: moist.; ; uncategorised; 7
Litchi chinensis; Lychee; Height: 12m, growing slowly. Hardiness: 10-12. Light: semi-shade or full sun. Water preference: moist.; Litchi; Food forest; 10
Lonchocarpus nicou; Barbasco; Height: 10m, growing at a medium rate. Hardiness: 10-12. Light: semi-shade or full sun. Water preference: moist.; timbo, cube; uncategorised; 10
Lonchocarpus urucu; Barbasco; Height: 12m, growing at a medium rate. Hardiness: 10-12. Light: semi-shade or full sun. Water preference: moist.; timbo urucu; uncategorised; 10
Microcachrys tetragona; ; Height: 0.2m, growing slowly. Hardiness: 7-10. Light: semi-shade or full sun. Water preference: moist.; ; uncategorised; 7
Moringa stenopetala; African horseradish tree; Height: 9m, growing at a medium rate. Hardiness: 10-12. Light: semi-shade or full sun. Water preference: dry - moist.; cabbagetree; Food forest; 10
Nageia nagi; Nagi; Height: 25m, growing at a medium rate. Hardiness: 9-11. Light: semi-shade or full sun. Water preference: moist.; Nagi Podocarpus, Broadleaf Podocarpus; uncategorised; 9
Nageia wallichiana; Nageia; Height: 20m, growing at a medium rate. Hardiness: 9-12. Light: full shade or semi-shade or full sun. Water preference: moist.; ; uncategorised; 9
Paraderris elliptica; Derris; Height: 16m, growing at a medium rate. Hardiness: 10-12. Light: semi-shade or full sun. Water preference: moist.; ; uncategorised; 10
Phaseolus polystachios; Thicket Bean. Wild bean; Height: 3m, growing fast. Hardiness: 6-10. Light: semi-shade or full sun. Water preference: moist.; ; uncategorised; 6
Potentilla fruticosa; Shrubby Cinquefoil; Height: 1.2m, growing at a medium rate. Hardiness: 2-6. Light: semi-shade or full sun. Water preference: moist.; Potentilla; uncategorised; 2
Prumnopitys taxifolia; Matai; Height: 25m, growing slowly. Hardiness: 8-11. Light: semi-shade or full sun. Water preference: moist.; ; uncategorised; 8
Weigela japonica; ; Height: 5m. Hardiness: 5-9. Light: semi-shade or full sun. Water preference: moist.; ; uncategorised; 5
Wikstroemia sikokiana; ; Height: 2m. Hardiness: 8-11. Light: semi-shade or full sun. Water preference: moist.; ; uncategorised; 8
Wisteria floribunda; Japanese Wisteria; Height: 8m, growing at a medium rate. Hardiness: 5-9. Light: full sun. Water preference: moist.; ; uncategorised; 5
Yucca aloifolia; Spanish Bayonet; Height: 7.5m, growing slowly. Hardiness: 8-10. Light: semi-shade or full sun. Water preference: dry - moist.; Aloe yucca, Dagger Plant, Yucca, Spanish Bayonet; Food forest; 8
Yucca gigantea; Spineless yucca; Height: 6m, growing fast. Hardiness: 9-11. Light: semi-shade or full sun. Water preference: dry - moist.; Izote; Food forest; 9
Edgeworthia chrysantha; Oriental paperbush; Height: 2m. Hardiness: 7-10. Light: semi-shade or full sun. Water preference: moist.; ; uncategorised; 7
Edgeworthia papyrifera; Paperbush; Height: 2.5m. Hardiness: 7-10. Light: semi-shade or full sun. Water preference: moist.; Oriental Paperbush; uncategorised; 7
Ehretia acuminata; Koda Tree; Height: 9m. Hardiness: 6-9. Light: full sun. Water preference: moist.; ; uncategorised; 6
Ehretia anacua; Anaqua; Height: 5m. Hardiness: 7-10. Light: full sun. Water preference: dry - moist.; Knockaway; uncategorised; 7
Ehretia dicksonii; ; Height: 10m. Hardiness: 6-9. Light: semi-shade or full sun. Water preference: moist.; ; uncategorised; 6
Ehretia ovalifolia; ; Height: 12m. Hardiness: 6-9. Light: full sun. Water preference: moist.; ; uncategorised; 6
Elaeagnus angustifolia; Oleaster; Height: 7m, growing at a medium rate. Hardiness: 2-7. Light: full sun. Water preference: dry - moist.; Russian olive; Food forest; 2
Elaeagnus commutata; Silverberry; Height: 3m, growing at a medium rate. Hardiness: 2-6. Light: full sun. Water preference: dry - moist.; ; Food forest; 2
Elaeagnus cordifolia; ; Height: 4m, growing at a medium rate. Hardiness: 0-0. Light: full shade or semi-shade or full sun. Water preference: dry - moist.; ; Food forest; 0
Elaeagnus glabra; Goat nipple; Height: 6m, growing at a medium rate. Hardiness: 7-10. Light: full shade or semi-shade or full sun. Water preference: dry - moist.; ; Food forest; 7
Elaeagnus latifolia; Bastard Oleaster; Height: 3m, growing at a medium rate. Hardiness: 8-11. Light: full sun. Water preference: dry - moist.; ; Food forest; 8
Elaeagnus macrophylla; Broad-leaved Oleaster; Height: 3m, growing at a medium rate. Hardiness: 6-9. Light: full shade or semi-shade or full sun. Water preference: dry - moist.; ; Food forest; 6
Elaeagnus multiflora; Goumi; Height: 3m, growing at a medium rate. Hardiness: 5-9. Light: semi-shade or full sun. Water preference: dry - moist.; Cherry silverberry; Food forest; 5
Elaeagnus multiflora ovata; Goumi; Height: 3m, growing at a medium rate. Hardiness: 5-9. Light: semi-shade or full sun. Water preference: dry - moist.; ; Food forest; 5
Elaeagnus orientalis; Trebizond Date; Height: 12m, growing at a medium rate. Hardiness: 4-8. Light: full sun. Water preference: dry - moist.; ; Food forest; 4
Elaeagnus parvifolia; Autumn olive; Height: 4.5m, growing at a medium rate. Hardiness: 3-7. Light: full sun. Water preference: dry - moist.; ; Food forest; 3
Elaeagnus pungens; Elaeagnus; Height: 4m, growing at a medium rate. Hardiness: 6-10. Light: full shade or semi-shade or full sun. Water preference: dry - moist.; Thorny olive, Thorny Elaeagnus, Oleaster, Silverberry, Silverthorn, Pungent Elaeagnus; Food forest; 6
Elaeagnus umbellata; Autumn Olive; Height: 4.5m, growing at a medium rate. Hardiness: 3-9. Light: full sun. Water preference: dry - moist.; ; Food forest; 3
Elaeagnus x ebbingei; Elaeagnus; Height: 5m, growing at a medium rate. Hardiness: 5-9. Light: full shade or semi-shade or full sun. Water preference: dry - moist.; Ebbing's Silverberry; Food forest; 5
Elaeagnus x reflexa; Turned-leaf Elaeagnus; Height: 4.5m, growing at a medium rate. Hardiness: 6-9. Light: full shade or semi-shade or full sun. Water preference: dry - moist.; ; Food forest; 6
Elaeis guineensis; African Oil Palm; Height: 15m, growing slowly. Hardiness: 10-12. Light: full sun. Water preference: unknown moisture.; ; Food forest; 10
Elaeocarpus cyaneus; Blueberry Ash; Height: 12m. Hardiness: 8-11. Light: semi-shade or full sun. Water preference: moist.; ; uncategorised; 8
Elaeocarpus dentatus; ; Height: 18m. Hardiness: 8-11. Light: semi-shade or full sun. Water preference: moist.; ; uncategorised; 8
Elaeocarpus hookerianus; ; Height: 0m. Hardiness: 8-11. Light: semi-shade or full sun. Water preference: moist.; ; uncategorised; 8
Elaeocarpus lanceaefolius; ; Height: 0m. Hardiness: 8-11. Light: semi-shade or full sun. Water preference: moist.; ; uncategorised; 8
Eleutherococcus spinosus; ; Height: 3m. Hardiness: 4-8. Light: semi-shade or full sun. Water preference: moist.; ; uncategorised; 4
Elsholtzia fruticosa; Ji Gu Chai; Height: 1.5m. Hardiness: 4-8. Light: semi-shade or full sun. Water preference: moist.; ; uncategorised; 4
Embelia ribes; False black pepper; Height: 15m, growing fast. Hardiness: 10-12. Light: semi-shade. Water preference: moist.; White-flowered Embelia; Food forest; 10
Empetrum eamesii; Rockberry; Height: 0.2m. Hardiness: 3-8. Light: semi-shade or full sun. Water preference: moist.; Purple crowberry; uncategorised; 3
Empetrum eamesii hermaphroditum; Mountain Crowberry; Height: 0.3m. Hardiness: 3-8. Light: full sun. Water preference: moist.; Rockberry; uncategorised; 3
Empetrum nigrum; Crowberry; Height: 0.3m. Hardiness: 3-8. Light: semi-shade or full sun. Water preference: moist.; Black crowberry, Black Crowberry; Food forest; 3
Encelia farinosa; Brittle Bush; Height: 0.8m, growing at a medium rate. Hardiness: 8-11. Light: full sun. Water preference: dry - moist.; Brittlebush, Incienso; uncategorised; 8
Enchylaena tomentosa; Ruby Saltbush; Height: 1m. Hardiness: 8-11. Light: full sun. Water preference: dry - moist.; ; uncategorised; 8
Entandrophragma angolense; Tiama Mahogany; Height: 50m, growing slowly. Hardiness: 10-12. Light: semi-shade or full sun. Water preference: moist.; ; uncategorised; 10
Entandrophragma candollei; West African Cedar; Height: 50m, growing slowly. Hardiness: 10-12. Light: full sun. Water preference: moist.; ; uncategorised; 10
Entandrophragma cylindricum; Sapele Mahogany; Height: 50m, growing slowly. Hardiness: 10-12. Light: semi-shade or full sun. Water preference: moist.; ; uncategorised; 10
Entandrophragma utile; Sipo Mahogany; Height: 45m, growing slowly. Hardiness: 10-12. Light: full sun. Water preference: moist.; ; uncategorised; 10
Entelea arborescens; Corkwood Tree; Height: 6m. Hardiness: 8-11. Light: full sun. Water preference: moist.; ; uncategorised; 8
Ephedra altissima; High-climbing jointfir; Height: 0m. Hardiness: 0-0. Light: full sun. Water preference: dry - moist.; ; uncategorised; 0
Ephedra americana andina; ; Height: 1.8m. Hardiness: 5-9. Light: full sun. Water preference: dry - moist.; ; uncategorised; 5
Ephedra distachya; Sea Grape; Height: 1m. Hardiness: 5-9. Light: full sun. Water preference: dry - moist.; Jointfir; uncategorised; 5
Ephedra equisetina; Muzei Ma Huang; Height: 1.5m. Hardiness: 0-0. Light: full sun. Water preference: dry - moist.; Ma huang; uncategorised; 0
Ephedra fragilis; ; Height: 1.8m. Hardiness: 7-10. Light: full sun. Water preference: dry - moist.; ; uncategorised; 7
Ephedra gerardiana; Ma Huang; Height: 0.6m. Hardiness: 6-9. Light: full sun. Water preference: dry - moist.; Gerard jointfir; uncategorised; 6
Ephedra intermedia; Zhong Ma Huang; Height: 1m. Hardiness: 5-9. Light: full sun. Water preference: dry - moist.; ; uncategorised; 5
Ephedra major; Ma Huang; Height: 2m. Hardiness: 5-9. Light: full sun. Water preference: dry - moist.; ; uncategorised; 5
Ephedra nevadensis; Mormon Tea; Height: 1.2m. Hardiness: 5-9. Light: full sun. Water preference: dry - moist.; Nevada jointfir; Food forest; 5
Ephedra sinica; Ma Huang; Height: 0.4m. Hardiness: 0-0. Light: full sun. Water preference: dry - moist.; Chinese ephedra; uncategorised; 0
Ephedra torreyana; Mexican Tea; Height: 1m. Hardiness: 0-0. Light: full sun. Water preference: dry - moist.; Torrey's jointfir; uncategorised; 0
Ephedra viridis; Mormon Tea; Height: 1.8m. Hardiness: 6-11. Light: full sun. Water preference: dry - moist.; Brigham Tea, Long Leaf Ephedra, Mountain Joint Fir, Mormon Tea, Ephedra; uncategorised; 6
Epigaea asiatica; ; Height: 0.1m. Hardiness: 4-8. Light: full shade or semi-shade. Water preference: moist.; ; uncategorised; 4
Epigaea repens; Mayflower; Height: 0.1m. Hardiness: 3-8. Light: semi-shade. Water preference: moist.; Trailing arbutus, Ground Laurel; uncategorised; 3
Eremophila maculata; Spotted Emubush; Height: 2m. Hardiness: 8-11. Light: semi-shade or full sun. Water preference: moist.; ; uncategorised; 8
Erica cerinthoides; Fire Heath; Height: 1.5m. Hardiness: 9-11. Light: full sun. Water preference: moist.; ; uncategorised; 9
Erica tetralix; Bog Heather; Height: 0.3m. Hardiness: 3-7. Light: full sun. Water preference: unknown moisture.; Crossleaf heath; uncategorised; 3
Erica vagans; Cornish Heath; Height: 0.8m. Hardiness: 4-8. Light: full sun. Water preference: dry - moist.; Cornish heath; uncategorised; 4
Erica x darleyensis; Darley Dale Heath; Height: 0.6m, growing slowly. Hardiness: 6-9. Light: full sun. Water preference: moist.; Cape Heath, Molten Silver Heath, Heather; uncategorised; 6
Erica x veitchii; ; Height: 1.8m. Hardiness: 7-10. Light: full sun. Water preference: moist.; ; uncategorised; 7
Eriobotrya japonica; Loquat; Height: 9m, growing at a medium rate. Hardiness: 8-11. Light: semi-shade or full sun. Water preference: dry - moist.; Japanese Loquat; Food forest; 8
Eriodictyon californicum; Yerba Santa; Height: 2.3m. Hardiness: 7-10. Light: full sun. Water preference: dry - moist.; California yerba santa; uncategorised; 7
Eriodictyon trichocalyx; Hairy Yerba Santa; Height: 2m. Hardiness: 7-10. Light: full sun. Water preference: dry - moist.; ; uncategorised; 7
Eriogonum corymbosum; Crispleaf Buckwheat; Height: 0.3m, growing slowly. Hardiness: 3-7. Light: full sun. Water preference: dry - moist.; Las Vegas wild buckwheat; uncategorised; 3
Eriogonum microthecum; Slender Buckwheat; Height: 0.3m. Hardiness: 5-9. Light: full sun. Water preference: dry - moist.; Alpine slender buckwheat, San Bernardino buckwheat, Johnston's buckwheat, Panamin; uncategorised; 5
Erythrina acanthocarpa; ; Height: 2m. Hardiness: 8-11. Light: semi-shade or full sun. Water preference: moist.; ; uncategorised; 8
Erythrina crista-galli; Coral Tree; Height: 3m. Hardiness: 7-10. Light: full sun. Water preference: moist.; Crybabytree; uncategorised; 7
Erythrina edulis; Balu. Andean tree bean; Height: 10m, growing fast. Hardiness: 10-12. Light: full sun. Water preference: dry - moist.; ; Food forest; 10
Erythrina humeana; Dwarf Kaffirboom; Height: 4m. Hardiness: 8-11. Light: semi-shade or full sun. Water preference: moist.; Dwarf erythrina; uncategorised; 8
Erythrina poeppigiana; Mountain Immortelle. Madre de Cacao; Height: 25m, growing fast. Hardiness: 10-12. Light: full sun. Water preference: dry - moist.; ; uncategorised; 10
Erythrina sandwicensis; Wiliwili; Height: 10m, growing fast. Hardiness: 10-12. Light: full sun. Water preference: dry - moist.; Hawaiian coral tree; uncategorised; 10
Erythrina x bidwillii; ; Height: 4m. Hardiness: 7-10. Light: semi-shade or full sun. Water preference: moist.; ; uncategorised; 7
Erythrina zeyheri; Prickly Cardinal; Height: 1m. Hardiness: 8-11. Light: semi-shade or full sun. Water preference: moist.; ; uncategorised; 8
Erythrophleum ivorense; Ordealtree; Height: 30m, growing at a medium rate. Hardiness: 10-12. Light: full sun. Water preference: moist.; sasswoodtree; uncategorised; 10
Erythrophleum suaveolens; Erun; Height: 20m, growing slowly. Hardiness: 10-12. Light: full sun. Water preference: moist.; ordealtree, Sasswood Tree; uncategorised; 10
Erythroxylum coca; Coca; Height: 1.5m, growing at a medium rate. Hardiness: 10-12. Light: full sun. Water preference: moist.; Little Coca; uncategorised; 10
Escallonia laevis; Escallonia; Height: 2m, growing fast. Hardiness: 7-10. Light: full sun. Water preference: dry - moist.; ; uncategorised; 7
Escallonia pulverulenta; Escallonia; Height: 3.5m, growing fast. Hardiness: 8-11. Light: full sun. Water preference: dry - moist.; ; uncategorised; 8
Escallonia rosea; Escallonia; Height: 3m, growing fast. Hardiness: 8-11. Light: full sun. Water preference: dry - moist.; ; uncategorised; 8
Escallonia rubra; Escallonia; Height: 3.5m, growing fast. Hardiness: 8-10. Light: full sun. Water preference: dry - moist.; Redclaws, Red Escallonia; uncategorised; 8
Escallonia rubra macrantha; Escallonia; Height: 3.5m, growing fast. Hardiness: 7-10. Light: full sun. Water preference: dry - moist.; ; uncategorised; 7
Escallonia species; Escallonia; Height: 0m, growing fast. Hardiness: 7-10. Light: full sun. Water preference: dry - moist.; ; uncategorised; 7
Escallonia x exoniensis; Escallonia; Height: 5m, growing fast. Hardiness: 8-10. Light: full sun. Water preference: dry - moist.; Pink Princess Escallonia; uncategorised; 8
Esenbeckia leiocarpa; Brazilian Boxwood; Height: 25m, growing at a medium rate. Hardiness: 10-12. Light: full shade or semi-shade. Water preference: moist.; Guaranta; uncategorised; 10
Eucalyptus brassiana; Cape York red gum; Height: 20m, growing fast. Hardiness: 9-11. Light: full sun. Water preference: dry - moist.; ; uncategorised; 9
Eucalyptus caesia; Gungurru; Height: 10m, growing fast. Hardiness: 8-11. Light: full sun. Water preference: unknown moisture.; ; uncategorised; 8
Eucalyptus camaldulensis; Red River Gum; Height: 30m, growing fast. Hardiness: 8-12. Light: full sun. Water preference: unknown moisture.; Murray Red Gum, River Red Eucalyptus; uncategorised; 8
Eucalyptus citriodora; Lemon-Scented Gum; Height: 45m, growing fast. Hardiness: 9-11. Light: full sun. Water preference: unknown moisture.; Lemon Scented Eucalyptus; uncategorised; 9
Eucalyptus coccifera; Mt. Wellington Peppermint; Height: 15m, growing fast. Hardiness: 7-10. Light: full sun. Water preference: unknown moisture.; ; uncategorised; 7
Eucalyptus delegatensis; Alpine ash; Height: 40m, growing fast. Hardiness: 7-11. Light: full sun. Water preference: moist.; ; uncategorised; 7
Eucalyptus dumosa; Water Mallee; Height: 7m, growing fast. Hardiness: 9-11. Light: full sun. Water preference: unknown moisture.; ; uncategorised; 9
Eucalyptus globulus; Tasmanian Blue Gum; Height: 55m, growing fast. Hardiness: 9-11. Light: full sun. Water preference: unknown moisture.; Eurabbie, Blue Gum, Blue Eucalyptus; uncategorised; 9
Eucalyptus gomphocephala; Tuart. Tuart Gum; Height: 40m, growing fast. Hardiness: 9-11. Light: full sun. Water preference: dry - moist.; ; uncategorised; 9
Eucalyptus grandis; Flooded Gum; Height: 50m, growing fast. Hardiness: 9-11. Light: semi-shade or full sun. Water preference: dry - moist.; Gum, Rose Eucalyptus; uncategorised; 9
Eucalyptus gummifera; Red Bloodwood; Height: 15m, growing fast. Hardiness: 9-11. Light: full sun. Water preference: unknown moisture.; ; uncategorised; 9
Eucalyptus gunnii; Cider Gum; Height: 30m, growing fast. Hardiness: 7-10. Light: full sun. Water preference: unknown moisture.; ; Food forest; 7
Eucalyptus johnstonii; Yellow Gum; Height: 60m, growing fast. Hardiness: 7-10. Light: full sun. Water preference: unknown moisture.; Johnston's gum; uncategorised; 7
Eucalyptus largiflorens; Black Box; Height: 18m, growing slowly. Hardiness: 9-11. Light: full sun. Water preference: unknown moisture.; ; uncategorised; 9
Eucalyptus leucoxylon; Yellow Gum; Height: 15m, growing fast. Hardiness: 10-11. Light: full sun. Water preference: unknown moisture.; White ironbark, White Eucalyptus; uncategorised; 10
Eucalyptus macrorhyncha; Red Stringybark; Height: 45m, growing fast. Hardiness: 9-11. Light: full sun. Water preference: unknown moisture.; ; uncategorised; 9
Eucalyptus melliodora; Yellow Box; Height: 30m, growing fast. Hardiness: 9-11. Light: full sun. Water preference: unknown moisture.; ; uncategorised; 9
Eucalyptus microcorys; Tallow Wood; Height: 45m, growing fast. Hardiness: 9-11. Light: full sun. Water preference: unknown moisture.; Australian tallowwood; uncategorised; 9
Eucalyptus microtheca; Coolabah; Height: 15m, growing fast. Hardiness: 9-12. Light: full sun. Water preference: moist.; Coolibah, Flooded Box, Coolibah; uncategorised; 9
Eucalyptus obliqua; Messmate; Height: 60m, growing fast. Hardiness: 8-12. Light: full sun. Water preference: unknown moisture.; ; uncategorised; 8
Eucalyptus pauciflora; Cabbage Gum; Height: 12m, growing fast. Hardiness: 7-10. Light: full sun. Water preference: unknown moisture.; Snow gum; uncategorised; 7
Eucalyptus pauciflora niphophila; Snow Gum; Height: 6m, growing fast. Hardiness: 6-9. Light: full sun. Water preference: unknown moisture.; ; uncategorised; 6
Eucalyptus perriniana; Spinning Gum; Height: 6m, growing fast. Hardiness: 7-10. Light: full sun. Water preference: unknown moisture.; ; uncategorised; 7
Eucalyptus piperita; Sydney Peppermint; Height: 18m, growing fast. Hardiness: 9-11. Light: full sun. Water preference: unknown moisture.; ; uncategorised; 9
Eucalyptus punctata; Grey Gum; Height: 30m, growing fast. Hardiness: 8-11. Light: full sun. Water preference: unknown moisture.; ; uncategorised; 8
Eucalyptus regnans; Mountain Ash; Height: 75m, growing fast. Hardiness: 8-11. Light: full sun. Water preference: unknown moisture.; ; uncategorised; 8
Eucalyptus robusta; Swamp Mahogany; Height: 30m, growing fast. Hardiness: 8-12. Light: semi-shade or full sun. Water preference: dry - moist.; Eucalyptus Gum; uncategorised; 8
Eucalyptus sideroxylon; Red Ironbark; Height: 30m, growing fast. Hardiness: 10-11. Light: full sun. Water preference: unknown moisture.; Eucalyptus, Gum, Pink Ironbark; uncategorised; 10
Eucalyptus tereticornis; Forest Red Gum; Height: 35m, growing fast. Hardiness: 9-12. Light: full sun. Water preference: unknown moisture.; ; uncategorised; 9
Eucalyptus urnigera; Urn tree; Height: 15m, growing fast. Hardiness: 7-9. Light: semi-shade or full sun. Water preference: moist.; ; uncategorised; 7
Eucalyptus urophylla; Timor White Gum; Height: 40m, growing fast. Hardiness: 10-12. Light: full sun. Water preference: moist.; ; uncategorised; 10
Eucalyptus viminalis; Manna Gum; Height: 30m, growing fast. Hardiness: 7-10. Light: full sun. Water preference: unknown moisture.; ; Food forest; 7
Euclea divinorum; Magic Guarri; Height: 8m, growing fast. Hardiness: 10-12. Light: full sun. Water preference: dry - moist.; ; uncategorised; 10
Eucommia ulmoides; Gutta-Percha; Height: 12m, growing fast. Hardiness: 4-8. Light: full sun. Water preference: moist.; ; uncategorised; 4
Eucryphia cordifolia; Ulmo; Height: 20m, growing at a medium rate. Hardiness: 8-11. Light: semi-shade or full sun. Water preference: moist.; ; uncategorised; 8
Eucryphia lucida; Leatherwood; Height: 10m, growing at a medium rate. Hardiness: 7-10. Light: semi-shade or full sun. Water preference: moist.; ; uncategorised; 7
Eucryphia moorei; Stinkwood; Height: 20m, growing at a medium rate. Hardiness: 8-11. Light: semi-shade or full sun. Water preference: moist.; ; uncategorised; 8
Eucryphia x nymansensis; ; Height: 10m, growing fast. Hardiness: 6-9. Light: semi-shade or full sun. Water preference: moist.; ; uncategorised; 6
Eugeissona utilis; Stilt-root Palm. Wild Borneo sago palm; Height: 12m, growing at a medium rate. Hardiness: 10-12. Light: full sun. Water preference: moist.; ; uncategorised; 10
Eugenia brasiliensis; Grumichama; Height: 8m, growing slowly. Hardiness: 9-12. Light: semi-shade or full sun. Water preference: moist.; Brazilian Plum; Food forest; 9
Eugenia uniflora; Brazil Cherry; Height: 6m, growing slowly. Hardiness: 10-12. Light: semi-shade or full sun. Water preference: dry - moist.; ; Food forest; 10
Euodia daniellii; ; Height: 15m. Hardiness: 9-11. Light: semi-shade or full sun. Water preference: moist.; ; uncategorised; 9
Euodia fraxinifolia; ; Height: 15m. Hardiness: 9-11. Light: semi-shade or full sun. Water preference: moist.; ; uncategorised; 9
Euonymus alatus; Winged Spindle Tree; Height: 2m, growing at a medium rate. Hardiness: 4-8. Light: semi-shade or full sun. Water preference: dry - moist.; Burningbush, Corky spindletree; uncategorised; 4
Euonymus alatus apterus; Winged Spindle Tree; Height: 2m. Hardiness: 3-7. Light: semi-shade or full sun. Water preference: dry - moist.; ; uncategorised; 3
Euonymus americanus; Strawberry Bush; Height: 2.5m. Hardiness: 5-9. Light: semi-shade or full sun. Water preference: dry - moist.; Bursting-heart; uncategorised; 5
Euonymus atropurpureus; Wahoo- Indian Arrow Wood - Burning Bush; Height: 2.5m, growing at a medium rate. Hardiness: 4-8. Light: semi-shade or full sun. Water preference: dry - moist.; Eastern wahoo; uncategorised; 4
Euonymus europaeus; Spindle Tree; Height: 6m. Hardiness: 3-7. Light: semi-shade or full sun. Water preference: dry - moist.; European spindletree; uncategorised; 3
Euonymus fimbriatus; ; Height: 4.5m. Hardiness: 7-10. Light: semi-shade or full sun. Water preference: dry - moist.; ; uncategorised; 7
Euonymus fortunei; Winter Creeper; Height: 4.5m, growing at a medium rate. Hardiness: 5-9. Light: full shade or semi-shade or full sun. Water preference: dry - moist.; Wintercreeper Euonymus; uncategorised; 5
Euonymus hamiltonianus; Hamilton's spindletree; Height: 9m. Hardiness: 4-8. Light: semi-shade or full sun. Water preference: dry - moist.; ; uncategorised; 4
Euonymus hamiltonianus maackii; ; Height: 6m. Hardiness: 4-8. Light: semi-shade or full sun. Water preference: dry - moist.; ; uncategorised; 4
Euonymus hamiltonianus sieboldianus; ; Height: 6m. Hardiness: 4-8. Light: semi-shade or full sun. Water preference: dry - moist.; ; uncategorised; 4
Euonymus japonicus; Japanese Spindle Tree; Height: 4.5m, growing at a medium rate. Hardiness: 6-9. Light: semi-shade or full sun. Water preference: dry - moist.; Box-leaf Euonymus, Evergreen Euonymus, Japanese Euonymus; uncategorised; 6
Euonymus latifolius; ; Height: 3m. Hardiness: 4-8. Light: semi-shade or full sun. Water preference: dry - moist.; ; uncategorised; 4
Euonymus lucidus; ; Height: 6m. Hardiness: 8-11. Light: semi-shade or full sun. Water preference: dry - moist.; ; uncategorised; 8
Euonymus macropterus; ; Height: 4m. Hardiness: 4-8. Light: semi-shade or full sun. Water preference: dry - moist.; ; uncategorised; 4
Euonymus oxyphyllus; ; Height: 2.5m, growing slowly. Hardiness: 4-8. Light: semi-shade or full sun. Water preference: dry - moist.; ; uncategorised; 4
Euonymus sachalinensis; Euonymus; Height: 3.5m, growing at a medium rate. Hardiness: 5-8. Light: semi-shade or full sun. Water preference: dry - moist.; ; uncategorised; 5
Euonymus tingens; ; Height: 4.5m. Hardiness: 8-11. Light: semi-shade or full sun. Water preference: dry - moist.; ; uncategorised; 8
Euonymus verrucosus; ; Height: 2.5m. Hardiness: 5-9. Light: semi-shade or full sun. Water preference: dry - moist.; ; uncategorised; 5
Euphorbia abyssinica; Candelabra Spurge; Height: 7.5m, growing at a medium rate. Hardiness: 10-12. Light: semi-shade or full sun. Water preference: unknown moisture.; ; uncategorised; 10
Euphorbia antisyphilitica; Candelilla; Height: 1m. Hardiness: 7-10. Light: full sun. Water preference: dry - moist.; ; uncategorised; 7
Euphorbia intisy; Intisy; Height: 5m, growing fast. Hardiness: 10-12. Light: semi-shade or full sun. Water preference: unknown moisture.; Pencil Plant; uncategorised; 10
Euphorbia lactea; Mottled Spurge; Height: 5m, growing at a medium rate. Hardiness: 10-11. Light: semi-shade or full sun. Water preference: dry - moist.; ; uncategorised; 10
Euphorbia neriifolia; Fleshy spurge; Height: 4m, growing fast. Hardiness: 10-12. Light: semi-shade or full sun. Water preference: unknown moisture.; Hedge Euphorbia, Oleander spurge; uncategorised; 10
Euphorbia tetragona; Naboom; Height: 10m. Hardiness: 6-9. Light: semi-shade or full sun. Water preference: dry - moist.; ; uncategorised; 6
Euplassa cantareirae; Louro Faja; Height: 20m, growing at a medium rate. Hardiness: 10-12. Light: semi-shade or full sun. Water preference: moist.; ; uncategorised; 10
Euptelea pleiosperma; ; Height: 9m. Hardiness: 5-9. Light: semi-shade or full sun. Water preference: moist.; ; uncategorised; 5
Euptelea polyandra; Euptelea; Height: 8m, growing at a medium rate. Hardiness: 6-7. Light: semi-shade or full sun. Water preference: moist.; ; uncategorised; 6
Eurya chinensis; ; Height: 2.5m. Hardiness: 8-11. Light: semi-shade or full sun. Water preference: moist.; ; uncategorised; 8
Eurya japonica; ; Height: 3m. Hardiness: 8-11. Light: semi-shade or full sun. Water preference: moist.; ; uncategorised; 8
Euterpe edulis; Jucara Palm; Height: 30m, growing at a medium rate. Hardiness: 9-12. Light: semi-shade or full sun. Water preference: moist.; Assai Palm; Food forest; 9
Hippophae rhamnoides; Sea Buckthorn; Height: 6m, growing at a medium rate. Hardiness: 3-8. Light: full sun. Water preference: unknown moisture.; Seaberry; Food forest; 3
Lecythis ollaria; Monkey Pot. Sapucaia nut; Height: 35m, growing slowly. Hardiness: 11-12. Light: full sun. Water preference: moist.; Pot nut; Food forest; 11
Luma apiculata; Arrayan; Height: 6m, growing at a medium rate. Hardiness: 8-11. Light: full sun. Water preference: moist.; ; Food forest; 8
Manilkara discolor; Red milkwood; Height: 20m, growing at a medium rate. Hardiness: 10-12. Light: semi-shade or full sun. Water preference: dry - moist.; Silvery milkwood; Food forest; 10
Minquartia guianensis; Wanania; Height: 20m, growing at a medium rate. Hardiness: 10-12. Light: full shade or semi-shade. Water preference: moist.; Arataweri; uncategorised; 10
Olearia ilicifolia; ; Height: 3m. Hardiness: 7-10. Light: full sun. Water preference: moist.; ; uncategorised; 7
Oplopanax horridus; Devil's Club; Height: 2m. Hardiness: 4-8. Light: full shade or semi-shade. Water preference: moist.; ; uncategorised; 4
Phoenix dactylifera; Date Palm; Height: 25m, growing slowly. Hardiness: 8-12. Light: full sun. Water preference: dry - moist.; ; Food forest; 8
Phytelephas macrocarpa; Vegetable Ivory; Height: 3.5m, growing slowly. Hardiness: 10-12. Light: full sun. Water preference: moist.; Tagua, Nut Palm, Ivory nut palm; uncategorised; 10
Plinia cauliflora; Jaboticaba; Height: 13m, growing slowly. Hardiness: 10-12. Light: full sun. Water preference: moist.; ; Food forest; 10
Plinia edulis; Cambuca; Height: 7m, growing slowly. Hardiness: 10-12. Light: semi-shade or full sun. Water preference: moist.; ambucazeiro, Cambuca-verdadeiro; Food forest; 10
Santalum spicatum; West Australian Sandalwood; Height: 4m, growing slowly. Hardiness: 10-12. Light: semi-shade or full sun. Water preference: unknown moisture.; ; uncategorised; 10
Sapium japonicum; ; Height: 5m. Hardiness: 8-11. Light: full sun. Water preference: moist.; ; uncategorised; 8
Sophora mollis; ; Height: 2m. Hardiness: 7-10. Light: full sun. Water preference: dry - moist.; ; uncategorised; 7
Sophora tetraptera; Kowhai; Height: 10m, growing slowly. Hardiness: 7-10. Light: full sun. Water preference: moist.; ; uncategorised; 7
Syzygium cumini; Jambolan; Height: 25m, growing fast. Hardiness: 8-12. Light: semi-shade or full sun. Water preference: unknown moisture.; Java Plum, Malabar Plum, Jambu; Food forest; 8
Ugni molinae; Uñi; Height: 2m, growing at a medium rate. Hardiness: 7-11. Light: full sun. Water preference: dry - moist.; Chilean guava; Food forest; 7
Xanthostemon verus; Iron Wood; Height: 10m, growing at a medium rate. Hardiness: 10-12. Light: full sun. Water preference: moist.; ; uncategorised; 10
Fabiana imbricata; Pichi; Height: 2.5m. Hardiness: 7-10. Light: full sun. Water preference: moist.; ; uncategorised; 7
Fagraea fragrans; Ironwood; Height: 25m, growing slowly. Hardiness: 10-12. Light: full sun. Water preference: unknown moisture.; Tembusu; uncategorised; 10
Fagus crenata; Japanese Beech; Height: 35m, growing slowly. Hardiness: 4-8. Light: full shade or semi-shade or full sun. Water preference: dry - moist.; ; uncategorised; 4
Fagus grandifolia; American Beech; Height: 10m, growing slowly. Hardiness: 4-8. Light: full shade or semi-shade or full sun. Water preference: dry - moist.; ; uncategorised; 4
Fagus japonica; Japanese Beech; Height: 22m, growing slowly. Hardiness: 4-8. Light: full shade or semi-shade or full sun. Water preference: dry - moist.; ; uncategorised; 4
Fagus lucida; ; Height: 15m. Hardiness: 5-9. Light: full shade or semi-shade or full sun. Water preference: dry - moist.; ; uncategorised; 5
Fagus orientalis; Oriental Beech; Height: 20m, growing at a medium rate. Hardiness: 4-8. Light: full shade or semi-shade or full sun. Water preference: dry - moist.; ; uncategorised; 4
Fagus sylvatica; Beech; Height: 30m, growing at a medium rate. Hardiness: 4-7. Light: full shade or semi-shade or full sun. Water preference: dry - moist.; European beech, Common Beech; Food forest; 4
Fallugia paradoxa; Apache Plume; Height: 2.5m, growing at a medium rate. Hardiness: 6-10. Light: full sun. Water preference: dry - moist.; ; uncategorised; 6
Ficus annulata; Huan wen rong; Height: 25m, growing at a medium rate. Hardiness: 10-12. Light: full sun. Water preference: moist.; Nizhangde; uncategorised; 10
Ficus carica; Fig; Height: 6m, growing at a medium rate. Hardiness: 6-10. Light: full sun. Water preference: dry - moist.; Edible fig, Fig Common; Food forest; 6
Ficus coronata; Sandpaper Fig; Height: 12m. Hardiness: 8-11. Light: semi-shade or full sun. Water preference: moist.; ; Food forest; 8
Ficus elastica; Rubber Plant. India Rubber Tree; Height: 50m, growing fast. Hardiness: 9-12. Light: semi-shade or full sun. Water preference: moist.; ; uncategorised; 9
Ficus macrophylla; Moreton Bay Fig; Height: 35m. Hardiness: 9-11. Light: semi-shade or full sun. Water preference: moist.; ; uncategorised; 9
Ficus palmata; Wild Fig; Height: 9m. Hardiness: 0-0. Light: full sun. Water preference: dry - moist.; Punjab fig; uncategorised; 0
Firmiana simplex; Chinese Parasol Tree; Height: 15m, growing fast. Hardiness: 7-10. Light: semi-shade or full sun. Water preference: moist.; Chinese parasoltree, Japanese Varnish Tree, Chinese Parasol Tree; uncategorised; 7
Fitzroya cupressoides; Alerce; Height: 10m, growing slowly. Hardiness: 7-10. Light: semi-shade or full sun. Water preference: moist.; Patagonian cypress; uncategorised; 7
Fontanesia phillyreoides fortunei; Xue Liu; Height: 3m. Hardiness: 5-9. Light: semi-shade or full sun. Water preference: moist.; ; uncategorised; 5
Forestiera neomexicana; Wild Olive; Height: 3m. Hardiness: 5-9. Light: semi-shade or full sun. Water preference: dry - moist.; ; uncategorised; 5
Forsythia suspensa; Lian Qiao; Height: 5m, growing at a medium rate. Hardiness: 5-8. Light: full shade or semi-shade or full sun. Water preference: moist.; Weeping forsythia; uncategorised; 5
Forsythia viridissima; Golden Bells; Height: 2.5m, growing slowly. Hardiness: 5-8. Light: full shade or semi-shade or full sun. Water preference: moist.; Greenstem forsythia, Forsythia; uncategorised; 5
Forsythia x intermedia; Golden Bell; Height: 2.5m, growing fast. Hardiness: 5-8. Light: full shade or semi-shade or full sun. Water preference: moist.; Border Forsythia; uncategorised; 5
Fortunella margarita; Oval Kumquat; Height: 3m. Hardiness: 7-10. Light: full sun. Water preference: moist.; ; Food forest; 7
Fouquieria splendens; Ocotillo. Coach whip; Height: 6m, growing at a medium rate. Hardiness: 8-11. Light: full sun. Water preference: unknown moisture.; ; uncategorised; 8
Fraxinus americana; White Ash; Height: 25m, growing fast. Hardiness: 4-9. Light: semi-shade or full sun. Water preference: dry - moist.; ; uncategorised; 4
Fraxinus angustifolia; Narrow-Leaved Ash; Height: 25m. Hardiness: 5-9. Light: full sun. Water preference: dry - moist.; ; uncategorised; 5
Fraxinus bungeana; Xiao Ye Qin; Height: 5m. Hardiness: 4-8. Light: full sun. Water preference: dry - moist.; ; uncategorised; 4
Fraxinus chinensis rhynchophylla; Hua Qu Liu; Height: 25m. Hardiness: 5-9. Light: full sun. Water preference: moist.; ; uncategorised; 5
Fraxinus excelsior; Ash; Height: 30m, growing fast. Hardiness: 5-8. Light: full sun. Water preference: unknown moisture.; European ash, Common Ash; uncategorised; 5
Fraxinus floribunda; Himalayan Ash; Height: 40m. Hardiness: 7-10. Light: full sun. Water preference: moist.; ; uncategorised; 7
Fraxinus latifolia; Oregon Ash; Height: 20m. Hardiness: 5-9. Light: full sun. Water preference: moist.; ; uncategorised; 5
Fraxinus longicuspis; ; Height: 8m. Hardiness: 5-9. Light: full sun. Water preference: moist.; ; uncategorised; 5
Fraxinus nigra; Black Ash; Height: 25m, growing at a medium rate. Hardiness: 2-5. Light: full sun. Water preference: unknown moisture.; ; uncategorised; 2
Fraxinus ornus; Manna Ash; Height: 9m, growing slowly. Hardiness: 5-6. Light: full sun. Water preference: dry - moist.; Flowering ash; Food forest; 5
Fraxinus pennsylvanica; Red Ash; Height: 20m, growing fast. Hardiness: 3-9. Light: full sun. Water preference: moist.; Green ash, Water Ash; uncategorised; 3
Fraxinus quadrangulata; Blue Ash; Height: 20m, growing at a medium rate. Hardiness: 4-8. Light: full sun. Water preference: moist.; ; uncategorised; 4
Fraxinus sieboldiana; Ash; Height: 8m, growing at a medium rate. Hardiness: 6-9. Light: full sun. Water preference: moist.; ; uncategorised; 6
Fraxinus texensis; Texas White Ash; Height: 12m, growing fast. Hardiness: 5-9. Light: semi-shade or full sun. Water preference: dry - moist.; ; uncategorised; 5
Fraxinus velutina; Arizona Ash; Height: 12m, growing fast. Hardiness: 7-10. Light: full sun. Water preference: moist.; Velvet ash, Modesto Ash, Fantex Ash; uncategorised; 7
Fraxinus xanthoxyloides; ; Height: 6m. Hardiness: 7-10. Light: full sun. Water preference: moist.; ; uncategorised; 7
Fuchsia alpestris; ; Height: 2m. Hardiness: 9-11. Light: semi-shade or full sun. Water preference: moist.; ; uncategorised; 9
Fuchsia boliviana; Bolivian fuchsia; Height: 3.5m, growing fast. Hardiness: 9-11. Light: semi-shade or full sun. Water preference: moist.; ; Food forest; 9
Fuchsia coccinea; Scarlet fuchsia; Height: 3.5m, growing fast. Hardiness: 8-11. Light: semi-shade or full sun. Water preference: moist.; ; Food forest; 8
Fuchsia colensoi; ; Height: 10m. Hardiness: 8-11. Light: semi-shade or full sun. Water preference: moist.; ; uncategorised; 8
Fuchsia corymbiflora; Peruvian Fuschia; Height: 3.6m. Hardiness: 9-11. Light: semi-shade or full sun. Water preference: moist.; Peruvian Berrybush, Vine fuchsia,; Food forest; 9
Fuchsia denticulata; ; Height: 4m. Hardiness: 9-11. Light: semi-shade or full sun. Water preference: moist.; ; Food forest; 9
Fuchsia excorticata; Konini; Height: 10m, growing at a medium rate. Hardiness: 8-11. Light: semi-shade or full sun. Water preference: moist.; ; uncategorised; 8
Fuchsia fulgens; ; Height: 1.2m. Hardiness: 9-11. Light: semi-shade or full sun. Water preference: moist.; ; Food forest; 9
Fuchsia hemsleyana; ; Height: 2m, growing at a medium rate. Hardiness: 8-11. Light: semi-shade or full sun. Water preference: moist.; ; Food forest; 8
Fuchsia magellanica; Fuchsia; Height: 3.6m, growing at a medium rate. Hardiness: 5-7. Light: semi-shade or full sun. Water preference: moist.; Hardy fuchsia; uncategorised; 5
Fuchsia microphylla; ; Height: 1.8m, growing at a medium rate. Hardiness: 8-11. Light: semi-shade or full sun. Water preference: moist.; ; Food forest; 8
Fuchsia paniculata; Shrubby fuchsia; Height: 8m, growing at a medium rate. Hardiness: 9-11. Light: semi-shade or full sun. Water preference: moist.; ; uncategorised; 9
Fuchsia procumbens; Trailing Fuchsia; Height: 0.2m. Hardiness: 8-11. Light: semi-shade or full sun. Water preference: moist.; ; uncategorised; 8
Fuchsia splendens; Platanillo; Height: 2m. Hardiness: 8-11. Light: full shade or semi-shade or full sun. Water preference: moist.; ; Food forest; 8
Funtumia elastica; West African Rubber Tree. Lagos silk rubber; Height: 25m, growing fast. Hardiness: 10-12. Light: full sun. Water preference: moist.; ; uncategorised; 10
Inga cinnamomea; Inga Assu; Height: 12m, growing fast. Hardiness: 10-12. Light: full sun. Water preference: moist.; Inga Acu; Food forest; 10
Inga edulis; Ice Cream Bean; Height: 18m, growing fast. Hardiness: 9-12. Light: semi-shade or full sun. Water preference: unknown moisture.; Monkey Tamarind; Food forest; 9
Inga insignis; Guaba de zorro; Height: 8m, growing at a medium rate. Hardiness: 10-12. Light: semi-shade or full sun. Water preference: dry - moist.; ; Food forest; 10
Inga jinicuil; Ice Cream Bean; Height: 20m, growing fast. Hardiness: 10-12. Light: full sun. Water preference: moist.; Jinicuil; Food forest; 10
Inga vera; Ice cream bean; Height: 15m, growing fast. Hardiness: 10-12. Light: full sun. Water preference: moist.; River koko, Guaba, Pois Doux; uncategorised; 10
Nothofagus betuloides; ; Height: 20m, growing fast. Hardiness: 6-9. Light: full sun. Water preference: moist.; ; uncategorised; 6
Nothofagus cunninghamii; Myrtle Beech; Height: 55m, growing fast. Hardiness: 8-11. Light: full sun. Water preference: moist.; ; uncategorised; 8
Nothofagus fusca; Red Beech; Height: 35m, growing fast. Hardiness: 8-11. Light: full sun. Water preference: moist.; ; uncategorised; 8
Nothofagus menziesii; Silver Beech; Height: 20m, growing fast. Hardiness: 8-11. Light: full sun. Water preference: moist.; ; uncategorised; 8
Nothofagus obliqua; Roblé; Height: 20m, growing fast. Hardiness: 6-9. Light: full sun. Water preference: moist.; Roble beech; uncategorised; 6
Nothofagus pumilio; Lenga; Height: 40m, growing at a medium rate. Hardiness: 6-9. Light: full sun. Water preference: moist.; ; uncategorised; 6
Nothofagus solanderi; Black Beech; Height: 30m, growing fast. Hardiness: 7-10. Light: full sun. Water preference: moist.; ; uncategorised; 7
Platycarya strobilacea; ; Height: 12m. Hardiness: 6-9. Light: semi-shade or full sun. Water preference: moist.; ; uncategorised; 6
Plukenetia volubilis; Inca peanut; Height: 2m, growing fast. Hardiness: 10-12. Light: semi-shade or full sun. Water preference: moist.; ; Food forest; 10
Rhamnus carolinianus; Indian Cherry; Height: 12m, growing slowly. Hardiness: 5-9. Light: semi-shade or full sun. Water preference: moist.; Oak, Carolina Buckthorn; uncategorised; 5
Rhamnus frangula; Alder Buckthorn; Height: 5m, growing slowly. Hardiness: 3-7. Light: semi-shade or full sun. Water preference: unknown moisture.; ; uncategorised; 3
Telfairia pedata; Oysternut; Height: 20m, growing fast. Hardiness: 10-12. Light: semi-shade or full sun. Water preference: moist.; ; Food forest; 10
Thamnocalamus spathaceus; Umbrella Bamboo; Height: 4m. Hardiness: 5-9. Light: full shade or semi-shade or full sun. Water preference: moist.; ; uncategorised; 5
Yushania maculata; Maculata bamboo; Height: 5m, growing fast. Hardiness: 6-10. Light: semi-shade or full sun. Water preference: moist.; ; Food forest; 6
Zanthoxylum piperitum; Japanese Pepper Tree; Height: 2m. Hardiness: 5-9. Light: semi-shade or full sun. Water preference: moist.; ; Food forest; 5
Zanthoxylum schinifolium; Peppertree; Height: 4m. Hardiness: 5-9. Light: semi-shade or full sun. Water preference: moist.; ; uncategorised; 5
Garcinia brasiliensis; Bacupari; Height: 6m, growing slowly. Hardiness: 10-12. Light: semi-shade or full sun. Water preference: moist.; ; Food forest; 10
Garcinia gardneriana; Bacupari; Height: 8m, growing slowly. Hardiness: 10-12. Light: semi-shade or full sun. Water preference: moist.; achacha; Food forest; 10
Garcinia hanburyi; Siam gamboge. Hanbury's garcinia; Height: 15m, growing at a medium rate. Hardiness: 10-12. Light: semi-shade or full sun. Water preference: moist.; ; uncategorised; 10
Garcinia kola; Bitter Kola; Height: 12m, growing at a medium rate. Hardiness: 10-12. Light: semi-shade or full sun. Water preference: unknown moisture.; ; Food forest; 10
Garcinia madruno; Madruno; Height: 10m, growing at a medium rate. Hardiness: 10-12. Light: semi-shade or full sun. Water preference: moist.; Charichuela, Madrono; Food forest; 10
Garcinia mangostana; Mangosteen; Height: 12m, growing slowly. Hardiness: 11-12. Light: semi-shade or full sun. Water preference: moist.; Manggis; Food forest; 11
Garcinia xanthochymus; Mysore Gamboge. Gamboge; Height: 12m, growing slowly. Hardiness: 11-12. Light: semi-shade or full sun. Water preference: moist.; Himalayan garcinia; uncategorised; 11
Garrya elliptica; Coast Silk Tassel; Height: 4m, growing at a medium rate. Hardiness: 7-10. Light: full shade or semi-shade or full sun. Water preference: dry - moist.; Wavyleaf silktassel; uncategorised; 7
Garrya fremontii; Fever Bush; Height: 3m, growing at a medium rate. Hardiness: 6-9. Light: full shade or semi-shade or full sun. Water preference: dry - moist.; Bearbrush; uncategorised; 6
Gaultheria antipoda; Snowberry; Height: 1.2m. Hardiness: 8-11. Light: full shade or semi-shade. Water preference: moist.; ; uncategorised; 8
Gaultheria cumingiana; ; Height: 3m. Hardiness: 9-11. Light: semi-shade. Water preference: moist.; ; uncategorised; 9
Gaultheria depressa; Mountain Snowberry; Height: 0.1m. Hardiness: 8-11. Light: semi-shade or full sun. Water preference: moist.; ; uncategorised; 8
Gaultheria fragrantissima; Fragrant Wintergreen; Height: 1m. Hardiness: 8-11. Light: full shade or semi-shade. Water preference: moist.; ; uncategorised; 8
Gaultheria hispida; Snowberry; Height: 0.9m. Hardiness: 8-11. Light: semi-shade. Water preference: moist.; ; uncategorised; 8
Gaultheria humifusa; Alpine Wintergreen; Height: 0.1m. Hardiness: 6-9. Light: semi-shade or full sun. Water preference: moist.; Alpine spicywintergreen; Food forest; 6
Gaultheria insana; ; Height: 0.5m. Hardiness: 5-9. Light: semi-shade or full sun. Water preference: moist.; ; uncategorised; 5
Gaultheria japonica; Creeping Snowberry; Height: 0.1m, growing fast. Hardiness: 5-9. Light: semi-shade. Water preference: unknown moisture.; ; Food forest; 5
Gaultheria macrostigma; ; Height: 0.5m. Hardiness: 7-10. Light: semi-shade. Water preference: moist.; ; uncategorised; 7
Gaultheria myrsinoides; ; Height: 0.2m. Hardiness: 8-11. Light: semi-shade or full sun. Water preference: moist.; ; uncategorised; 8
Gaultheria nummularioides; ; Height: 0.1m. Hardiness: 8-11. Light: semi-shade or full sun. Water preference: moist.; ; uncategorised; 8
Gaultheria ovatifolia; Mountain Checkerberry; Height: 0.2m. Hardiness: 5-9. Light: full shade or semi-shade. Water preference: moist.; Western teaberry; Food forest; 5
Gaultheria procumbens; Checkerberry; Height: 0.2m, growing at a medium rate. Hardiness: 3-6. Light: full shade or semi-shade. Water preference: dry - moist.; Eastern teaberry, Teaberry, Creeping Wintergreen; Food forest; 3
Gaultheria pyroliifolia; ; Height: 0.2m, growing slowly. Hardiness: 5-9. Light: full shade or semi-shade. Water preference: moist.; ; uncategorised; 5
Gaultheria pyroloides; ; Height: 0.3m. Hardiness: 5-9. Light: semi-shade. Water preference: moist.; ; Food forest; 5
Gaultheria shallon; Shallon; Height: 1.2m, growing at a medium rate. Hardiness: 6-9. Light: full shade or semi-shade or full sun. Water preference: dry - moist.; Salal; Food forest; 6
Gaultheria trichophylla; ; Height: 0.1m. Hardiness: 7-10. Light: semi-shade or full sun. Water preference: moist.; ; uncategorised; 7
Gaultheria x wisleyensis; ; Height: 1m. Hardiness: 5-9. Light: full shade or semi-shade. Water preference: moist.; ; uncategorised; 5
Gaylussacia baccata; Black Huckleberry; Height: 1m. Hardiness: 5-9. Light: semi-shade or full sun. Water preference: dry - moist.; ; Food forest; 5
Gaylussacia brachycera; Box Huckleberry; Height: 0.5m. Hardiness: 5-9. Light: full shade or semi-shade or full sun. Water preference: dry - moist.; ; uncategorised; 5
Gaylussacia dumosa; Dwarf Huckleberry; Height: 0.3m. Hardiness: 5-9. Light: semi-shade or full sun. Water preference: moist.; ; Food forest; 5
Gaylussacia frondosa; Dangleberry; Height: 1.8m. Hardiness: 5-9. Light: semi-shade or full sun. Water preference: dry - moist.; Blue huckleberry; Food forest; 5
Geijera parviflora; Australian Willow; Height: 12m, growing fast. Hardiness: 9-11. Light: semi-shade or full sun. Water preference: moist.; ; uncategorised; 9
Gelsemium sempervirens; False Jasmine; Height: 3m, growing fast. Hardiness: 7-9. Light: semi-shade or full sun. Water preference: moist.; Yellow Jessamine, Evening Trumpetflower, Carolina Jasmine; uncategorised; 7
Genista germanica; ; Height: 0.6m. Hardiness: 4-8. Light: full sun. Water preference: dry - moist.; ; uncategorised; 4
Genista hispanica; Spanish Gorse; Height: 0.8m. Hardiness: 5-9. Light: full sun. Water preference: dry - moist.; ; uncategorised; 5
Genista pilosa; Hairy greenweed; Height: 0.3m, growing slowly. Hardiness: 5-8. Light: semi-shade or full sun. Water preference: dry - moist.; silkyleaf broom; uncategorised; 5
Genista pilosa procumbens; Creeping broom; Height: 0.1m, growing slowly. Hardiness: 6-8. Light: semi-shade or full sun. Water preference: dry - moist.; Creeping hairy broom; uncategorised; 6
Genista tinctoria; Dyer's Greenweed; Height: 0.6m, growing at a medium rate. Hardiness: 4-7. Light: full sun. Water preference: dry - moist.; Common Woadwaxen, Broom; uncategorised; 4
Genista tridentata; Carqueja; Height: 1m, growing fast. Hardiness: 8-11. Light: semi-shade or full sun. Water preference: dry - moist.; Prickled broom; Food forest; 8
Geum pentapetalum; Aleutian avens; Height: 0.2m. Hardiness: 7-10. Light: semi-shade or full sun. Water preference: unknown moisture.; ; uncategorised; 7
Gevuina avellana; Chilean Hazel; Height: 10m, growing slowly. Hardiness: 8-11. Light: semi-shade. Water preference: moist.; ; Food forest; 8
Gigantochloa atroviolacea; Black Bamboo. Giant Black bamboo; Height: 12m, growing at a medium rate. Hardiness: 9-11. Light: semi-shade or full sun. Water preference: moist.; ; uncategorised; 9
Gigantochloa balui; Clumping Bamboo; Height: 10m, growing fast. Hardiness: 10-12. Light: full sun. Water preference: moist.; ; uncategorised; 10
Gigantochloa hasskarliana; Awi Tela; Height: 10m, growing fast. Hardiness: 10-12. Light: semi-shade or full sun. Water preference: moist.; ; Food forest; 10
Ginkgo biloba; Maidenhair Tree; Height: 30m, growing slowly. Hardiness: 3-8. Light: full sun. Water preference: dry - moist.; Ginkgo; Food forest; 3
Gleditsia aquatica; Water Locust; Height: 12m, growing slowly. Hardiness: 5-9. Light: full sun. Water preference: unknown moisture.; ; uncategorised; 5
Gleditsia caspica; Caspian Locust; Height: 12m, growing at a medium rate. Hardiness: 6-8. Light: full sun. Water preference: dry - moist.; ; uncategorised; 6
Gleditsia japonica; ; Height: 20m, growing at a medium rate. Hardiness: 5-9. Light: full sun. Water preference: dry - moist.; ; Food forest; 5
Gleditsia macracantha; ; Height: 18m, growing at a medium rate. Hardiness: 5-9. Light: full sun. Water preference: dry - moist.; ; uncategorised; 5
Gleditsia sinensis; Locust; Height: 12m, growing at a medium rate. Hardiness: 8-9. Light: full sun. Water preference: dry - moist.; ; Food forest; 8
Gleditsia triacanthos; Honey Locust; Height: 20m, growing at a medium rate. Hardiness: 4-8. Light: full sun. Water preference: dry - moist.; ; Food forest; 4
Gliricidia sepium; Gliricidia; Height: 10m, growing fast. Hardiness: 10-12. Light: full sun. Water preference: moist.; Forest Lilac, Mexican Lilac; uncategorised; 10
Glochidion puberum; Needlebush; Height: 3m. Hardiness: 0-0. Light: semi-shade or full sun. Water preference: moist.; ; uncategorised; 0
Gluta laccifera; Lacquer tree; Height: 18m, growing at a medium rate. Hardiness: 10-12. Light: full sun. Water preference: moist.; ; uncategorised; 10
Gluta usitata; Burmese Varnish Tree; Height: 25m, growing at a medium rate. Hardiness: 10-12. Light: full sun. Water preference: moist.; ; uncategorised; 10
Glyptostrobus pensilis; Chinese Swamp Cypress; Height: 10m, growing at a medium rate. Hardiness: 7-10. Light: full sun. Water preference: unknown moisture.; ; uncategorised; 7
Gmelina arborea; Gmelina; Height: 25m, growing fast. Hardiness: 9-12. Light: semi-shade or full sun. Water preference: moist.; Snapdragon, White Teak; uncategorised; 9
Gnetum africanum; Eru; Height: 12m, growing fast. Hardiness: 10-12. Light: semi-shade or full sun. Water preference: moist.; African Jointfir; Food forest; 10
Gnetum buchholzianum; Jointfir; Height: 10m, growing fast. Hardiness: 10-12. Light: full shade or semi-shade or full sun. Water preference: moist.; ; Food forest; 10
Gnetum gnemon; Jointfir; Height: 15m, growing slowly. Hardiness: 10-12. Light: full shade or semi-shade or full sun. Water preference: moist.; Melinjo, Meninjau; Food forest; 10
Goniorrhachis marginata; Goniorrhachis; Height: 25m, growing at a medium rate. Hardiness: 10-12. Light: full sun. Water preference: moist.; ; uncategorised; 10
Goodenia ovata; ; Height: 1.8m. Hardiness: 8-11. Light: semi-shade or full sun. Water preference: unknown moisture.; ; uncategorised; 8
Goodenia varia; ; Height: 0.6m. Hardiness: 8-11. Light: semi-shade or full sun. Water preference: moist.; ; uncategorised; 8
Gossypium arboreum; Tree Cotton; Height: 5m, growing fast. Hardiness: 10-12. Light: full sun. Water preference: moist.; ; uncategorised; 10
Gossypium barbadense; Sea Island Cotton; Height: 3m, growing fast. Hardiness: 10-12. Light: full sun. Water preference: moist.; ; Food forest; 10
Gossypium herbaceum; Levant cotton; Height: 1.2m, growing fast. Hardiness: 9-12. Light: semi-shade or full sun. Water preference: moist.; ; Food forest; 9
Gossypium hirsutum; Upland Cotton; Height: 2m, growing fast. Hardiness: 5-10. Light: full sun. Water preference: moist.; ; uncategorised; 5
Grazielodendron riodocensis; Grazielodendron; Height: 23m, growing slowly. Hardiness: 10-12. Light: semi-shade or full sun. Water preference: moist.; ; uncategorised; 10
Grevillea robusta; Silky Oak; Height: 30m, growing fast. Hardiness: 9-11. Light: semi-shade or full sun. Water preference: dry - moist.; ; uncategorised; 9
Grewia biloba parviflora; ; Height: 3m. Hardiness: 5-9. Light: semi-shade or full sun. Water preference: moist.; ; uncategorised; 5
Grewia oppositifolia; ; Height: 0m. Hardiness: 8-11. Light: semi-shade or full sun. Water preference: moist.; ; uncategorised; 8
Griselinia littoralis; ; Height: 6m, growing at a medium rate. Hardiness: 6-9. Light: semi-shade or full sun. Water preference: moist.; ; uncategorised; 6
Guaiacum officinale; Lignum Vitae; Height: 10m, growing slowly. Hardiness: 10-12. Light: full sun. Water preference: moist.; Guaiacum, Guayacan; uncategorised; 10
Guaiacum sanctum; Lignum Vitae; Height: 6m, growing slowly. Hardiness: 10-12. Light: semi-shade or full sun. Water preference: dry - moist.; Guaiacum, Holy Wood; uncategorised; 10
Guarea guidonia; Muskwood; Height: 15m, growing slowly. Hardiness: 10-12. Light: semi-shade or full sun. Water preference: moist.; Carrapeta, Cedro Macho; uncategorised; 10
Guazuma ulmifolia; Bastard Cedar. West Indian elm; Height: 30m, growing fast. Hardiness: 10-12. Light: full sun. Water preference: moist.; Guasimo; uncategorised; 10
Guibourtia pellegriana; Akume; Height: 25m, growing slowly. Hardiness: 10-12. Light: full sun. Water preference: moist.; Bubinga, Waka; uncategorised; 10
Guiera senegalensis; Moshi medicine; Height: 2.5m, growing slowly. Hardiness: 10-12. Light: full sun. Water preference: dry - moist.; guier du Senegal; uncategorised; 10
Gustavia superba; Membrillo; Height: 15m, growing at a medium rate. Hardiness: 10-12. Light: semi-shade or full sun. Water preference: moist.; ; Food forest; 10
Gutierrezia sarothrae; Broomweed; Height: 1m. Hardiness: 7-10. Light: full sun. Water preference: dry - moist.; Broom snakeweed; uncategorised; 7
Gymnocladus chinensis; Soap Tree; Height: 12m, growing slowly. Hardiness: 8-11. Light: full sun. Water preference: moist.; ; uncategorised; 8
Gymnocladus dioica; Kentucky Coffee Tree; Height: 20m, growing slowly. Hardiness: 3-8. Light: full sun. Water preference: dry - moist.; ; Food forest; 3
Gynatrix pulchella; Hemp Bush; Height: 2.5m, growing fast. Hardiness: 7-10. Light: full sun. Water preference: moist.; ; uncategorised; 7
Helicostylis tomentosa; Letterhout; Height: 20m, growing at a medium rate. Hardiness: 10-12. Light: full sun. Water preference: moist.; Letter Wood; Food forest; 10
Khaya anthotheca; White Mahogany; Height: 50m, growing fast. Hardiness: 9-12. Light: full sun. Water preference: moist.; East African Mahogany; uncategorised; 9
Leplaea cedrata; Scented Guarea; Height: 45m, growing slowly. Hardiness: 10-12. Light: full shade or semi-shade or full sun. Water preference: moist.; ; uncategorised; 10
Leplaea thompsonii; Black Guarea; Height: 35m, growing slowly. Hardiness: 10-12. Light: full shade or semi-shade or full sun. Water preference: moist.; ; uncategorised; 10
Lippia graveolens; Mexican Oregano; Height: 2m, growing fast. Hardiness: 9-12. Light: full sun. Water preference: dry - moist.; ; Food forest; 9
Moringa oleifera; Horseradish Tree; Height: 8m, growing fast. Hardiness: 10-12. Light: full sun. Water preference: unknown moisture.; Moringa,; Food forest; 10
Passiflora laurifolia; Yellow Granadilla; Height: 15m, growing fast. Hardiness: 10-12. Light: semi-shade or full sun. Water preference: moist.; ; Food forest; 10
Pfaffia paniculata; Pfaffia; Height: 1m, growing fast. Hardiness: 10-12. Light: full sun. Water preference: dry - moist.; ; uncategorised; 10
Psidium guajava; Guava; Height: 10m, growing at a medium rate. Hardiness: 9-12. Light: full sun. Water preference: moist.; Tropical Guava, Goiaba, Araçá-goiaba; Food forest; 9
Ribes aciculare; ; Height: 1m. Hardiness: 3-7. Light: semi-shade or full sun. Water preference: moist.; ; Food forest; 3
Ribes burejense; Bureja gooseberry; Height: 1m. Hardiness: 4-8. Light: semi-shade or full sun. Water preference: moist.; ; Food forest; 4
Ribes californicum; Hillside Gooseberry; Height: 0m. Hardiness: 6-9. Light: full sun. Water preference: moist.; ; uncategorised; 6
Ribes curvatum; Granite gooseberry; Height: 1m. Hardiness: 6-9. Light: semi-shade or full sun. Water preference: moist.; ; Food forest; 6
Ribes cynosbati; Dogberry; Height: 1.5m. Hardiness: 0-0. Light: semi-shade or full sun. Water preference: moist.; Eastern prickly gooseberry; Food forest; 0
Ribes divaricatum; Coastal Black Gooseberry; Height: 2.7m. Hardiness: 4-8. Light: semi-shade or full sun. Water preference: moist.; Spreading gooseberry, Parish's gooseberry, Straggly gooseberry; Food forest; 4
Ribes hirtellum; Currant-Gooseberry; Height: 1m. Hardiness: 4-8. Light: full sun. Water preference: moist.; Hairystem gooseberry; Food forest; 4
Ribes inerme; Whitestem Gooseberry; Height: 2m. Hardiness: 5-9. Light: semi-shade or full sun. Water preference: moist.; Klamath gooseberry; uncategorised; 5
Ribes leptanthum; Trumpet Gooseberry; Height: 1m. Hardiness: 5-9. Light: semi-shade or full sun. Water preference: moist.; ; uncategorised; 5
Ribes oxyacanthoides; American Mountain Gooseberry; Height: 1.5m. Hardiness: 0-0. Light: semi-shade or full sun. Water preference: moist.; Canadian gooseberry, Stream currant, Henderson's currant, Idaho go; Food forest; 0
Ribes pinetorum; Orange Gooseberry; Height: 0m. Hardiness: 5-9. Light: full sun. Water preference: moist.; ; Food forest; 5
Ribes rotundifolium; Appalachian Gooseberry; Height: 1m. Hardiness: 5-9. Light: semi-shade or full sun. Water preference: moist.; ; Food forest; 5
Spartium junceum; Spanish Broom; Height: 3.5m, growing fast. Hardiness: 8-9. Light: full sun. Water preference: dry - moist.; Weaver's Broom, Spanish Broom; uncategorised; 8
Wisteria sinensis; Chinese Wisteria; Height: 25m, growing at a medium rate. Hardiness: 5-9. Light: full sun. Water preference: moist.; ; uncategorised; 5
Woodfordia fruticosa; Fire-flame bush; Height: 5m, growing at a medium rate. Hardiness: 10-12. Light: full sun. Water preference: moist.; ; uncategorised; 10
Hakea drupacea; Sweet Hakea; Height: 2m. Hardiness: 8-11. Light: semi-shade or full sun. Water preference: dry - moist.; ; uncategorised; 8
Hakea sericea; Silky Hakea; Height: 3m. Hardiness: 8-11. Light: semi-shade or full sun. Water preference: dry - moist.; ; uncategorised; 8
Halesia carolina; Silver-Bell Tree; Height: 8m, growing at a medium rate. Hardiness: 4-8. Light: full sun. Water preference: moist.; Carolina silverbell, Mountain silverbell; uncategorised; 4
Halesia tetraptera; Silverbell or Mountain Silverbell; Height: 10m, growing at a medium rate. Hardiness: 4-8. Light: full shade or semi-shade or full sun. Water preference: moist.; ; uncategorised; 4
Halimodendron halodendron; Salt Tree; Height: 2m. Hardiness: 0-0. Light: full sun. Water preference: dry - moist.; Common salttree; uncategorised; 0
Haloxylon ammodendron; Saxaul; Height: 2m. Hardiness: 0-0. Light: full sun. Water preference: dry - moist.; ; uncategorised; 0
Haloxylon spp; Saxaul; Height: 8m, growing slowly. Hardiness: 10-12. Light: full sun. Water preference: dry - moist.; ; Food forest; 10
Hamamelis virginiana; Witch Hazel; Height: 5m, growing slowly. Hardiness: 3-8. Light: semi-shade or full sun. Water preference: moist.; American witchhazel, Common Witchhazel, Virginian Witchhazel, Witchhazel; uncategorised; 3
Hancornia speciosa; Mangaba Rubber Tree; Height: 7m, growing slowly. Hardiness: 10-12. Light: full sun. Water preference: moist.; Mangabiera; Food forest; 10
Handroanthus guayacan; Guayacan; Height: 40m, growing at a medium rate. Hardiness: 10-12. Light: full sun. Water preference: moist.; ; uncategorised; 10
Handroanthus impetiginosus; Pau D'Arco; Height: 20m, growing fast. Hardiness: 10-12. Light: full sun. Water preference: moist.; Pink Trumpet Tree; uncategorised; 10
Hardenbergia violacea; Coral Pea; Height: 2m, growing fast. Hardiness: 9-11. Light: semi-shade or full sun. Water preference: moist.; Purple Coral Pea, False Sarsaparilla, Vine Lilac; uncategorised; 9
Hebe brachysiphon; ; Height: 2m, growing fast. Hardiness: 6-9. Light: full sun. Water preference: moist.; ; uncategorised; 6
Hebe dieffenbachii; ; Height: 1.2m. Hardiness: 8-11. Light: semi-shade or full sun. Water preference: moist.; ; uncategorised; 8
Hebe 'Great Orme'; Great Orme Hebe; Height: 1.5m. Hardiness: 5-9. Light: full sun. Water preference: moist.; ; uncategorised; 5
Hebe rakaiensis; ; Height: 1m. Hardiness: 5-9. Light: full sun. Water preference: moist.; ; uncategorised; 5
Hebe salicifolia; ; Height: 4.5m. Hardiness: 6-9. Light: full sun. Water preference: moist.; ; uncategorised; 6
Hebe speciosa; New Zealand hebe; Height: 1.5m. Hardiness: 6-9. Light: full sun. Water preference: moist.; ; uncategorised; 6
Hebe x franciscana; Hebe; Height: 2.5m, growing slowly. Hardiness: 9-11. Light: semi-shade or full sun. Water preference: moist.; ; uncategorised; 9
Hedera helix; Ivy; Height: 15m, growing at a medium rate. Hardiness: 5-11. Light: full shade or semi-shade or full sun. Water preference: unknown moisture.; English ivy, Algerian ivy, Baltic Ivy, Common Ivy; uncategorised; 5
Hedera nepalensis; Nepal Ivy; Height: 15m, growing at a medium rate. Hardiness: 7-10. Light: full shade or semi-shade or full sun. Water preference: unknown moisture.; ; uncategorised; 7
Heimia myrtifolia; ; Height: 1.5m. Hardiness: 7-10. Light: full sun. Water preference: moist.; ; uncategorised; 7
Heimia salicifolia; Erva De Vida; Height: 3m. Hardiness: 7-10. Light: full sun. Water preference: moist.; Shrubby yellowcrest; uncategorised; 7
Helianthemum nummularium; Common Rockrose; Height: 0.5m, growing fast. Hardiness: 5-8. Light: semi-shade or full sun. Water preference: moist.; Sun Rose, Rock Rose; uncategorised; 5
Helichrysum apiculatum; Common Everlasting Flower; Height: 0.6m. Hardiness: 8-11. Light: semi-shade or full sun. Water preference: moist.; ; uncategorised; 8
Helichrysum italicum; Curry Plant; Height: 0.6m. Hardiness: 7-10. Light: full sun. Water preference: dry - moist.; ; uncategorised; 7
Heliotropium arborescens; Heliotrope; Height: 1m, growing at a medium rate. Hardiness: 9-11. Light: full sun. Water preference: moist.; Garden heliotrope, Cherry Pie, Heliotrope; uncategorised; 9
Helwingia chinensis; ; Height: 1.5m. Hardiness: 7-10. Light: full shade or semi-shade. Water preference: moist.; ; uncategorised; 7
Helwingia japonica; ; Height: 1.5m. Hardiness: 7-10. Light: semi-shade or full sun. Water preference: moist.; ; uncategorised; 7
Hemiptelea davidii; ; Height: 15m. Hardiness: 3-7. Light: semi-shade or full sun. Water preference: moist.; ; uncategorised; 3
Hevea benthamiana; Hevea; Height: 20m, growing fast. Hardiness: 10-12. Light: semi-shade or full sun. Water preference: moist.; ; Food forest; 10
Hevea brasiliensis; Para Rubber Tree; Height: 20m, growing fast. Hardiness: 11-12. Light: semi-shade or full sun. Water preference: moist.; Brazilian Rubber Tree; uncategorised; 11
Hibiscus diversifolius; Swamp Hibiscus; Height: 1m. Hardiness: 9-11. Light: full sun. Water preference: moist.; ; uncategorised; 9
Hibiscus heterophyllus; Native Rosella; Height: 1.8m. Hardiness: 9-11. Light: full sun. Water preference: moist.; ; uncategorised; 9
Hibiscus mutabilis; Cotton Rose; Height: 3m. Hardiness: 7-10. Light: full sun. Water preference: moist.; Dixie rosemallow; uncategorised; 7
Hibiscus rosa-sinensis; Chinese Hibiscus; Height: 2.5m, growing fast. Hardiness: 9-11. Light: full sun. Water preference: moist.; Shoeblackplant, Hawaiian Hibiscus, Tropical Hibiscus, China Rose, Rose-of-China, S; Food forest; 9
Hibiscus sinosyriacus; Rose Of Sharon; Height: 3m, growing at a medium rate. Hardiness: 6-9. Light: semi-shade or full sun. Water preference: moist.; ; Food forest; 6
Hibiscus tilliaceus; Beach Hibiscus; Height: 8m, growing fast. Hardiness: 10-12. Light: full sun. Water preference: unknown moisture.; Sea Hibiscus; uncategorised; 10
Himatanthus sucuuba; Plumeria sucuuba; Height: 12m, growing at a medium rate. Hardiness: 10-12. Light: full sun. Water preference: dry - moist.; ; uncategorised; 10
Hippophae rhamnoides turkestanica; Sea Buckthorn; Height: 6m, growing at a medium rate. Hardiness: 4-8. Light: full sun. Water preference: unknown moisture.; ; Food forest; 4
Hippophae salicifolia; Willow-Leaved Sea Buckthorn; Height: 15m, growing fast. Hardiness: 3-8. Light: full sun. Water preference: unknown moisture.; ; Food forest; 3
Hippophae tibetana; Tibetan Sea Buckthorn; Height: 15m, growing fast. Hardiness: 7-10. Light: full sun. Water preference: unknown moisture.; ; Food forest; 7
Hoheria populnea; Lacebark; Height: 5m, growing at a medium rate. Hardiness: 7-10. Light: semi-shade or full sun. Water preference: moist.; ; uncategorised; 7
Hoheria sexstylosa; Ribbonwood; Height: 8m, growing fast. Hardiness: 7-10. Light: semi-shade or full sun. Water preference: moist.; ; uncategorised; 7
Holboellia angustifolia; ; Height: 0m. Hardiness: 7-10. Light: full shade or semi-shade or full sun. Water preference: moist.; ; uncategorised; 7
Holboellia coriacea; Sausage Vine; Height: 7m, growing fast. Hardiness: 8-11. Light: full shade or semi-shade or full sun. Water preference: moist.; ; uncategorised; 8
Holboellia grandiflora; ; Height: 0m. Hardiness: 8-11. Light: full shade or semi-shade or full sun. Water preference: moist.; ; uncategorised; 8
Holboellia latifolia; ; Height: 4m. Hardiness: 8-11. Light: full shade or semi-shade or full sun. Water preference: moist.; ; Food forest; 8
Holodiscus discolor; Creambush; Height: 3m, growing fast. Hardiness: 4-8. Light: semi-shade or full sun. Water preference: moist.; Oceanspray; uncategorised; 4
Holodiscus dumosus; Rock Spiraea; Height: 4.5m. Hardiness: 4-8. Light: semi-shade or full sun. Water preference: dry - moist.; ; uncategorised; 4
Homoranthus flavescens; ; Height: 0.5m. Hardiness: 8-11. Light: semi-shade or full sun. Water preference: moist.; ; uncategorised; 8
Hovenia dulcis; Japanese Raisin Tree; Height: 10m. Hardiness: 5-9. Light: full sun. Water preference: moist.; ; Food forest; 5
Hydnocarpus kurzii; Chaulmugra; Height: 15m, growing at a medium rate. Hardiness: 10-12. Light: semi-shade or full sun. Water preference: moist.; ; uncategorised; 10
Hydrangea anomala; Hydrangea; Height: 12m, growing fast. Hardiness: 4-8. Light: full shade or semi-shade or full sun. Water preference: moist.; ; Food forest; 4
Hydrangea arborescens; Seven Barks; Height: 3m, growing at a medium rate. Hardiness: 4-9. Light: semi-shade or full sun. Water preference: moist.; Wild hydrangea, Ashy Hydrangea, Snowhill Hydrangea, Smooth Hydrangea; uncategorised; 4
Hydrangea aspera; Hydrangea; Height: 4m, growing at a medium rate. Hardiness: 7-9. Light: semi-shade or full sun. Water preference: dry - moist.; ; uncategorised; 7
Hydrangea hirta; ; Height: 1m. Hardiness: 6-9. Light: semi-shade or full sun. Water preference: moist.; ; uncategorised; 6
Hydrangea macrophylla; French hydrangea; Height: 3m, growing at a medium rate. Hardiness: 5-9. Light: semi-shade or full sun. Water preference: moist.; Florist's Hydrangea, Bigleaf Hydrangea; Food forest; 5
Hydrangea paniculata; Panicled hydrangea; Height: 4m, growing fast. Hardiness: 3-8. Light: semi-shade or full sun. Water preference: unknown moisture.; Hybrid Hydrangea, PeeGee Hydrangea, Panicle Hydrangea; uncategorised; 3
Hydrangea serrata; Hydrangea; Height: 2m, growing at a medium rate. Hardiness: 5-9. Light: semi-shade or full sun. Water preference: moist.; Mountain Hydrangea, Sawtooth Hydrangea; uncategorised; 5
Hydrangea serrata amagiana; ; Height: 2m. Hardiness: 5-9. Light: semi-shade or full sun. Water preference: moist.; ; Food forest; 5
Hydrangea serrata thunbergii; Tea of heaven; Height: 1.5m. Hardiness: 5-9. Light: semi-shade or full sun. Water preference: moist.; Ama-tsja,; Food forest; 5
Hymenaea courbaril; West Indian Locust; Height: 30m, growing slowly. Hardiness: 10-12. Light: full sun. Water preference: dry - moist.; ; Food forest; 10
Hymenaea verrucosa; East African Copal. Zanzibar copal tree; Height: 15m, growing slowly. Hardiness: 10-12. Light: full sun. Water preference: dry - moist.; ; uncategorised; 10
Hymenanthera dentata; Tree Violet; Height: 6m. Hardiness: 8-11. Light: full sun. Water preference: moist.; ; uncategorised; 8
Hypericum androsaemum; Tutsan; Height: 1m, growing fast. Hardiness: 5-10. Light: semi-shade or full sun. Water preference: dry - moist.; Sweet-amber, St. Johnswort; uncategorised; 5
Hypericum bellum; ; Height: 1m. Hardiness: 5-9. Light: semi-shade or full sun. Water preference: moist.; ; uncategorised; 5
Hypericum calycinum; Rose Of Sharon; Height: 0.3m, growing fast. Hardiness: 5-10. Light: full shade or semi-shade or full sun. Water preference: dry - moist.; Aaron's beard, Creeping Aron's Beard St. Johnswort; uncategorised; 5
Hypericum forrestii; ; Height: 2m. Hardiness: 4-8. Light: semi-shade or full sun. Water preference: moist.; ; uncategorised; 4
Hypericum monogynum; ; Height: 0.7m. Hardiness: 8-11. Light: semi-shade or full sun. Water preference: moist.; ; uncategorised; 8
Hypericum patulum; Goldencup St. Johnswort; Height: 1m, growing at a medium rate. Hardiness: 6-7. Light: semi-shade or full sun. Water preference: moist.; ; uncategorised; 6
Hyssopus officinalis; Hyssop; Height: 0.6m, growing at a medium rate. Hardiness: 5-10. Light: full sun. Water preference: dry - moist.; ; uncategorised; 5
Macadamia ternifolia; Macadamia Nut; Height: 8m, growing at a medium rate. Hardiness: 10-12. Light: full sun. Water preference: moist.; Gympie nut; Food forest; 10
Moringa peregrina; Moringa; Height: 8m, growing at a medium rate. Hardiness: 10-12. Light: full sun. Water preference: dry - moist.; ; uncategorised; 10
Pavonia spinifex; Gingerbush; Height: 1.2m, growing fast. Hardiness: 8-11. Light: semi-shade or full sun. Water preference: moist.; ; uncategorised; 8
Peltogyne floribunda; Purpleheart; Height: 25m, growing at a medium rate. Hardiness: 10-12. Light: full sun. Water preference: dry - moist.; pau-roxo, zapatero; uncategorised; 10
Poliomintha incana; Rosemary Mint; Height: 1m. Hardiness: 0-0. Light: semi-shade or full sun. Water preference: moist.; Frosted mint; uncategorised; 0
Ptaeroxylon obliquum; Sneezewood; Height: 20m, growing at a medium rate. Hardiness: 10-12. Light: full sun. Water preference: moist.; ; uncategorised; 10
Pterostyrax corymbosa; Epaulette Tree; Height: 12m, growing fast. Hardiness: 5-9. Light: semi-shade or full sun. Water preference: moist.; ; uncategorised; 5
Sargentodoxa cuneata; ; Height: 7.5m, growing fast. Hardiness: 8-11. Light: semi-shade or full sun. Water preference: moist.; ; uncategorised; 8
Shepherdia argentea; Buffalo Berry; Height: 4m, growing at a medium rate. Hardiness: 3-9. Light: semi-shade or full sun. Water preference: dry - moist.; Silver Buffaloberry,; Food forest; 3
Shepherdia canadensis; Buffalo Berry; Height: 2.5m, growing at a medium rate. Hardiness: 2-6. Light: semi-shade or full sun. Water preference: dry - moist.; Russet buffaloberry, Canada Buffaloberry; Food forest; 2
Shorea balangeran; Red Balau; Height: 25m, growing at a medium rate. Hardiness: 10-12. Light: semi-shade or full sun. Water preference: moist.; ; uncategorised; 10
Shorea macrophylla; Light Red Meranti; Height: 35m, growing fast. Hardiness: 10-12. Light: full sun. Water preference: moist.; Engkabang, False Ilipe Nut; Food forest; 10
Shorea siamensis; Dark red meranti; Height: 18m, growing fast. Hardiness: 10-12. Light: full sun. Water preference: dry - moist.; Light red meranti, Red lauan; uncategorised; 10
Sideritis hyssopifolia; Hyssop-leaved mountain ironwort; Height: 0.4m, growing fast. Hardiness: 6-10. Light: full sun. Water preference: dry - moist.; ; Food forest; 6
Talipariti elatum; Blue Mahoe; Height: 25m, growing fast. Hardiness: 10-12. Light: full sun. Water preference: dry - moist.; ; uncategorised; 10
Talipariti tiliaceum; Beach Hibiscus; Height: 10m, growing fast. Hardiness: 10-12. Light: full sun. Water preference: unknown moisture.; Sea Hibiscus, Cottontree, Mahoe; Food forest; 10
Thespesia populneoides; Tulip Tree; Portia Tree; Pacific Rosewood; Height: 10m, growing fast. Hardiness: 10-12. Light: full sun. Water preference: dry - moist.; ; Food forest; 10
Vaccinium japonicum; ; Height: 0.7m. Hardiness: 5-9. Light: semi-shade or full sun. Water preference: moist.; ; uncategorised; 5
Idesia polycarpa; Idesia; Height: 12m. Hardiness: 4-8. Light: semi-shade or full sun. Water preference: moist.; ; uncategorised; 4
Ilex cassine; Cassine; Height: 10m, growing slowly. Hardiness: 7-11. Light: semi-shade or full sun. Water preference: moist.; Dahoon, Cassine Holly; uncategorised; 7
Ilex coriacea; Large Gallberry; Height: 3m. Hardiness: 6-9. Light: semi-shade or full sun. Water preference: moist.; ; uncategorised; 6
Ilex cornuta; Horned Holly; Height: 4m, growing at a medium rate. Hardiness: 7-9. Light: semi-shade or full sun. Water preference: moist.; Chinese holly; uncategorised; 7
Ilex crenata; Japanese Holly; Height: 5m, growing slowly. Hardiness: 6-8. Light: semi-shade or full sun. Water preference: moist.; Box Leaved Holly; uncategorised; 6
Ilex glabra; Inkberry; Height: 3m, growing slowly. Hardiness: 3-7. Light: semi-shade or full sun. Water preference: moist.; ; uncategorised; 3
Ilex integra; Mochi Tree; Height: 6m. Hardiness: 6-9. Light: semi-shade or full sun. Water preference: moist.; ; uncategorised; 6
Ilex latifolia; Tarajo; Height: 10m. Hardiness: 6-9. Light: semi-shade or full sun. Water preference: moist.; ; uncategorised; 6
Ilex macropoda; ; Height: 13m. Hardiness: 6-9. Light: semi-shade or full sun. Water preference: moist.; ; uncategorised; 6
Ilex opaca; American Holly; Height: 15m, growing slowly. Hardiness: 4-8. Light: semi-shade or full sun. Water preference: moist.; ; uncategorised; 4
Ilex pedunculosa; ; Height: 10m. Hardiness: 4-8. Light: semi-shade or full sun. Water preference: moist.; ; uncategorised; 4
Ilex pubescens; ; Height: 3.5m. Hardiness: 7-10. Light: semi-shade or full sun. Water preference: moist.; ; uncategorised; 7
Ilex purpurea; ; Height: 12m. Hardiness: 7-10. Light: semi-shade or full sun. Water preference: moist.; ; uncategorised; 7
Ilex rotunda; Kurogane holly; Height: 20m. Hardiness: 6-9. Light: semi-shade or full sun. Water preference: moist.; ; uncategorised; 6
Ilex verticillata; Winterberry; Height: 2m, growing slowly. Hardiness: 3-7. Light: semi-shade or full sun. Water preference: unknown moisture.; Common winterberry; uncategorised; 3
Ilex vomitoria; Yaupon Holly; Height: 6m, growing slowly. Hardiness: 6-9. Light: semi-shade or full sun. Water preference: moist.; ; uncategorised; 6
Ilex x altaclerensis; Holly; Height: 4m, growing slowly. Hardiness: 5-9. Light: semi-shade or full sun. Water preference: moist.; ; uncategorised; 5
Ilex yunnanensis; ; Height: 4m. Hardiness: 5-9. Light: semi-shade or full sun. Water preference: moist.; ; uncategorised; 5
Illicium anisatum; Star Anise; Height: 6m, growing slowly. Hardiness: 7-10. Light: semi-shade or full sun. Water preference: moist.; Chinese Anise,Japanese Anise; uncategorised; 7
Illicium floridanum; Aniseed Tree; Height: 2m, growing slowly. Hardiness: 6-10. Light: semi-shade or full sun. Water preference: moist.; Florida anisetree, Purple Anise, Star Anise, Florida anise; uncategorised; 6
Illicium verum; Ba Jiao Hui Xian; Height: 5m. Hardiness: 7-10. Light: semi-shade or full sun. Water preference: moist.; Staranise tree; Food forest; 7
Indigofera cassioides; ; Height: 3.5m. Hardiness: 8-11. Light: full sun. Water preference: moist.; ; uncategorised; 8
Indigofera decora; Chinese indigo; Height: 1m, growing at a medium rate. Hardiness: 5-7. Light: full sun. Water preference: moist.; ; uncategorised; 5
Indigofera hebepetala; ; Height: 1.2m. Hardiness: 7-10. Light: full sun. Water preference: moist.; ; uncategorised; 7
Indigofera hendecaphylla; Creeping indigo; Height: 0.5m, growing fast. Hardiness: 10-12. Light: full shade or semi-shade or full sun. Water preference: dry - moist.; spicate indigo, trailing indigo; uncategorised; 10
Indigofera heterantha; Indigo Bush; Height: 3m. Hardiness: 6-9. Light: full sun. Water preference: dry - moist.; ; uncategorised; 6
Indigofera kirilowii; Kirilow's indigo; Height: 1.5m, growing at a medium rate. Hardiness: 5-7. Light: full sun. Water preference: moist.; Indigo; uncategorised; 5
Indigofera pseudotinctoria; Indigo; Height: 1m, growing at a medium rate. Hardiness: 6-10. Light: full sun. Water preference: moist.; ; uncategorised; 6
Indocalamus latifolius; ; Height: 1m. Hardiness: 7-10. Light: semi-shade. Water preference: moist.; ; uncategorised; 7
Inga densiflora; Densely flowered Inga; Height: 15m, growing at a medium rate. Hardiness: 10-12. Light: full sun. Water preference: moist.; ; Food forest; 10
Irvingia gabonensis; Dika Nut; Height: 30m, growing slowly. Hardiness: 10-12. Light: semi-shade or full sun. Water preference: moist.; ; Food forest; 10
Irvingia wombolu; Bitter bush-mango; Height: 20m, growing slowly. Hardiness: 10-12. Light: semi-shade or full sun. Water preference: moist.; ; Food forest; 10
Iryanthera laevis; Cumala; Height: 25m, growing at a medium rate. Hardiness: 8-12. Light: full sun. Water preference: moist.; ; Food forest; 8
Mimusops elengi; Spanish Cherry; Height: 15m, growing at a medium rate. Hardiness: 10-12. Light: full shade or semi-shade or full sun. Water preference: moist.; Bakul; Food forest; 10
Parkia biglobosa; African Locust Bean; Height: 15m, growing at a medium rate. Hardiness: 10-12. Light: full sun. Water preference: moist.; ; Food forest; 10
Tabernanthe iboga; Iboga; Height: 1.5m, growing fast. Hardiness: 10-12. Light: semi-shade or full sun. Water preference: unknown moisture.; ; uncategorised; 10
Jasminum grandiflorum; Jasmin; Height: 2.5m, growing slowly. Hardiness: 10-12. Light: semi-shade or full sun. Water preference: moist.; ; Food forest; 10
Jasminum humile; Yellow Jasmine; Height: 3m. Hardiness: 7-10. Light: semi-shade or full sun. Water preference: dry - moist.; ; uncategorised; 7
Jasminum nudiflorum; Winter-Flowering Jasmin; Height: 3.6m, growing at a medium rate. Hardiness: 6-11. Light: full shade or semi-shade or full sun. Water preference: moist.; Winter jasmine; uncategorised; 6
Jasminum odoratissimum; ; Height: 0m. Hardiness: 8-11. Light: semi-shade or full sun. Water preference: moist.; ; uncategorised; 8
Jasminum officinale; Jessamine; Height: 10m, growing fast. Hardiness: 6-9. Light: semi-shade or full sun. Water preference: moist.; Poet's jasmine; uncategorised; 6
Jasminum sambac; Jasmine Tea; Height: 3m, growing at a medium rate. Hardiness: 9-12. Light: semi-shade or full sun. Water preference: moist.; ; Food forest; 9
Jubaea chilensis; Chilean Wine Palm; Height: 12m, growing slowly. Hardiness: 7-10. Light: full sun. Water preference: moist.; Chile cocopalm; Food forest; 7
Juglans ailanthifolia; Japanese Walnut; Height: 20m. Hardiness: 4-8. Light: full sun. Water preference: moist.; ; Food forest; 4
Juglans ailanthifolia cordiformis; Heartseed Walnut; Height: 20m, growing at a medium rate. Hardiness: 4-8. Light: full sun. Water preference: moist.; ; Food forest; 4
Juglans californica; California Walnut; Height: 6m, growing at a medium rate. Hardiness: 7-10. Light: full sun. Water preference: moist.; Southern California walnut; uncategorised; 7
Juglans cathayensis; Chinese Walnut; Height: 20m. Hardiness: 4-8. Light: full sun. Water preference: moist.; ; Food forest; 4
Juglans cinerea; Butternut - White Walnut; Height: 25m, growing at a medium rate. Hardiness: 3-7. Light: full sun. Water preference: moist.; Butternut; Food forest; 3
Juglans hindsii; Hind's Black Walnut; Height: 15m, growing at a medium rate. Hardiness: 8-9. Light: full sun. Water preference: moist.; Northern California walnut, Paradox hybrid walnut; Food forest; 8
Juglans intermedia; Hind's Black Walnut; Height: 30m. Hardiness: 4-8. Light: full sun. Water preference: moist.; Northern California walnut, Paradox hybrid walnuH; Food forest; 4
Juglans major; Arizona Walnut; Height: 15m, growing fast. Hardiness: 8-11. Light: full sun. Water preference: moist.; ; uncategorised; 8
Juglans mandschurica; Manchurian Walnut; Height: 20m. Hardiness: 4-8. Light: full sun. Water preference: moist.; ; Food forest; 4
Juglans microcarpa; Texas Walnut; Height: 10m. Hardiness: 5-9. Light: full sun. Water preference: moist.; Little walnut, Stewart's little walnut; uncategorised; 5
Juglans neotropica; Andean Walnut; Height: 25m, growing slowly. Hardiness: 10-12. Light: full sun. Water preference: moist.; ; Food forest; 10
Juglans nigra; Black Walnut; Height: 30m, growing fast. Hardiness: 4-9. Light: full sun. Water preference: moist.; ; Food forest; 4
Juglans olanchana; Olancho walnut; Height: 45m, growing at a medium rate. Hardiness: 10-12. Light: semi-shade or full sun. Water preference: unknown moisture.; Central American walnut; uncategorised; 10
Juglans regia; Walnut; Height: 20m, growing at a medium rate. Hardiness: 7-9. Light: full sun. Water preference: moist.; English walnut, Persian Walnut,; Food forest; 7
Juglans regia fallax; Walnut; Height: 30m. Hardiness: 4-8. Light: full sun. Water preference: moist.; ; Food forest; 4
Juglans regia kamaonia; Walnut; Height: 30m. Hardiness: 4-8. Light: full sun. Water preference: moist.; ; Food forest; 4
Juglans x bisbyi; Buartnut; Height: 20m. Hardiness: 4-8. Light: full sun. Water preference: moist.; ; Food forest; 4
Juniperus ashei; Ashe Juniper; Height: 6m, growing slowly. Hardiness: 7-9. Light: full sun. Water preference: dry - moist.; Mountain Cedar; uncategorised; 7
Juniperus californica; Californian Juniper; Height: 12m, growing slowly. Hardiness: 8-10. Light: full sun. Water preference: dry - moist.; Chuperosa; uncategorised; 8
Juniperus chinensis; Chinese Juniper; Height: 15m, growing slowly. Hardiness: 4-10. Light: full sun. Water preference: dry - moist.; Sargent juniper; uncategorised; 4
Juniperus communis; Juniper; Height: 9m, growing slowly. Hardiness: 4-10. Light: semi-shade or full sun. Water preference: dry - moist.; Common juniper; Food forest; 4
Juniperus communis nana; Juniper; Height: 0.5m, growing slowly. Hardiness: 4-10. Light: semi-shade or full sun. Water preference: dry - moist.; ; Food forest; 4
Juniperus conferta; Shore Juniper; Height: 0.2m, growing slowly. Hardiness: 6-10. Light: semi-shade or full sun. Water preference: dry - moist.; ; uncategorised; 6
Juniperus deppeana; Alligator Juniper; Height: 18m, growing slowly. Hardiness: 7-9. Light: full sun. Water preference: dry - moist.; ; Food forest; 7
Juniperus excelsa; Grecian Juniper; Height: 20m. Hardiness: 5-9. Light: full sun. Water preference: dry - moist.; ; uncategorised; 5
Juniperus horizontalis; Creeping Juniper; Height: 1m, growing at a medium rate. Hardiness: 4-9. Light: full sun. Water preference: dry - moist.; Horizontal Juniper; uncategorised; 4
Juniperus monosperma; One-Seed Juniper; Height: 18m, growing at a medium rate. Hardiness: 4-8. Light: full sun. Water preference: dry - moist.; ; Food forest; 4
Juniperus occidentalis; Western Juniper; Height: 18m, growing slowly. Hardiness: 4-8. Light: full sun. Water preference: dry - moist.; ; Food forest; 4
Juniperus osteosperma; Desert Juniper; Height: 12m, growing slowly. Hardiness: 4-8. Light: full sun. Water preference: dry - moist.; Utah juniper; uncategorised; 4
Juniperus oxycedrus; Prickly Juniper; Height: 15m, growing at a medium rate. Hardiness: 8-10. Light: full sun. Water preference: dry - moist.; Cade juniper; uncategorised; 8
Juniperus recurva; Himalayan Juniper; Height: 12m, growing slowly. Hardiness: 6-9. Light: full sun. Water preference: moist.; ; uncategorised; 6
Juniperus rigida; Temple Juniper; Height: 8m, growing slowly. Hardiness: 6-7. Light: full sun. Water preference: dry - moist.; Needle Juniper; uncategorised; 6
Juniperus sabina; Savine; Height: 4m, growing slowly. Hardiness: 4-7. Light: full sun. Water preference: dry - moist.; Tam Juniper; uncategorised; 4
Juniperus scopulorum; Rocky Mountain Juniper; Height: 10m, growing slowly. Hardiness: 3-7. Light: full sun. Water preference: dry - moist.; Weeping Rocky Mountian Juniper, Colorado Red Cedar; Food forest; 3
Juniperus silicicola; Southern Redcedar; Height: 20m, growing slowly. Hardiness: 7-10. Light: full sun. Water preference: dry - moist.; Juniper, Southern Red Cedar; uncategorised; 7
Juniperus squamata; Flaky Juniper; Height: 4m, growing slowly. Hardiness: 4-7. Light: full sun. Water preference: dry - moist.; ; uncategorised; 4
Juniperus tetragona; ; Height: 0m. Hardiness: 7-10. Light: full sun. Water preference: dry - moist.; ; uncategorised; 7
Juniperus virginiana; Pencil Cedar; Height: 20m, growing slowly. Hardiness: 3-9. Light: full sun. Water preference: dry - moist.; Eastern redcedar, Southern redcedar, Silver Cedar, Burk Eastern Red Cedar, Silver East; uncategorised; 3
Manihot caerulescens; Manicoba; Height: 3.5m, growing at a medium rate. Hardiness: 10-12. Light: full sun. Water preference: dry - moist.; ; uncategorised; 10
Manihot esculenta; Cassava; Height: 3m, growing at a medium rate. Hardiness: 9-12. Light: full shade or semi-shade or full sun. Water preference: dry - moist.; Tapioca Plant, Yuca; Food forest; 9
Oenocarpus bataua; Pataua Palm. Bataua; Height: 20m, growing fast. Hardiness: 10-12. Light: full sun. Water preference: unknown moisture.; ; Food forest; 10
Saraca asoca; Asoka Tree. Sorrow-less Tree; Height: 9m, growing at a medium rate. Hardiness: 10-12. Light: semi-shade or full sun. Water preference: moist.; ; uncategorised; 10
Tectona grandis; Teak; Height: 30m, growing fast. Hardiness: 10-12. Light: full sun. Water preference: moist.; ; uncategorised; 10
Kadsura japonica; ; Height: 3.5m. Hardiness: 6-9. Light: semi-shade or full sun. Water preference: moist.; ; uncategorised; 6
Kalmia latifolia; Mountain Laurel; Height: 3m, growing slowly. Hardiness: 4-8. Light: semi-shade or full sun. Water preference: moist.; Calico Bush, Ivy; uncategorised; 4
Kalmia polifolia; Swamp Laurel; Height: 0.5m. Hardiness: 0-0. Light: semi-shade or full sun. Water preference: moist.; Bog laurel; uncategorised; 0
Kalopanax septemlobus; Tree Aralia; Height: 25m, growing slowly. Hardiness: 4-8. Light: semi-shade or full sun. Water preference: moist.; Castor aralia; uncategorised; 4
Kerria japonica; Bachelor's Button; Height: 2m, growing at a medium rate. Hardiness: 4-9. Light: semi-shade or full sun. Water preference: moist.; Japanese rose, Jew's Mallow, Japanese Kerria; uncategorised; 4
Keteleeria davidiana; ; Height: 30m. Hardiness: 6-9. Light: full sun. Water preference: dry - moist.; ; uncategorised; 6
Khaya senegalensis; Dryzone Mahogany; Height: 25m, growing fast. Hardiness: 10-12. Light: semi-shade or full sun. Water preference: unknown moisture.; ; uncategorised; 10
Knightia excelsa; Rewarewa; Height: 20m. Hardiness: 8-11. Light: semi-shade or full sun. Water preference: moist.; ; uncategorised; 8
Koelreuteria paniculata; Golden Rain Tree; Height: 10m, growing fast. Hardiness: 5-8. Light: full sun. Water preference: dry - moist.; Varnish Tree; uncategorised; 5
Leptospermum ericoides; ; Height: 3m. Hardiness: 7-10. Light: full sun. Water preference: moist.; ; uncategorised; 7
Schisandra grandiflora; ; Height: 6m. Hardiness: 7-10. Light: semi-shade. Water preference: moist.; ; Food forest; 7
Laburnum anagyroides; Laburnum; Height: 6m, growing fast. Hardiness: 4-8. Light: semi-shade or full sun. Water preference: dry - moist.; Golden chain tree; uncategorised; 4
Lacunaria jenmanii; Moela de mutum; Height: 10m, growing slowly. Hardiness: 10-12. Light: semi-shade or full sun. Water preference: moist.; ; Food forest; 10
Lagerstroemia indica; Crepe Myrtle; Height: 5m, growing at a medium rate. Hardiness: 7-9. Light: full sun. Water preference: dry - moist.; Crepeflower; uncategorised; 7
Landolphia heudelotii; Guinea gumvine; Height: 15m, growing fast. Hardiness: 10-12. Light: full sun. Water preference: unknown moisture.; Landolphia rubber; Food forest; 10
Landolphia kirkii; Sand apricot-vine; Height: 15m, growing fast. Hardiness: 10-12. Light: semi-shade or full sun. Water preference: moist.; Coast rubber vine, Wildpeach; uncategorised; 10
Lapageria rosea; Chilean Bellflower; Height: 5m, growing at a medium rate. Hardiness: 8-11. Light: full shade or semi-shade. Water preference: dry - moist.; ; Food forest; 8
Lardizabala biternata; Zabala Fruit; Height: 3.5m. Hardiness: 8-11. Light: semi-shade. Water preference: moist.; ; Food forest; 8
Larix decidua; Larch; Height: 45m, growing fast. Hardiness: 3-6. Light: full sun. Water preference: moist.; European Larch, Common Larch; uncategorised; 3
Larix gmelinii; Dahurian Larch; Height: 30m, growing slowly. Hardiness: 0-0. Light: full sun. Water preference: moist.; Kurile larch; uncategorised; 0
Larix kaempferi; Japanese Larch; Height: 45m, growing fast. Hardiness: 4-6. Light: semi-shade or full sun. Water preference: moist.; ; uncategorised; 4
Larix laricina; Tamarack; Height: 18m, growing at a medium rate. Hardiness: 2-5. Light: full sun. Water preference: unknown moisture.; Hackmatack, American Larch; uncategorised; 2
Larix lyallii; Sub-Alpine Larch; Height: 25m. Hardiness: 3-7. Light: semi-shade or full sun. Water preference: moist.; ; uncategorised; 3
Larix occidentalis; Western Larch; Height: 45m, growing fast. Hardiness: 2-6. Light: full sun. Water preference: moist.; ; uncategorised; 2
Larix potaninii; Larch; Height: 35m, growing at a medium rate. Hardiness: 4-8. Light: full sun. Water preference: moist.; ; uncategorised; 4
Larix x marschlinsii; Dunkeld Hybrid Larch; Height: 50m, growing fast. Hardiness: 2-6. Light: full sun. Water preference: moist.; ; uncategorised; 2
Larrea tridentata; Creosote Bush - Chaparral; Height: 4m. Hardiness: 7-10. Light: semi-shade or full sun. Water preference: moist.; ; uncategorised; 7
Laurelia novae-zealandiae; Pukatea; Height: 10m. Hardiness: 8-11. Light: semi-shade. Water preference: moist.; ; uncategorised; 8
Laurelia sempervirens; Chilean Laurel; Height: 15m. Hardiness: 8-11. Light: semi-shade or full sun. Water preference: moist.; ; uncategorised; 8
Laurus nobilis; Bay Tree; Height: 12m, growing slowly. Hardiness: 8-10. Light: semi-shade or full sun. Water preference: dry - moist.; Sweet bay, Grecian Laurel, True Laurel,; Food forest; 8
Lavandula angustifolia; English Lavender; Height: 1.2m, growing slowly. Hardiness: 5-8. Light: full sun. Water preference: dry - moist.; True Lavender; uncategorised; 5
Lavandula dentata; ; Height: 1m. Hardiness: 8-11. Light: full sun. Water preference: dry - moist.; ; uncategorised; 8
Lavandula latifolia; Spike Lavender; Height: 0.4m. Hardiness: 6-9. Light: full sun. Water preference: dry - moist.; Broadleaved lavender; uncategorised; 6
Lavandula stoechas; French Lavender; Height: 0.8m. Hardiness: 7-10. Light: full sun. Water preference: dry - moist.; ; uncategorised; 7
Lavandula x intermedia; Lavender; Height: 1.2m, growing slowly. Hardiness: 5-9. Light: full sun. Water preference: dry - moist.; Lavandin; uncategorised; 5
Lavatera species; Tree Lavatera; Height: 2.4m, growing fast. Hardiness: 7-10. Light: full sun. Water preference: dry - moist.; ; uncategorised; 7
Lecythis zabucajo; Sapucaia. Sapucaia nut; Height: 30m, growing at a medium rate. Hardiness: 11-12. Light: full sun. Water preference: moist.; Paradise nut, Monkey nut; Food forest; 11
Ledum columbianum; Labrador tea; Height: 1m. Hardiness: 0-0. Light: full shade or semi-shade. Water preference: moist.; ; uncategorised; 0
Ledum glandulosum; Labrador Tea; Height: 1.5m. Hardiness: 0-0. Light: full shade or semi-shade or full sun. Water preference: moist.; Western Labrador tea; uncategorised; 0
Ledum groenlandicum; Labrador Tea; Height: 1.5m. Hardiness: 0-0. Light: full shade or semi-shade or full sun. Water preference: unknown moisture.; Bog Labrador tea; uncategorised; 0
Ledum palustre; Wild Rosemary; Height: 1m. Hardiness: 0-0. Light: full shade or semi-shade or full sun. Water preference: unknown moisture.; Marsh Labrador tea; uncategorised; 0
Leitneria floridana; Corkwood; Height: 6m. Hardiness: 4-8. Light: semi-shade or full sun. Water preference: unknown moisture.; ; uncategorised; 4
Leopoldinia piassaba; Piassaba; Height: 10m, growing fast. Hardiness: 10-12. Light: full sun. Water preference: unknown moisture.; ; uncategorised; 10
Leptospermum laevigatum; Coast Tea Tree; Height: 9m. Hardiness: 8-11. Light: full sun. Water preference: moist.; Australian teatree; uncategorised; 8
Leptospermum lanigerum; woolly tea-tree; Height: 5m, growing at a medium rate. Hardiness: 7-10. Light: full sun. Water preference: moist.; ; uncategorised; 7
Leptospermum liversidgei; Lemon-Scented Tea Tree; Height: 4m. Hardiness: 7-10. Light: full sun. Water preference: moist.; ; uncategorised; 7
Leptospermum petersonii; Lemon Tea Tree; Height: 4.5m. Hardiness: 8-11. Light: full sun. Water preference: moist.; Common teatree; uncategorised; 8
Leptospermum polygalifolium; ; Height: 3m. Hardiness: 7-10. Light: full sun. Water preference: moist.; ; uncategorised; 7
Leptospermum scoparium; Tea Tree; Height: 5m, growing at a medium rate. Hardiness: 8-11. Light: full sun. Water preference: dry - moist.; Broom teatree, Manuka, New Zealand Tea Tree; Food forest; 8
Lespedeza bicolor; Lespedeza; Height: 3m, growing at a medium rate. Hardiness: 4-8. Light: semi-shade or full sun. Water preference: dry - moist.; Shrub lespedeza; Food forest; 4
Lespedeza buergeri; ; Height: 1.5m. Hardiness: 5-9. Light: full sun. Water preference: moist.; ; uncategorised; 5
Lespedeza capitata; Roundhead Lespedeza; Height: 1m. Hardiness: 4-8. Light: full sun. Water preference: moist.; ; uncategorised; 4
Lespedeza cuneata; Chinese Lespedeza; Height: 1m. Hardiness: 0-0. Light: full sun. Water preference: moist.; Sericea lespedeza; uncategorised; 0
Lespedeza cyrtobotrya; Leafy lespedeza; Height: 2m. Hardiness: 5-9. Light: full sun. Water preference: moist.; ; uncategorised; 5
Lespedeza formosa; Oriental lespedeza; Height: 2m. Hardiness: 5-9. Light: full sun. Water preference: moist.; ; uncategorised; 5
Lespedeza juncea; Chinese Lespedeza; Height: 1.2m. Hardiness: 4-8. Light: full sun. Water preference: moist.; Juncea lespedeza; uncategorised; 4
Lespedeza maximowiczii; ; Height: 3.5m. Hardiness: 4-8. Light: full sun. Water preference: moist.; ; uncategorised; 4
Letestua durissima; Kong-Afane; Height: 40m, growing fast. Hardiness: 10-12. Light: full sun. Water preference: moist.; Congotali; uncategorised; 10
Leucothoe axillaris; Coastal Doghobble; Height: 1.8m. Hardiness: 5-9. Light: semi-shade. Water preference: moist.; ; uncategorised; 5
Leucothoe grayana; ; Height: 1.2m. Hardiness: 5-9. Light: semi-shade. Water preference: moist.; ; uncategorised; 5
Leycesteria formosa; Himalayan Honeysuckle; Height: 2.5m, growing at a medium rate. Hardiness: 10-11. Light: semi-shade or full sun. Water preference: moist.; ; uncategorised; 10
Libocedrus bidwillii; ; Height: 20m, growing slowly. Hardiness: 7-10. Light: semi-shade or full sun. Water preference: moist.; ; uncategorised; 7
Libocedrus plumosa; Kawaka; Height: 9m, growing slowly. Hardiness: 7-10. Light: semi-shade or full sun. Water preference: moist.; ; uncategorised; 7
Libocedrus uvifera; ; Height: 20m, growing slowly. Hardiness: 6-9. Light: semi-shade or full sun. Water preference: moist.; ; uncategorised; 6
Licania rigida; Oiticica; Height: 12m, growing at a medium rate. Hardiness: 10-12. Light: semi-shade or full sun. Water preference: unknown moisture.; ; uncategorised; 10
Ligustrum delavayanum; ; Height: 3m. Hardiness: 6-9. Light: full shade or semi-shade or full sun. Water preference: moist.; ; uncategorised; 6
Ligustrum japonicum; Japanese Privet; Height: 5m, growing at a medium rate. Hardiness: 7-10. Light: semi-shade or full sun. Water preference: moist.; Japanese Ligustrum, Waxleaf Ligustrum, Texas Privet, Waxleaf Privet; uncategorised; 7
Ligustrum lucidum; Chinese Privet; Height: 10m, growing at a medium rate. Hardiness: 8-11. Light: full shade or semi-shade or full sun. Water preference: moist.; Glossy privet, White Wax Tree, Tree Ligustrum; uncategorised; 8
Ligustrum obtusifolium; Border privet; Height: 3m, growing at a medium rate. Hardiness: 4-7. Light: semi-shade or full sun. Water preference: moist.; ; uncategorised; 4
Ligustrum ovalifolium; Privet; Height: 4m, growing at a medium rate. Hardiness: 4-8. Light: full shade or semi-shade or full sun. Water preference: dry - moist.; California privet; uncategorised; 4
Ligustrum sinense; Chinese Privet; Height: 3m, growing at a medium rate. Hardiness: 7-10. Light: semi-shade or full sun. Water preference: moist.; ; uncategorised; 7
Ligustrum vulgare; Privet; Height: 3m, growing at a medium rate. Hardiness: 4-7. Light: semi-shade or full sun. Water preference: dry - moist.; European privet , Common Privet; uncategorised; 4
Lindera umbellata; ; Height: 3m. Hardiness: 6-9. Light: semi-shade or full sun. Water preference: moist.; ; uncategorised; 6
Linnaea borealis; Twinflower; Height: 0.2m. Hardiness: 2-6. Light: full shade or semi-shade. Water preference: moist.; Longtube twinflower; uncategorised; 2
Liquidambar formosana; Formosan Gum; Height: 12m, growing at a medium rate. Hardiness: 6-9. Light: semi-shade or full sun. Water preference: moist.; Chinese Sweet Gum, Formosa Sweet Gum; uncategorised; 6
Liquidambar orientalis; Oriental Sweet Gum; Height: 10m, growing slowly. Hardiness: 7-10. Light: semi-shade or full sun. Water preference: moist.; ; uncategorised; 7
Liquidambar styraciflua; Sweet Gum; Height: 25m, growing fast. Hardiness: 5-9. Light: full sun. Water preference: moist.; Red Gum, American Sweet Gum, Red Sweet Gum,; uncategorised; 5
Liriodendron tulipifera; Tulip Tree; Height: 30m, growing at a medium rate. Hardiness: 4-9. Light: full sun. Water preference: moist.; Tulip Poplar, Yellow Poplar, Canary Whitewood; uncategorised; 4
Lithocarpus densiflorus; Tanbark Oak; Height: 10m, growing slowly. Hardiness: 6-9. Light: semi-shade or full sun. Water preference: moist.; ; uncategorised; 6
Lithocarpus edulis; ; Height: 9m. Hardiness: 6-9. Light: semi-shade or full sun. Water preference: moist.; ; uncategorised; 6
Lithocarpus glaber; Japanese Oak; Height: 7m. Hardiness: 6-9. Light: semi-shade or full sun. Water preference: moist.; ; uncategorised; 6
Litsea calophylla; Tagutugan; Height: 15m, growing at a medium rate. Hardiness: 10-12. Light: full sun. Water preference: moist.; ; Food forest; 10
Litsea cubeba; Mountain Pepper; Height: 7m. Hardiness: 10-12. Light: semi-shade or full sun. Water preference: moist.; Litsea; uncategorised; 10
Litsea glutinosa; Indian Laurel. Brown bollygum; Height: 15m, growing fast. Hardiness: 10-12. Light: full sun. Water preference: moist.; Maida lakri; uncategorised; 10
Livistona australis; Cabbage Palm; Height: 20m, growing slowly. Hardiness: 9-11. Light: semi-shade or full sun. Water preference: dry - moist.; Australian Palm, Gippsland Palm; uncategorised; 9
Lonicera affinis; ; Height: 7m. Hardiness: 5-9. Light: semi-shade or full sun. Water preference: moist.; ; uncategorised; 5
Lonicera angustifolia; Narrow-leafed honeysuckle; Height: 2.7m, growing at a medium rate. Hardiness: 4-8. Light: full sun. Water preference: moist.; ; Food forest; 4
Lonicera caerulea; Sweetberry honeysuckle; Height: 2m, growing fast. Hardiness: 3-9. Light: full sun. Water preference: moist.; Bluefly honeysuckle, Haskap berry; Food forest; 3
Lonicera canadensis; Fly Honeysuckle; Height: 1.5m. Hardiness: 3-7. Light: full sun. Water preference: moist.; American fly honeysuckle; uncategorised; 3
Lonicera caprifolium; Italian Honeysuckle; Height: 6m, growing at a medium rate. Hardiness: 4-8. Light: full shade or semi-shade or full sun. Water preference: moist.; Italian woodbine; uncategorised; 4
Lonicera chrysantha; Honeysuckle; Height: 4m. Hardiness: 3-7. Light: full sun. Water preference: moist.; ; uncategorised; 3
Lonicera ciliosa; Orange Honeysuckle; Height: 10m, growing at a medium rate. Hardiness: 4-8. Light: semi-shade or full sun. Water preference: moist.; ; uncategorised; 4
Lonicera gracilipes; ; Height: 1.8m. Hardiness: 5-9. Light: full sun. Water preference: moist.; ; uncategorised; 5
Lonicera gracilipes glabra; ; Height: 1.8m. Hardiness: 5-9. Light: full sun. Water preference: moist.; ; uncategorised; 5
Lonicera henryi; ; Height: 6m. Hardiness: 4-8. Light: semi-shade or full sun. Water preference: moist.; ; uncategorised; 4
Lonicera involucrata; Twinberry; Height: 1.2m, growing at a medium rate. Hardiness: 4-8. Light: full sun. Water preference: moist.; Twinberry honeysuckle; uncategorised; 4
Lonicera japonica; Japanese Honeysuckle; Height: 5m, growing fast. Hardiness: 4-10. Light: semi-shade or full sun. Water preference: dry - moist.; ; uncategorised; 4
Lonicera morrowii; Morrow's honeysuckle; Height: 2m. Hardiness: 3-7. Light: full sun. Water preference: moist.; ; uncategorised; 3
Lonicera nitida; Boxleaf Honeysuckle; Height: 3m, growing fast. Hardiness: 6-9. Light: full shade or semi-shade or full sun. Water preference: moist.; ; uncategorised; 6
Lonicera periclymenum; Honeysuckle; Height: 4.5m, growing at a medium rate. Hardiness: 4-8. Light: full shade or semi-shade or full sun. Water preference: moist.; European honeysuckle; uncategorised; 4
Lonicera pileata; Privet honeysuckle; Height: 0.2m. Hardiness: 4-8. Light: full shade or semi-shade or full sun. Water preference: dry - moist.; ; uncategorised; 4
Lonicera quinquelocularis; ; Height: 5m. Hardiness: 4-8. Light: full sun. Water preference: dry - moist.; ; uncategorised; 4
Lonicera sempervirens; Trumpet Honeysuckle; Height: 5m, growing fast. Hardiness: 4-9. Light: full sun. Water preference: dry - moist.; Coral Honeysuckle; uncategorised; 4
Lonicera utahensis; Utah Honeysuckle; Height: 1.5m. Hardiness: 4-8. Light: full sun. Water preference: moist.; ; uncategorised; 4
Lonicera venulosa; ; Height: 1.5m. Hardiness: 5-9. Light: full sun. Water preference: moist.; ; uncategorised; 5
Lonicera villosa; Mountain fly honeysuckle; Height: 1.5m, growing slowly. Hardiness: 3-9. Light: full sun. Water preference: moist.; Fuller's honeysuckle; Food forest; 3
Lophira alata; Niam Tree; Height: 40m, growing slowly. Hardiness: 10-12. Light: full sun. Water preference: moist.; ; uncategorised; 10
Lophomyrtus bullata; ; Height: 5m. Hardiness: 8-11. Light: full sun. Water preference: moist.; ; uncategorised; 8
Lophomyrtus x ralphii; ; Height: 5m. Hardiness: 8-11. Light: full sun. Water preference: moist.; ; uncategorised; 8
Lophostemon confertus; Vinegar Tree; Height: 30m, growing fast. Hardiness: 9-12. Light: semi-shade or full sun. Water preference: moist.; Brisbane Box; uncategorised; 9
Loropetalum chinense; Fringe Flower; Height: 2m, growing slowly. Hardiness: 7-10. Light: semi-shade or full sun. Water preference: moist.; Chinese Fringe Bush; uncategorised; 7
Lupinus arboreus; Tree Lupin; Height: 1.5m, growing fast. Hardiness: 7-10. Light: full sun. Water preference: dry - moist.; Yellow bush lupine; uncategorised; 7
Lupinus tauris; ; Height: 0m. Hardiness: 0-0. Light: full sun. Water preference: dry - moist.; ; uncategorised; 0
Lycium afrum; ; Height: 2m. Hardiness: 8-11. Light: full sun. Water preference: dry - moist.; ; uncategorised; 8
Lycium andersonii; Wolfberry; Height: 0m. Hardiness: 0-0. Light: full sun. Water preference: dry - moist.; Water jacket; uncategorised; 0
Lycium barbarum; Goji; Height: 2.5m, growing at a medium rate. Hardiness: 6-9. Light: semi-shade or full sun. Water preference: moist.; Box Thorn, Matrimony vine; Food forest; 6
Lycium berlandieri; Berlandier's wolfberry; Height: 0m. Hardiness: 0-0. Light: full sun. Water preference: dry - moist.; ; uncategorised; 0
Lycium carolinianum; Christmas Berry; Height: 1.5m. Hardiness: 7-10. Light: full sun. Water preference: moist.; Carolina desert-thorn; Food forest; 7
Lycium chinense; Chinese Boxthorn; Height: 2.5m, growing at a medium rate. Hardiness: 5-9. Light: full sun. Water preference: moist.; Chinese desert-thorn; Food forest; 5
Lycium europaeum; European tea-tree; Height: 4m. Hardiness: 8-11. Light: full sun. Water preference: moist.; Box thorn,; Food forest; 8
Lycium fremontii; Desert Thorn; Height: 3m. Hardiness: 0-0. Light: full sun. Water preference: dry - moist.; Fremont's desert-thorn; uncategorised; 0
Lycium pallidum; Pale Wolfberry; Height: 1.8m. Hardiness: 5-9. Light: full sun. Water preference: dry - moist.; Pale desert-thorn, Rabbit thorn; Food forest; 5
Lycium ruthenicum; ; Height: 2m. Hardiness: 5-9. Light: full sun. Water preference: dry - moist.; ; Food forest; 5
Lycium torreyi; Squawthorn; Height: 3m. Hardiness: 0-0. Light: full sun. Water preference: dry - moist.; Torrey wolfberry; uncategorised; 0
Millettia stuhlmannii; Panga-panga; Height: 15m, growing at a medium rate. Hardiness: 10-12. Light: full sun. Water preference: moist.; Partridge wood; uncategorised; 10
Myrocarpus frondosus; Balsamo; Height: 25m, growing at a medium rate. Hardiness: 10-12. Light: full sun. Water preference: moist.; incienso; uncategorised; 10
Persea americana; Avocado; Height: 15m, growing fast. Hardiness: 9-12. Light: full sun. Water preference: moist.; Alligator Pear; Food forest; 9
Pinus strobus; White Pine; Height: 20m, growing fast. Hardiness: 3-7. Light: full sun. Water preference: dry - moist.; Eastern white pine; uncategorised; 3
Pistacia lentiscus; Mastic Tree - Pistachier Lentisque; Height: 5m, growing slowly. Hardiness: 8-9. Light: full sun. Water preference: dry - moist.; ; uncategorised; 8
Pouteria campechiana; Canistel; Height: 15m, growing fast. Hardiness: 10-12. Light: full sun. Water preference: unknown moisture.; Eggfruit; Food forest; 10
Prunus caroliniana; American Cherry Laurel; Height: 12m, growing fast. Hardiness: 7-10. Light: semi-shade or full sun. Water preference: dry - moist.; Carolina laurelcherry, Laurel Cherry,; uncategorised; 7
Prunus ilicifolia; Holly-Leaved Cherry; Height: 4m, growing at a medium rate. Hardiness: 8-11. Light: semi-shade or full sun. Water preference: dry - moist.; ; uncategorised; 8
Prunus laurocerasus; Cherry Laurel; Height: 6m, growing at a medium rate. Hardiness: 6-8. Light: full shade or semi-shade or full sun. Water preference: moist.; English Laurel; Food forest; 6
Prunus lusitanica; Portugal Laurel; Height: 6m. Hardiness: 6-9. Light: semi-shade or full sun. Water preference: moist.; ; Food forest; 6
Pterocarpus dalbergioides; Andaman padauk; Height: 35m, growing at a medium rate. Hardiness: 10-12. Light: full sun. Water preference: moist.; East Indian-mahogany,; uncategorised; 10
Umbellularia californica; California Laurel; Height: 25m, growing at a medium rate. Hardiness: 7-10. Light: full sun. Water preference: moist.; California Bay; Food forest; 7
Macadamia hildebrandii; Celebes nut; Height: 14m, growing at a medium rate. Hardiness: 10-12. Light: full sun. Water preference: unknown moisture.; ; Food forest; 10
Macadamia integrifolia; Macadamia; Height: 10m, growing slowly. Hardiness: 9-12. Light: full sun. Water preference: moist.; Macadamia nut; Food forest; 9
Macadamia tetraphylla; Queensland Nut; Height: 10m, growing slowly. Hardiness: 9-12. Light: full sun. Water preference: moist.; Macadamia nut; Food forest; 9
Maclura pomifera; Osage Orange; Height: 15m, growing at a medium rate. Hardiness: 4-9. Light: full sun. Water preference: dry - moist.; Bois D'Arc; uncategorised; 4
Magnolia acuminata; Cucumber Tree; Height: 20m, growing at a medium rate. Hardiness: 3-8. Light: semi-shade or full sun. Water preference: moist.; Cucumber Magnolia; uncategorised; 3
Magnolia campbellii; ; Height: 20m. Hardiness: 7-10. Light: semi-shade or full sun. Water preference: moist.; ; uncategorised; 7
Magnolia denudata; Lily Tree; Height: 10m, growing slowly. Hardiness: 5-9. Light: semi-shade or full sun. Water preference: moist.; Yulan Magnolia; uncategorised; 5
Magnolia grandiflora; Southern Magnolia; Height: 10m, growing at a medium rate. Hardiness: 6-10. Light: semi-shade or full sun. Water preference: moist.; Bull Bay, Large-flowered Magnolia, Southern Magnolia; uncategorised; 6
Magnolia hypoleuca; Whitebark Magnolia; Height: 15m, growing at a medium rate. Hardiness: 5-9. Light: semi-shade or full sun. Water preference: moist.; ; uncategorised; 5
Magnolia kobus; Kobus magnolia; Height: 12m, growing at a medium rate. Hardiness: 4-7. Light: semi-shade or full sun. Water preference: moist.; Northern Japanese Magnolia; uncategorised; 4
Magnolia liliiflora; Mu-Lan; Height: 3m, growing at a medium rate. Hardiness: 4-9. Light: semi-shade or full sun. Water preference: moist.; Woody Orchid, Lily Magnolia; uncategorised; 4
Magnolia macrophylla; Bigleaf Magnolia; Height: 10m, growing slowly. Hardiness: 5-8. Light: semi-shade or full sun. Water preference: moist.; ; uncategorised; 5
Magnolia officinalis; Hou Po; Height: 20m. Hardiness: 7-10. Light: semi-shade or full sun. Water preference: moist.; ; uncategorised; 7
Magnolia stellata; Star Magnolia; Height: 5m, growing slowly. Hardiness: 4-8. Light: semi-shade or full sun. Water preference: moist.; ; uncategorised; 4
Magnolia virginiana; Laurel Magnolia; Height: 10m, growing slowly. Hardiness: 4-8. Light: semi-shade or full sun. Water preference: moist.; Sweetbay; uncategorised; 4
Mahoberberis aquisargentii; ; Height: 2m. Hardiness: 5-9. Light: full shade or semi-shade or full sun. Water preference: moist.; ; uncategorised; 5
Mahonia bealei; Beale's barberry; Height: 2m, growing slowly. Hardiness: 5-8. Light: full shade or semi-shade or full sun. Water preference: moist.; Leatherleaf Mahonia; Food forest; 5
Mahonia confusa; ; Height: 1.5m. Hardiness: 6-9. Light: full shade or semi-shade. Water preference: moist.; ; Food forest; 6
Mahonia flavida; ; Height: 2m. Hardiness: 7-10. Light: full shade or semi-shade or full sun. Water preference: moist.; ; uncategorised; 7
Mahonia fremontii; Mahonia; Height: 2.5m, growing slowly. Hardiness: 7-10. Light: full sun. Water preference: dry - moist.; Fremont's mahonia; Food forest; 7
Mahonia gracilipes; ; Height: 1.5m. Hardiness: 6-9. Light: full shade or semi-shade. Water preference: moist.; ; uncategorised; 6
Mahonia gracilis; Mexican Barberry; Height: 1.5m. Hardiness: 7-10. Light: full sun. Water preference: dry - moist.; ; uncategorised; 7
Mahonia japonica; ; Height: 2m. Hardiness: 5-9. Light: full shade or semi-shade or full sun. Water preference: moist.; ; Food forest; 5
Mahonia lomariifolia; Chinese hollygrape; Height: 5m, growing at a medium rate. Hardiness: 8-9. Light: semi-shade or full sun. Water preference: moist.; ; Food forest; 8
Mahonia napaulensis; ; Height: 2.5m. Hardiness: 5-9. Light: semi-shade or full sun. Water preference: moist.; ; Food forest; 5
Mahonia nervosa; Oregon Grape; Height: 0.6m, growing slowly. Hardiness: 5-9. Light: full shade or semi-shade or full sun. Water preference: dry - moist.; Cascade barberry; Food forest; 5
Mahonia pinnata; California Barberry; Height: 1.8m, growing fast. Hardiness: 7-8. Light: semi-shade or full sun. Water preference: moist.; Wavyleaf barberry, Island barberry, Creeping Holly Grape; Food forest; 7
Mahonia repens; Creeping Oregon Grape; Height: 0.3m, growing slowly. Hardiness: 4-8. Light: semi-shade or full sun. Water preference: dry - moist.; Creeping barberry, Grape Oregon; Food forest; 4
Mahonia swaseyi; Texas Mahonia; Height: 2.5m. Hardiness: 7-10. Light: full sun. Water preference: dry - moist.; Texas barberry; Food forest; 7
Mahonia x media; ; Height: 2m. Hardiness: 6-9. Light: full shade or semi-shade or full sun. Water preference: moist.; ; Food forest; 6
Malpighia emarginata; Acerola; Height: 4m, growing at a medium rate. Hardiness: 10-12. Light: semi-shade or full sun. Water preference: moist.; Barbados Cherry; Food forest; 10
Malus angustifolia; Southern Crab; Height: 7m, growing at a medium rate. Hardiness: 3-8. Light: semi-shade or full sun. Water preference: moist.; Southern crab apple; uncategorised; 3
Malus baccata; Chinese Crab; Height: 15m, growing at a medium rate. Hardiness: 2-7. Light: semi-shade or full sun. Water preference: moist.; Siberian crab apple; uncategorised; 2
Malus baccata mandschurica; Manchurian Apple; Height: 7m. Hardiness: 0-0. Light: semi-shade or full sun. Water preference: moist.; ; Food forest; 0
Malus bracteata; ; Height: 7m. Hardiness: 5-9. Light: semi-shade or full sun. Water preference: moist.; ; uncategorised; 5
Malus brevipes; ; Height: 3m. Hardiness: 4-8. Light: semi-shade or full sun. Water preference: moist.; ; uncategorised; 4
Malus coronaria; Garland Crab; Height: 7m. Hardiness: 4-8. Light: semi-shade or full sun. Water preference: unknown moisture.; Sweet crab apple; Food forest; 4
Malus domestica; Apple; Height: 9m. Hardiness: 3-8. Light: semi-shade or full sun. Water preference: moist.; ; Food forest; 3
Malus floribunda; Japanese Crab; Height: 10m, growing at a medium rate. Hardiness: 4-7. Light: semi-shade or full sun. Water preference: moist.; Japanese flowering crab apple; Food forest; 4
Malus fusca; Oregon Crab; Height: 12m, growing slowly. Hardiness: 5-9. Light: semi-shade or full sun. Water preference: moist.; Oregon crab apple; Food forest; 5
Malus glabrata; ; Height: 5m. Hardiness: 5-9. Light: semi-shade or full sun. Water preference: moist.; ; uncategorised; 5
Malus glaucescens; ; Height: 5m. Hardiness: 4-8. Light: semi-shade or full sun. Water preference: moist.; ; uncategorised; 4
Malus halliana; Hall crab apple; Height: 4m. Hardiness: 4-8. Light: semi-shade or full sun. Water preference: moist.; ; uncategorised; 4
Malus halliana spontanea; ; Height: 4m. Hardiness: 4-8. Light: semi-shade or full sun. Water preference: moist.; ; uncategorised; 4
Malus hupehensis; Chinese Crab; Height: 7m, growing at a medium rate. Hardiness: 4-8. Light: semi-shade or full sun. Water preference: moist.; Chinese crab apple, Tea Crabapple, Flowering Tea Crabapple; uncategorised; 4
Malus ioensis; Prairie Crab; Height: 5m, growing slowly. Hardiness: 3-8. Light: semi-shade or full sun. Water preference: moist.; Prairie crab apple, Texas crab apple, Prairie Crabapple; uncategorised; 3
Malus kansuensis; ; Height: 5m. Hardiness: 4-8. Light: semi-shade or full sun. Water preference: moist.; ; uncategorised; 4
Malus lancifolia; ; Height: 6m. Hardiness: 4-8. Light: semi-shade or full sun. Water preference: moist.; ; uncategorised; 4
Malus prattii; Pratt apple; Height: 10m. Hardiness: 5-9. Light: semi-shade or full sun. Water preference: moist.; ; uncategorised; 5
Malus prunifolia; Chinese Apple; Height: 8m. Hardiness: 3-7. Light: semi-shade or full sun. Water preference: moist.; Plumleaf crab apple; Food forest; 3
Malus prunifolia rinkii; Chinese Apple; Height: 8m. Hardiness: 3-7. Light: semi-shade or full sun. Water preference: moist.; ; Food forest; 3
Malus pumila; Paradise Apple; Height: 7m, growing at a medium rate. Hardiness: 3-9. Light: semi-shade or full sun. Water preference: moist.; Common Apple, Apple Tree; Food forest; 3
Malus pumila nervosa; Crab Apple; Height: 5m. Hardiness: 3-7. Light: semi-shade or full sun. Water preference: moist.; ; Food forest; 3
Malus pumila paradisiaca; Paradise Apple; Height: 5m. Hardiness: 3-7. Light: semi-shade or full sun. Water preference: moist.; ; Food forest; 3
Malus sargentii; Sargent's apple; Height: 4m, growing slowly. Hardiness: 4-8. Light: semi-shade or full sun. Water preference: moist.; Sargent Crabapple; uncategorised; 4
Malus sieversii; Crabapple; Height: 8m. Hardiness: 4-10. Light: semi-shade or full sun. Water preference: moist.; ; Food forest; 4
Malus sikkimensis; ; Height: 7m. Hardiness: 5-9. Light: semi-shade or full sun. Water preference: moist.; ; uncategorised; 5
Malus spectabilis; Chinese Flowering Apple; Height: 9m. Hardiness: 4-8. Light: semi-shade or full sun. Water preference: moist.; Asiatic apple; Food forest; 4
Malus sylvestris; Crab Apple; Height: 10m. Hardiness: 4-8. Light: semi-shade or full sun. Water preference: moist.; European crab apple; Food forest; 4
Malus toringo; Toringo crab; Height: 3m. Hardiness: 4-8. Light: semi-shade or full sun. Water preference: moist.; ; uncategorised; 4
Malus toringoides; Cutleaf crab apple; Height: 8m. Hardiness: 4-8. Light: semi-shade or full sun. Water preference: moist.; ; uncategorised; 4
Malus transitoria; ; Height: 8m. Hardiness: 4-8. Light: semi-shade or full sun. Water preference: moist.; ; uncategorised; 4
Malus tschonoskii; Pillar apple; Height: 12m, growing at a medium rate. Hardiness: 3-8. Light: semi-shade or full sun. Water preference: moist.; Crabapple; Food forest; 3
Malus x adstringens; ; Height: 0m. Hardiness: 3-7. Light: semi-shade or full sun. Water preference: moist.; ; uncategorised; 3
Malus x astracanica; ; Height: 5m. Hardiness: 3-7. Light: semi-shade or full sun. Water preference: moist.; ; uncategorised; 3
Malus x micromalus; Kaido Crab Apple; Height: 4m. Hardiness: 4-8. Light: semi-shade or full sun. Water preference: moist.; ; uncategorised; 4
Malus x robusta; ; Height: 12m. Hardiness: 3-7. Light: semi-shade or full sun. Water preference: moist.; ; uncategorised; 3
Malus x soulardii; ; Height: 5m. Hardiness: 4-8. Light: semi-shade or full sun. Water preference: moist.; ; uncategorised; 4
Malus yunnanensis; Crabapple; Height: 10m, growing at a medium rate. Hardiness: 3-8. Light: semi-shade or full sun. Water preference: moist.; ; uncategorised; 3
Mammea americana; Mammee Apple; Height: 18m, growing at a medium rate. Hardiness: 10-12. Light: semi-shade or full sun. Water preference: moist.; Mammey; Food forest; 10
Mangifera indica; Mango; Height: 25m, growing at a medium rate. Hardiness: 10-12. Light: full sun. Water preference: moist.; Bowen Mango; Food forest; 10
Mangifera kemanga; Kemang; Height: 30m, growing at a medium rate. Hardiness: 10-12. Light: full sun. Water preference: moist.; ; Food forest; 10
Mangifera rubropetala; Red petaled mango; Height: 16m, growing at a medium rate. Hardiness: 10-12. Light: full sun. Water preference: moist.; ; Food forest; 10
Manicaria saccifera; Ubussu; Height: 10m, growing at a medium rate. Hardiness: 11-12. Light: semi-shade or full sun. Water preference: unknown moisture.; Troolie Palm; uncategorised; 11
Manihot carthaginensis glaziovii; Ceara Rubber Tree; Height: 6m, growing fast. Hardiness: 10-12. Light: full sun. Water preference: unknown moisture.; Tree cassava; uncategorised; 10
Manihot dichotoma; Jequie manicoba; Height: 5m, growing fast. Hardiness: 10-12. Light: full sun. Water preference: dry - moist.; Manihot rubber tree; uncategorised; 10
Manihot heptaphylla; Manicoba de Sao Francisco; Height: 6m, growing at a medium rate. Hardiness: 10-12. Light: full sun. Water preference: dry - moist.; ; uncategorised; 10
Manilkara huberi; Cow Tree; Height: 40m, growing at a medium rate. Hardiness: 10-12. Light: full sun. Water preference: moist.; Massaranduba. Black balata; Food forest; 10
Margyricarpus pinnatus; Pearl Berry; Height: 0.3m, growing at a medium rate. Hardiness: 8-11. Light: semi-shade or full sun. Water preference: moist.; ; uncategorised; 8
Marsdenia tenacissima; Rajmahal Hemp; Height: 10m. Hardiness: 10-12. Light: semi-shade or full sun. Water preference: moist.; ; uncategorised; 10
Mauritia flexuosa; Buriti Palm; Height: 25m, growing slowly. Hardiness: 11-12. Light: semi-shade or full sun. Water preference: unknown moisture.; Aguaje Palm; Food forest; 11
Maytenus boaria; Mayten Tree; Height: 10m, growing slowly. Hardiness: 7-10. Light: semi-shade or full sun. Water preference: moist.; Mayten; uncategorised; 7
Maytenus obtusifolia; Blunt folia Maytenus; Height: 25m, growing at a medium rate. Hardiness: 10-12. Light: full sun. Water preference: dry - moist.; ; uncategorised; 10
Medicago arborea; Moon Trefoil; Height: 2m. Hardiness: 7-10. Light: full sun. Water preference: dry - moist.; ; uncategorised; 7
Melaleuca alternifolia; Tea Tree; Height: 6m. Hardiness: 8-11. Light: full sun. Water preference: moist.; ; uncategorised; 8
Melaleuca bracteata; River teatree; Height: 6m. Hardiness: 0-0. Light: full sun. Water preference: moist.; ; uncategorised; 0
Melaleuca hypericifolia; Tea Tree; Height: 3m. Hardiness: 8-11. Light: semi-shade or full sun. Water preference: moist.; ; uncategorised; 8
Melaleuca linariifolia; Flax-Leaved Paper-Bark; Height: 10m. Hardiness: 8-11. Light: full sun. Water preference: moist.; Cajeput tree; uncategorised; 8
Melaleuca thymifolia; Thymeleaf melaleuca; Height: 1m. Hardiness: 8-11. Light: full sun. Water preference: moist.; ; uncategorised; 8
Melaleuca uncinata; Broom honeymyrtle; Height: 2m. Hardiness: 0-0. Light: full sun. Water preference: dry - moist.; ; uncategorised; 0
Melia azederach; Bead Tree; Height: 9m, growing fast. Hardiness: 7-12. Light: full sun. Water preference: dry - moist.; Pride of India, Chinaberry; Food forest; 7
Melianthus major; Honey Flower; Height: 3m, growing at a medium rate. Hardiness: 7-10. Light: semi-shade or full sun. Water preference: moist.; ; Food forest; 7
Melianthus minor; Honey Flower; Height: 2m, growing at a medium rate. Hardiness: 7-10. Light: semi-shade or full sun. Water preference: moist.; ; Food forest; 7
Melicoccus bijugatus; Mamoncillo; Height: 18m, growing slowly. Hardiness: 9-12. Light: semi-shade or full sun. Water preference: dry - moist.; Spanish Lime, Guayo; Food forest; 9
Melicope ternata; ; Height: 6m. Hardiness: 9-11. Light: semi-shade or full sun. Water preference: moist.; ; uncategorised; 9
Melicytus ramiflorus; Whitey Wood; Height: 9m. Hardiness: 8-11. Light: full sun. Water preference: moist.; ; uncategorised; 8
Menispermum canadense; Canada Moonseed; Height: 3.6m, growing fast. Hardiness: 4-8. Light: semi-shade or full sun. Water preference: moist.; Common moonseed; uncategorised; 4
Menispermum davuricum; ; Height: 3.6m, growing fast. Hardiness: 4-8. Light: semi-shade or full sun. Water preference: moist.; ; uncategorised; 4
Menziesia ferruginea; False Huckleberry; Height: 1.8m. Hardiness: 5-9. Light: semi-shade or full sun. Water preference: moist.; Rusty menziesia; uncategorised; 5
Mespilus germanica; Medlar; Height: 6m, growing at a medium rate. Hardiness: 5-8. Light: semi-shade or full sun. Water preference: moist.; ; Food forest; 5
Metaplexis japonica; Rough potato; Height: 8m. Hardiness: 0-0. Light: semi-shade or full sun. Water preference: moist.; ; uncategorised; 0
Metasequoia glyptostroboides; Dawn Redwood; Height: 15m, growing fast. Hardiness: 5-8. Light: full sun. Water preference: unknown moisture.; ; uncategorised; 5
Metrosideros excelsa; Pohutukawa; Height: 7m. Hardiness: 7-10. Light: full sun. Water preference: moist.; ; uncategorised; 7
Metrosideros robusta; Northern Rata; Height: 6m. Hardiness: 8-11. Light: full sun. Water preference: moist.; ; uncategorised; 8
Metrosideros umbellata; Southern Rata; Height: 15m. Hardiness: 8-11. Light: full sun. Water preference: moist.; ; uncategorised; 8
Metroxylon sagu; Sago Palm; Height: 25m, growing at a medium rate. Hardiness: 11-12. Light: full sun. Water preference: unknown moisture.; ; Food forest; 11
Michelia figo; Banana Shrub; Height: 5m, growing at a medium rate. Hardiness: 8-10. Light: semi-shade or full sun. Water preference: moist.; Michelia; uncategorised; 8
Microberlinia brazzavillensis; Zingana; Height: 35m, growing fast. Hardiness: 10-12. Light: full sun. Water preference: moist.; ; uncategorised; 10
Micromeria juliana; Savory; Height: 0.3m. Hardiness: 6-9. Light: full sun. Water preference: dry - moist.; ; uncategorised; 6
Millettia laurentii; Wenge; Height: 25m, growing at a medium rate. Hardiness: 10-12. Light: full sun. Water preference: moist.; ; uncategorised; 10
Millettia reticulata; Ji Xue Teng; Height: 5m. Hardiness: 7-10. Light: full sun. Water preference: moist.; ; uncategorised; 7
Mimosa scabrella; abaracaatinga; Height: 10m, growing fast. Hardiness: 10-12. Light: full sun. Water preference: unknown moisture.; bracaatinga, bracatinga; uncategorised; 10
Mitchella repens; Partridge Berry; Height: 0.1m, growing slowly. Hardiness: 4-9. Light: semi-shade or full sun. Water preference: moist.; ; Food forest; 4
Mondia whitei; Mondia; Height: 8m, growing fast. Hardiness: 10-12. Light: semi-shade or full sun. Water preference: moist.; White's Ginger; Food forest; 10
Monstera deliciosa; Ceriman; Height: 20m, growing fast. Hardiness: 10-12. Light: full shade or semi-shade or full sun. Water preference: unknown moisture.; Windowleaf; Food forest; 10
Morinda citrifolia; Noni; Height: 6m, growing at a medium rate. Hardiness: 10-12. Light: semi-shade or full sun. Water preference: moist.; Indian Mulberry; Food forest; 10
Morus alba; White Mulberry; Height: 18m, growing at a medium rate. Hardiness: 4-10. Light: semi-shade or full sun. Water preference: moist.; Common Mulberry,; Food forest; 4
Morus alba multicaulis; White Mulberry; Height: 18m. Hardiness: 4-8. Light: semi-shade or full sun. Water preference: moist.; ; Food forest; 4
Morus australis; Korean Mulberry; Height: 7.5m, growing fast. Hardiness: 6-9. Light: semi-shade or full sun. Water preference: moist.; Aino Mulberry; uncategorised; 6
Morus bombycis; Kuwa; Height: 8m. Hardiness: 5-9. Light: semi-shade or full sun. Water preference: moist.; ; uncategorised; 5
Morus cathayana; Hua Sang; Height: 15m. Hardiness: 5-9. Light: semi-shade or full sun. Water preference: moist.; ; uncategorised; 5
Morus macroura; Himalayan Mulberry; Height: 10m. Hardiness: 7-10. Light: semi-shade or full sun. Water preference: moist.; ; uncategorised; 7
Morus microphylla; Texas Mulberry; Height: 6m. Hardiness: 5-9. Light: semi-shade or full sun. Water preference: moist.; ; uncategorised; 5
Morus mongolica; Mongolian Mulberry; Height: 7.5m. Hardiness: 4-8. Light: semi-shade or full sun. Water preference: moist.; ; uncategorised; 4
Morus nigra; Black Mulberry; Height: 10m, growing slowly. Hardiness: 5-10. Light: semi-shade or full sun. Water preference: moist.; ; Food forest; 5
Morus rubra; Red Mulberry; Height: 15m. Hardiness: 4-9. Light: semi-shade or full sun. Water preference: moist.; Common Mulberry, White Mulberry; Food forest; 4
Morus species; Mulberry; Height: 10m, growing at a medium rate. Hardiness: 0-0. Light: semi-shade or full sun. Water preference: moist.; ; Food forest; 0
Muehlenbeckia adpressa; ; Height: 2.5m. Hardiness: 8-11. Light: semi-shade or full sun. Water preference: moist.; ; uncategorised; 8
Muehlenbeckia australis; ; Height: 10m. Hardiness: 7-10. Light: semi-shade or full sun. Water preference: moist.; ; uncategorised; 7
Muehlenbeckia axillaris; Sprawling wirevine; Height: 0.3m, growing at a medium rate. Hardiness: 7-10. Light: semi-shade or full sun. Water preference: moist.; ; Food forest; 7
Muehlenbeckia complexa; Maidenhair Vine; Height: 5m. Hardiness: 7-10. Light: semi-shade or full sun. Water preference: moist.; ; Food forest; 7
Muntingia calabura; Calabura; Height: 9m, growing fast. Hardiness: 10-12. Light: semi-shade or full sun. Water preference: moist.; Panama berry, Capulin; Food forest; 10
Musanga cecropioides; Corkwood; Height: 20m, growing fast. Hardiness: 10-12. Light: full sun. Water preference: moist.; ; Food forest; 10
Myoporum debile; Winter Apple; Height: 1m. Hardiness: 8-11. Light: full sun. Water preference: dry - moist.; ; uncategorised; 8
Myoporum insulare; Boobyalla; Height: 3m. Hardiness: 8-11. Light: full sun. Water preference: dry - moist.; ; uncategorised; 8
Myoporum laetum; Ngaio; Height: 6m, growing at a medium rate. Hardiness: 9-11. Light: full sun. Water preference: dry - moist.; Ngaio tree, Mousehole Tree; uncategorised; 9
Myoporum montanum; Water Bush; Height: 2m. Hardiness: 8-11. Light: full sun. Water preference: dry - moist.; ; uncategorised; 8
Myoporum platycarpum; Sugarwood; Height: 8m. Hardiness: 8-11. Light: full sun. Water preference: dry - moist.; ; uncategorised; 8
Myoporum tetrandrum; Boobialla; Height: 5m. Hardiness: 8-11. Light: full sun. Water preference: dry - moist.; ; uncategorised; 8
Myrciaria vexator; Blue Grape; Height: 10m, growing slowly. Hardiness: 10-12. Light: full sun. Water preference: moist.; False Jaboticaba; Food forest; 10
Myrianthus arboreus; Giant yellow mulberry; Height: 15m, growing at a medium rate. Hardiness: 10-12. Light: full sun. Water preference: unknown moisture.; Monkeyfruit; Food forest; 10
Myrica californica; Californian Bayberry; Height: 4m, growing at a medium rate. Hardiness: 7-11. Light: semi-shade or full sun. Water preference: moist.; California Wax Myrtle, California Barberry; Food forest; 7
Myrica gale; Bog Myrtle; Height: 2m. Hardiness: 2-9. Light: semi-shade or full sun. Water preference: unknown moisture.; Sweetgale; uncategorised; 2
Myrica heterophylla; Bayberry; Height: 3m. Hardiness: 5-9. Light: semi-shade or full sun. Water preference: dry - moist.; ; Food forest; 5
Myrica pensylvanica; Northern Bayberry; Height: 3m. Hardiness: 2-9. Light: semi-shade or full sun. Water preference: dry - moist.; ; Food forest; 2
Myrica rubra; Chinese Bayberry; Height: 15m. Hardiness: 9-11. Light: semi-shade or full sun. Water preference: moist.; ; uncategorised; 9
Myricaria germanica; ; Height: 2m. Hardiness: 5-9. Light: full sun. Water preference: moist.; ; uncategorised; 5
Myrsine africana; Cape Myrtle; Height: 0.8m, growing slowly. Hardiness: 8-11. Light: semi-shade or full sun. Water preference: moist.; ; uncategorised; 8
Myrteola nummularia; Cranberry-myrtle; Height: 0.1m, growing slowly. Hardiness: 7-10. Light: full sun. Water preference: dry - moist.; ; Food forest; 7
Myrtus communis; Myrtle; Height: 4.5m, growing at a medium rate. Hardiness: 9-11. Light: full sun. Water preference: dry - moist.; Foxtail Myrtle; Food forest; 9
Ochlandra spp.; Elephant grass; Height: 6m, growing fast. Hardiness: 10-12. Light: semi-shade or full sun. Water preference: moist.; Clumping Bamboo; uncategorised; 10
Passiflora tripartita mollissima; Banana Passionfruit; Height: 5m, growing fast. Hardiness: 10-12. Light: semi-shade or full sun. Water preference: moist.; ; Food forest; 10
Podocarpus neriifolius; Oleander Podocarp; Height: 25m, growing at a medium rate. Hardiness: 9-12. Light: semi-shade or full sun. Water preference: moist.; Brown Pine; uncategorised; 9
Populus hybrids; Hybrid poplar; Height: 50m, growing fast. Hardiness: 2-10. Light: semi-shade or full sun. Water preference: dry - moist.; ; Food forest; 2
Prosopis cineraria; Jandi; Height: 6.5m, growing at a medium rate. Hardiness: 10-12. Light: full sun. Water preference: dry - moist.; Ghaf; Food forest; 10
Pycnanthus angolensis; African Nutmeg; Height: 30m, growing at a medium rate. Hardiness: 10-12. Light: full sun. Water preference: moist.; ; uncategorised; 10
Quararibea cordata; South American Sapote; Height: 20m, growing fast. Hardiness: 10-12. Light: full sun. Water preference: moist.; Chupa Chupa, Matisia; Food forest; 10
Raphia farinifera; Raffia Palm; Height: 25m, growing fast. Hardiness: 9-12. Light: full sun. Water preference: unknown moisture.; ; Food forest; 9
Raphia vinifera; Wine Raffia Palm. Wine Palm; Height: 6m, growing at a medium rate. Hardiness: 10-12. Light: full sun. Water preference: moist.; ; Food forest; 10
Shorea polysperma; Dark-red Philippine-mahogany; Height: 25m, growing fast. Hardiness: 10-12. Light: full sun. Water preference: moist.; ; uncategorised; 10
Sida rhombifolia; Broom Jute. Common Sida. Arrow-leaf Sida; Height: 1m, growing fast. Hardiness: 10-12. Light: full sun. Water preference: moist.; ; uncategorised; 10
Sorbus alnifolia; Korean Mountain Ash; Height: 15m, growing fast. Hardiness: 4-7. Light: semi-shade or full sun. Water preference: moist.; ; uncategorised; 4
Spondias mombin; Yellow Mombin; Height: 20m, growing fast. Hardiness: 10-12. Light: full sun. Water preference: dry - moist.; Hog Plum, Caja Fruit, Taperebá; Food forest; 10
Terminalia bellirica; Beleric Myrobalan; Height: 35m, growing at a medium rate. Hardiness: 10-12. Light: full sun. Water preference: dry - moist.; ; uncategorised; 10
Terminalia ferdinandiana; Billy Goat Plum; Height: 10m, growing at a medium rate. Hardiness: 9-12. Light: full sun. Water preference: moist.; ; Food forest; 9
Tinospora cordifolia; Kanda Amrta; Height: 15m, growing fast. Hardiness: 10-12. Light: full sun. Water preference: dry - moist.; ; uncategorised; 10
Tinospora crispa; Patawali; Height: 10m, growing fast. Hardiness: 10-12. Light: full sun. Water preference: dry - moist.; Akar Patawali; uncategorised; 10
Virola sebifera; Virola Nut. Red Ucuba. Pintri; Height: 25m, growing at a medium rate. Hardiness: 10-12. Light: full sun. Water preference: moist.; ; uncategorised; 10
Wisteria japonica; ; Height: 0m. Hardiness: 7-10. Light: full sun. Water preference: moist.; ; uncategorised; 7
Nandina domestica; Sacred Bamboo; Height: 2.5m, growing at a medium rate. Hardiness: 6-9. Light: full sun. Water preference: moist.; Heavenly Bamboo; uncategorised; 6
Nannorrhops ritchiana; Mazari Palm; Height: 5m, growing slowly. Hardiness: 7-10. Light: full sun. Water preference: moist.; ; uncategorised; 7
Nauclea latifolia; African Peach; Height: 10m, growing at a medium rate. Hardiness: 10-12. Light: full sun. Water preference: dry - moist.; ; Food forest; 10
Neillia thyrsiflora; ; Height: 3m. Hardiness: 7-10. Light: semi-shade or full sun. Water preference: moist.; ; uncategorised; 7
Nemopanthus mucronatus; Mountain Holly; Height: 3m. Hardiness: 4-8. Light: semi-shade or full sun. Water preference: moist.; ; uncategorised; 4
Neolitsea sericea; ; Height: 6m. Hardiness: 8-11. Light: semi-shade or full sun. Water preference: moist.; ; uncategorised; 8
Nephelium lappaceum; Rambutan; Height: 20m, growing fast. Hardiness: 10-12. Light: semi-shade or full sun. Water preference: moist.; Hairy Lychee; Food forest; 10
Nephelium ramboutan-ake; Pulasan; Height: 15m, growing fast. Hardiness: 10-12. Light: semi-shade or full sun. Water preference: moist.; ; Food forest; 10
Nerium oleander; Oleander; Height: 4m, growing fast. Hardiness: 9-11. Light: full sun. Water preference: dry - moist.; Rose Bay; uncategorised; 9
Newtonia buchananii; East African Newtonia; Height: 25m, growing fast. Hardiness: 10-12. Light: full sun. Water preference: moist.; Forest Newtonia; uncategorised; 10
Nicotiana glauca; Tree Tobacco; Height: 3m. Hardiness: 7-10. Light: full sun. Water preference: moist.; ; uncategorised; 7
Nothofagus procera; Rauli; Height: 20m, growing fast. Hardiness: 6-9. Light: full sun. Water preference: moist.; ; uncategorised; 6
Nothofagus solanderi cliffortioides; Mountain Beech; Height: 30m, growing fast. Hardiness: 7-10. Light: full sun. Water preference: moist.; ; uncategorised; 7
Nyssa aquatica; Water Tupelo; Height: 30m, growing at a medium rate. Hardiness: 6-9. Light: semi-shade or full sun. Water preference: unknown moisture.; ; uncategorised; 6
Nyssa ogeche; Ogeechee Lime; Height: 15m. Hardiness: 0-0. Light: semi-shade or full sun. Water preference: unknown moisture.; Ogeechee tupelo; uncategorised; 0
Nyssa sylvatica; Black Tupelo; Height: 15m, growing at a medium rate. Hardiness: 4-9. Light: semi-shade or full sun. Water preference: moist.; Blackgum, Sour Gum, Black Tupelo; uncategorised; 4
Oemleria cerasiformis; Oso Berry; Height: 2.5m. Hardiness: 5-9. Light: semi-shade. Water preference: moist.; Indian plum; uncategorised; 5
Passiflora popenovii; Granadilla de Quijos; Height: 8m, growing fast. Hardiness: 10-12. Light: semi-shade or full sun. Water preference: moist.; ; Food forest; 10
Passiflora tarminiana; banana passionfruit; Height: 10m, growing fast. Hardiness: 10-12. Light: semi-shade or full sun. Water preference: moist.; banana poka; Food forest; 10
Paullinia yoco; Yoco; Height: 15m, growing at a medium rate. Hardiness: 10-12. Light: semi-shade or full sun. Water preference: moist.; ; Food forest; 10
Peltogyne purpurea; Purpleheart; Height: 30m, growing at a medium rate. Hardiness: 10-12. Light: full sun. Water preference: dry - moist.; Amaranth, Nazareno; uncategorised; 10
Peltogyne venosa; Purpleheart; Height: 30m, growing at a medium rate. Hardiness: 10-12. Light: full sun. Water preference: dry - moist.; ; uncategorised; 10
Pentaclethra macrophylla; African Oil Bean. Oil Bean Tree; Height: 30m, growing fast. Hardiness: 10-12. Light: semi-shade or full sun. Water preference: moist.; Owala Oil; Food forest; 10
Prosopis tamarugo; Tamarugo; Height: 12m, growing fast. Hardiness: 10-12. Light: full sun. Water preference: dry - moist.; ; uncategorised; 10
Pseudopanax arboreus; Puahou; Height: 6m. Hardiness: 9-11. Light: semi-shade or full sun. Water preference: moist.; ; uncategorised; 9
Ptychopetalum olacoides; Muira Puama; Height: 5m, growing at a medium rate. Hardiness: 10-12. Light: full sun. Water preference: moist.; marapuama; uncategorised; 10
Ptychopetalum uncinatum; Muira Puama; Height: 5m, growing at a medium rate. Hardiness: 10-12. Light: full sun. Water preference: moist.; ; uncategorised; 10
Quercus × schuettei; Schuette's oak; Height: 18m, growing fast. Hardiness: 4-8. Light: full sun. Water preference: unknown moisture.; ; Food forest; 4
Santalum ellipticum; Coast Sandalwood; Height: 5m, growing slowly. Hardiness: 9-12. Light: semi-shade or full sun. Water preference: unknown moisture.; ; uncategorised; 9
Santalum freycinetianum; Lanai Sandalwood; Height: 10m, growing slowly. Hardiness: 9-12. Light: semi-shade or full sun. Water preference: unknown moisture.; Hawaiian Sandalwood; uncategorised; 9
Santalum haleakalae; Haleakala Sandalwood; Height: 3m, growing slowly. Hardiness: 9-12. Light: semi-shade or full sun. Water preference: unknown moisture.; Lliahi; uncategorised; 9
Santalum paniculatum; Mountain Sandalwood; Height: 7.5m, growing slowly. Hardiness: 10-11. Light: semi-shade or full sun. Water preference: unknown moisture.; Hawaiian Sandalwood, 'Iliahi; uncategorised; 10
Shorea robusta; Sal Tree; Height: 40m, growing fast. Hardiness: 10-12. Light: full sun. Water preference: moist.; ; Food forest; 10
Touchardia latifolia; Olona; Height: 2m, growing slowly. Hardiness: 10-12. Light: full shade or semi-shade. Water preference: unknown moisture.; ; uncategorised; 10
Uncaria guianensis; Cat's Claw; Height: 30m, growing fast. Hardiness: 10-12. Light: full sun. Water preference: moist.; ; uncategorised; 10
Vaccinium australe; Northern Blueberry; Height: 1.5m, growing at a medium rate. Hardiness: 2-7. Light: semi-shade or full sun. Water preference: moist.; ; Food forest; 2
x Sorbaronia hybrid; Aronia x mountain ash; Height: 3m, growing at a medium rate. Hardiness: 3-8. Light: full sun. Water preference: moist.; ; Food forest; 3
x Sorbo­crataegus hybrid; Haw x mountain ash; Height: 3m, growing at a medium rate. Hardiness: 3-8. Light: full sun. Water preference: moist.; ; Food forest; 3
x Sorbopyrus hybrid; Pear x mountain ash; Height: 4m, growing at a medium rate. Hardiness: 3-8. Light: full sun. Water preference: moist.; ; Food forest; 3
Ocotea kenyensis; Transvaal stinkwood; Height: 20m, growing fast. Hardiness: 10-12. Light: full sun. Water preference: moist.; stinkhout; uncategorised; 10
Octomeles sumatrana; Ilimo Tree; Height: 50m, growing fast. Hardiness: 10-12. Light: full sun. Water preference: moist.; ; uncategorised; 10
Oenocarpus distichus; Pataua; Height: 8m, growing slowly. Hardiness: 10-12. Light: full sun. Water preference: moist.; Bacaba, White bacaba; Food forest; 10
Okoubaka aubrevillei; Okoubaka tree; Height: 23m, growing at a medium rate. Hardiness: 10-12. Light: full sun. Water preference: dry - moist.; ; uncategorised; 10
Olea europaea; Olive; Height: 10m, growing slowly. Hardiness: 8-10. Light: full sun. Water preference: dry - moist.; African olive, European olive; Food forest; 8
Olearia avicenniifolia; Akeake; Height: 3m. Hardiness: 7-10. Light: full sun. Water preference: moist.; ; uncategorised; 7
Olearia macrodonta; ; Height: 6m, growing at a medium rate. Hardiness: 7-10. Light: full sun. Water preference: moist.; ; uncategorised; 7
Olearia paniculata; ; Height: 6m. Hardiness: 8-11. Light: full sun. Water preference: moist.; ; uncategorised; 8
Olearia solandri; ; Height: 4m, growing slowly. Hardiness: 8-11. Light: full sun. Water preference: moist.; ; uncategorised; 8
Olearia traversii; ; Height: 10m, growing at a medium rate. Hardiness: 8-11. Light: full sun. Water preference: moist.; ; uncategorised; 8
Olearia virgata; ; Height: 3.5m, growing fast. Hardiness: 6-9. Light: full sun. Water preference: moist.; ; uncategorised; 6
Olearia x haastii; ; Height: 2.5m. Hardiness: 7-10. Light: full sun. Water preference: moist.; ; uncategorised; 7
Olneya tesota; Desert ironwood; Height: 9m, growing at a medium rate. Hardiness: 0-0. Light: semi-shade or full sun. Water preference: moist.; Ironwood; uncategorised; 0
Oplopanax japonicus; ; Height: 3m. Hardiness: 5-9. Light: full shade or semi-shade. Water preference: moist.; ; uncategorised; 5
Oreocnide integrifolia; Wild Rhea; Height: 12m, growing slowly. Hardiness: 10-12. Light: full shade or semi-shade. Water preference: unknown moisture.; ; uncategorised; 10
Osmanthus decorus; ; Height: 3m. Hardiness: 6-9. Light: semi-shade or full sun. Water preference: dry - moist.; ; uncategorised; 6
Osmanthus delavayi; ; Height: 3.5m, growing slowly. Hardiness: 6-9. Light: semi-shade or full sun. Water preference: dry - moist.; ; uncategorised; 6
Osmanthus fragrans; Fragrant Olive; Height: 6m. Hardiness: 8-11. Light: semi-shade or full sun. Water preference: moist.; ; uncategorised; 8
Osmanthus heterophyllus; Holly Olive; Height: 4m, growing slowly. Hardiness: 6-9. Light: semi-shade or full sun. Water preference: moist.; Holly osmanthus, Chinese Holly, Holly Tea Olive, False Holly; uncategorised; 6
Osmanthus x burkwoodii; ; Height: 3m, growing slowly. Hardiness: 5-9. Light: semi-shade or full sun. Water preference: moist.; ; uncategorised; 5
Osteomeles schwerinae; ; Height: 2m. Hardiness: 7-10. Light: full sun. Water preference: dry - moist.; ; uncategorised; 7
Osteomeles subrotunda; ; Height: 2m. Hardiness: 7-10. Light: full sun. Water preference: dry - moist.; ; uncategorised; 7
Ostrya carpinifolia; Hop Hornbeam; Height: 15m. Hardiness: 5-9. Light: semi-shade or full sun. Water preference: dry - moist.; ; uncategorised; 5
Ostrya virginiana; Ironwood; Height: 15m, growing slowly. Hardiness: 3-9. Light: semi-shade or full sun. Water preference: moist.; Hophornbeam, Hop Hornbeam American, Hop Hornbeam Eastern; uncategorised; 3
Oxandra laurifolia; Yaya; Height: 10m, growing at a medium rate. Hardiness: 10-12. Light: full sun. Water preference: moist.; lancewood; uncategorised; 10
Oxydendrum arboreum; Sorrel Tree; Height: 10m, growing slowly. Hardiness: 5-8. Light: semi-shade or full sun. Water preference: moist.; Sourwood; Food forest; 5
Rauvolfia serpentina; Rauwolfia; Height: 1.5m, growing at a medium rate. Hardiness: 10-12. Light: semi-shade or full sun. Water preference: moist.; Ajmaline, Java devil-pepper; uncategorised; 10
Senefeldera verticillata; Senefeldera; Height: 12m, growing fast. Hardiness: 10-12. Light: full sun. Water preference: moist.; ; uncategorised; 10
Thymus vulgaris; Common Thyme; Height: 0.2m, growing at a medium rate. Hardiness: 5-11. Light: full sun. Water preference: dry - moist.; Garden thyme, Wild Thyme; Food forest; 5
Vaccinium erythrocarpum; Southern Mountain Cranberry; Height: 1.5m. Hardiness: 5-9. Light: semi-shade or full sun. Water preference: moist.; ; Food forest; 5
Vaccinium macrocarpon; American Cranberry; Height: 0.2m, growing at a medium rate. Hardiness: 0-0. Light: semi-shade or full sun. Water preference: unknown moisture.; Cranberry; Food forest; 0
Vaccinium oxycoccos; Small Cranberry; Height: 0.1m, growing fast. Hardiness: 0-0. Light: semi-shade or full sun. Water preference: unknown moisture.; ; Food forest; 0
Pachysandra terminalis; Japanese Spurge; Height: 0.2m, growing at a medium rate. Hardiness: 4-8. Light: full shade or semi-shade. Water preference: dry - moist.; Japanese pachysandra, Pachysandra; uncategorised; 4
Paeonia delavayi; Tree Peony; Height: 1.6m. Hardiness: 5-9. Light: semi-shade or full sun. Water preference: moist.; Dian mu dan; uncategorised; 5
Paeonia lutea; Tree Peony; Height: 1.5m. Hardiness: 6-9. Light: semi-shade or full sun. Water preference: moist.; Dian mu dan; uncategorised; 6
Paeonia ostii; Tree Peony; Height: 1.5m. Hardiness: 6-9. Light: semi-shade or full sun. Water preference: moist.; ; uncategorised; 6
Paeonia potaninii; Tree Peony; Height: 0.6m. Hardiness: 6-9. Light: semi-shade or full sun. Water preference: moist.; ; uncategorised; 6
Paeonia suffruticosa; Moutan; Height: 2m, growing slowly. Hardiness: 5-8. Light: semi-shade or full sun. Water preference: moist.; Moutan peony, Tree Peony, Japanese Tree Peony; uncategorised; 5
Paeonia szechuanica; Tree Peony; Height: 1.5m. Hardiness: 6-9. Light: semi-shade or full sun. Water preference: moist.; ; uncategorised; 6
Paliurus ramosissimus; Ma Jia Zi; Height: 6m. Hardiness: 6-9. Light: full sun. Water preference: moist.; ; uncategorised; 6
Paliurus spina-christi; Christ's Thorn; Height: 5m, growing at a medium rate. Hardiness: 7-10. Light: semi-shade or full sun. Water preference: dry - moist.; Jeruselem thorn; uncategorised; 7
Pandanus amaryllifolius; Fragrant Pandan; Height: 4m, growing at a medium rate. Hardiness: 8-11. Light: semi-shade or full sun. Water preference: unknown moisture.; ; Food forest; 8
Pandanus julianettii; Karuka; Height: 4m, growing fast. Hardiness: 10-12. Light: semi-shade or full sun. Water preference: moist.; ; Food forest; 10
Parinari curatellifolia; Mbola; Height: 15m, growing slowly. Hardiness: 10-12. Light: full sun. Water preference: unknown moisture.; Grys Appel; Food forest; 10
Parkinsonia aculeata; Jerusalem Thorn; Height: 7.5m, growing fast. Hardiness: 9-11. Light: full sun. Water preference: dry - moist.; ; Food forest; 9
Parrotiopsis jacquemontiana; ; Height: 6m. Hardiness: 6-9. Light: semi-shade or full sun. Water preference: moist.; ; uncategorised; 6
Parthenium argentatum; Guayule; Height: 1m. Hardiness: 7-10. Light: full sun. Water preference: unknown moisture.; ; uncategorised; 7
Passiflora actinia; Passion Flower; Height: 10m, growing fast. Hardiness: 8-11. Light: full sun. Water preference: moist.; ; Food forest; 8
Passiflora antioquiensis; Banana Passionfruit; Height: 5m, growing fast. Hardiness: 10-12. Light: semi-shade or full sun. Water preference: moist.; ; Food forest; 10
Passiflora caerulea; Passion Flower; Height: 10m, growing fast. Hardiness: 9-11. Light: full sun. Water preference: moist.; Bluecrown passionflower, Blue Passion Flower; Food forest; 9
Passiflora edulis; Passion Flower; Height: 9m, growing fast. Hardiness: 9-12. Light: full sun. Water preference: moist.; Purple granadilla; Food forest; 9
Passiflora incarnata; Maypops - Passion Flower; Height: 6m, growing fast. Hardiness: 7-11. Light: full sun. Water preference: moist.; Purple passionflower, Apricot Vine, Maypop, Wild Passion Flower, Purple Pa; Food forest; 7
Passiflora ligularis; Sweet Grenadilla; Height: 5m, growing fast. Hardiness: 9-12. Light: semi-shade or full sun. Water preference: moist.; Passion Flower; Food forest; 9
Passiflora membranacea; Passion Flower; Height: 5m, growing fast. Hardiness: 8-11. Light: full sun. Water preference: moist.; ; Food forest; 8
Passiflora mollisima; Banana Passion Fruit; Height: 5m, growing fast. Hardiness: 5-9. Light: full sun. Water preference: moist.; ; Food forest; 5
Passiflora quadrangularis; Giant Granadilla; Height: 15m, growing fast. Hardiness: 10-12. Light: semi-shade or full sun. Water preference: moist.; Badea; Food forest; 10
Passiflora umbilicata; Passion Flower; Height: 5m, growing fast. Hardiness: 8-11. Light: full sun. Water preference: moist.; ; uncategorised; 8
Passiflora x colvillii; Passion Flower; Height: 10m, growing fast. Hardiness: 6-9. Light: full sun. Water preference: moist.; ; uncategorised; 6
Passiflora x exoniensis; Passion Flower; Height: 5m, growing fast. Hardiness: 9-11. Light: full sun. Water preference: moist.; ; Food forest; 9
Paullinia cupana; Guarana; Height: 10m, growing at a medium rate. Hardiness: 10-12. Light: semi-shade or full sun. Water preference: moist.; ; Food forest; 10
Paulownia tomentosa; Foxglove Tree; Height: 15m, growing fast. Hardiness: 6-9. Light: full sun. Water preference: moist.; Princesstree, Empress Tree, Royal Paulownia,; uncategorised; 6
Pelargonium capitatum; Rose-Scented Geranium; Height: 0.6m. Hardiness: 8-11. Light: full sun. Water preference: dry - moist.; ; uncategorised; 8
Pelargonium crispum; Lemon Geranium; Height: 0.7m. Hardiness: 8-11. Light: semi-shade or full sun. Water preference: dry - moist.; ; uncategorised; 8
Pelargonium exstipulatum; Pennyroyal Geranium; Height: 1m. Hardiness: 8-11. Light: full sun. Water preference: dry - moist.; ; uncategorised; 8
Pelargonium fragrans; Nutmeg Geranium; Height: 0.3m. Hardiness: 8-11. Light: full sun. Water preference: dry - moist.; ; uncategorised; 8
Pelargonium fulgidum; ; Height: 0.7m. Hardiness: 8-11. Light: full sun. Water preference: dry - moist.; ; uncategorised; 8
Pelargonium glutinosum; Pheasant's Foot Geranium; Height: 1.5m. Hardiness: 8-11. Light: full sun. Water preference: dry - moist.; ; uncategorised; 8
Pelargonium graveolens; Rose Geranium; Height: 1.2m, growing at a medium rate. Hardiness: 10-11. Light: full sun. Water preference: dry - moist.; Sweet scented geranium; uncategorised; 10
Pelargonium peltatum; Ivy-Leaved Geranium; Height: 1.5m, growing at a medium rate. Hardiness: 9-10. Light: full sun. Water preference: dry - moist.; Hanging Geranium, Ivy Geranium; uncategorised; 9
Pelargonium quercifolium; Oak-Leaved Geranium; Height: 1.5m. Hardiness: 8-11. Light: full sun. Water preference: dry - moist.; ; uncategorised; 8
Pelargonium radens; Rasp-leaf pelargonium; Height: 1m. Hardiness: 8-11. Light: full sun. Water preference: dry - moist.; ; uncategorised; 8
Pelargonium tomentosum; Peppermint Geranium; Height: 0.5m. Hardiness: 8-11. Light: semi-shade. Water preference: dry - moist.; ; uncategorised; 8
Pelargonium vitifolium; Grapeleaf geranium; Height: 1m. Hardiness: 8-11. Light: full sun. Water preference: dry - moist.; ; uncategorised; 8
Peltogyne paniculata; Purpleheart; Height: 30m, growing at a medium rate. Hardiness: 10-12. Light: full sun. Water preference: dry - moist.; pau-roxo, amaranttrad; uncategorised; 10
Pentachondra pumila; ; Height: 0.1m. Hardiness: 7-10. Light: full sun. Water preference: moist.; ; uncategorised; 7
Peraphyllum ramosissimum; Squaw Apple; Height: 1.8m. Hardiness: 4-8. Light: full sun. Water preference: dry - moist.; Wild crab apple; uncategorised; 4
Periploca graeca; Silk Vine; Height: 9m. Hardiness: 5-9. Light: full sun. Water preference: moist.; ; uncategorised; 5
Persea borbonia; Red Bay; Height: 15m, growing at a medium rate. Hardiness: 7-11. Light: full sun. Water preference: moist.; Sweetbay; uncategorised; 7
Persea duthiei; ; Height: 0m. Hardiness: 8-11. Light: semi-shade or full sun. Water preference: moist.; ; uncategorised; 8
Persoonia chamaepeuce; Dwarf Geebung; Height: 0.3m. Hardiness: 8-11. Light: full sun. Water preference: dry - moist.; ; uncategorised; 8
Persoonia levis; Broad-Leaved Geebong; Height: 5m. Hardiness: 8-11. Light: full sun. Water preference: dry - moist.; ; uncategorised; 8
Persoonia linearis; ; Height: 5m. Hardiness: 8-11. Light: full sun. Water preference: dry - moist.; ; uncategorised; 8
Persoonia pinifolia; Pin-Leaf Geebung; Height: 3.5m. Hardiness: 8-11. Light: full sun. Water preference: dry - moist.; ; uncategorised; 8
Phellodendron amurense; Amur Cork Tree; Height: 12m, growing at a medium rate. Hardiness: 3-8. Light: full sun. Water preference: moist.; Chinese Corktree; uncategorised; 3
Phellodendron amurense sachalinense; ; Height: 12m. Hardiness: 3-7. Light: full sun. Water preference: moist.; ; uncategorised; 3
Phellodendron chinense; Chinese Cork Tree; Height: 10m. Hardiness: 4-8. Light: full sun. Water preference: moist.; ; uncategorised; 4
Phellodendron lavallei; Lavalle corktree; Height: 10m. Hardiness: 5-9. Light: full sun. Water preference: moist.; ; uncategorised; 5
Philadelphus coronarius; Mock Orange; Height: 4m, growing fast. Hardiness: 4-8. Light: semi-shade or full sun. Water preference: moist.; Sweet mock orange; uncategorised; 4
Philadelphus delavayi; ; Height: 4m. Hardiness: 5-9. Light: semi-shade or full sun. Water preference: moist.; ; uncategorised; 5
Philadelphus lewisii; Mock Orange; Height: 3.6m. Hardiness: 4-8. Light: semi-shade or full sun. Water preference: moist.; Lewis' mock orange; uncategorised; 4
Philadelphus microphyllus; Littleleaf Mock Orange; Height: 1.2m. Hardiness: 5-9. Light: semi-shade or full sun. Water preference: dry - moist.; ; uncategorised; 5
Philadelphus pubescens; Hoary mock orange; Height: 5m. Hardiness: 5-9. Light: semi-shade or full sun. Water preference: moist.; ; uncategorised; 5
Philadelphus purpurascens; ; Height: 4m. Hardiness: 5-9. Light: semi-shade or full sun. Water preference: dry - moist.; ; uncategorised; 5
Philadelphus x virginalis; Mock Orange; Height: 3m, growing at a medium rate. Hardiness: 5-8. Light: semi-shade or full sun. Water preference: moist.; ; uncategorised; 5
Phillyrea latifolia; ; Height: 8m, growing slowly. Hardiness: 6-9. Light: semi-shade or full sun. Water preference: dry - moist.; ; uncategorised; 6
Phlomis fruticosa; Jerusalem Sage; Height: 1.3m, growing at a medium rate. Hardiness: 4-7. Light: full sun. Water preference: dry - moist.; Shrubby Jerusalem sage; uncategorised; 4
Phlomis lychnitis; Lamwick Plant; Height: 0.5m. Hardiness: 7-10. Light: full sun. Water preference: dry - moist.; ; uncategorised; 7
Phoenix canariensis; Canary Island Date Palm; Height: 12m, growing slowly. Hardiness: 8-11. Light: full sun. Water preference: dry - moist.; ; Food forest; 8
Phoenix reclinata; Senegal Date Palm; Height: 6m, growing at a medium rate. Hardiness: 9-11. Light: full sun. Water preference: dry - moist.; ; uncategorised; 9
Phoenix sylvestris; Wild Date Plum; Height: 15m, growing slowly. Hardiness: 9-11. Light: semi-shade or full sun. Water preference: moist.; India Date Palm; uncategorised; 9
Phoradendron leucarpum; False Mistletoe; Height: 1m, growing slowly. Hardiness: 5-9. Light: semi-shade or full sun. Water preference: moist.; Oak mistletoe; uncategorised; 5
Photinia arbutifolia; Christmas Berry; Height: 6m. Hardiness: 8-11. Light: semi-shade or full sun. Water preference: dry - moist.; ; uncategorised; 8
Photinia bodinieri; ; Height: 15m. Hardiness: 8-11. Light: semi-shade or full sun. Water preference: moist.; ; uncategorised; 8
Photinia parvifolia; ; Height: 3m. Hardiness: 5-9. Light: semi-shade or full sun. Water preference: moist.; ; uncategorised; 5
Photinia serratifolia; Taiwanese photinia; Height: 8m, growing at a medium rate. Hardiness: 6-10. Light: semi-shade or full sun. Water preference: moist.; Chinese Photinia; uncategorised; 6
Photinia villosa; Oriental photinia; Height: 5m. Hardiness: 4-8. Light: semi-shade or full sun. Water preference: moist.; ; uncategorised; 4
Photinia x fraseri; Red Tip Photinia; Height: 3m, growing at a medium rate. Hardiness: 7-9. Light: semi-shade or full sun. Water preference: dry - moist.; Fraser Photinia; uncategorised; 7
Phyllocladus alpinus; Alpine Celery Pine; Height: 9m, growing slowly. Hardiness: 7-10. Light: semi-shade or full sun. Water preference: moist.; ; uncategorised; 7
Phyllocladus aspleniifolius; Celery Top Pine; Height: 10m, growing slowly. Hardiness: 8-11. Light: semi-shade or full sun. Water preference: moist.; ; uncategorised; 8
Phyllocladus trichomanoides; Tanekaha; Height: 8m, growing slowly. Hardiness: 8-11. Light: semi-shade or full sun. Water preference: moist.; Celery pine; uncategorised; 8
Phyllostachys angusta; Stone Bamboo; Height: 5m, growing at a medium rate. Hardiness: 7-10. Light: semi-shade or full sun. Water preference: moist.; ; Food forest; 7
Phyllostachys arcana; Half-Black Bamboo; Height: 6m. Hardiness: 7-10. Light: semi-shade or full sun. Water preference: moist.; ; Food forest; 7
Phyllostachys aurea; Golden Bamboo; Height: 6m, growing fast. Hardiness: 6-11. Light: semi-shade. Water preference: moist.; Fishpole Bamboo; Food forest; 6
Phyllostachys aureosulcata; Yellow-Groove Bamboo; Height: 6m. Hardiness: 5-11. Light: semi-shade or full sun. Water preference: moist.; ; Food forest; 5
Phyllostachys bambusoides; Madake; Height: 8m. Hardiness: 6-9. Light: semi-shade. Water preference: moist.; Japanese timber bamboo; Food forest; 6
Phyllostachys bissetii; ; Height: 5m. Hardiness: 4-8. Light: semi-shade or full sun. Water preference: moist.; ; uncategorised; 4
Phyllostachys dulcis; Sweetshoot Bamboo; Height: 7m, growing fast. Hardiness: 7-10. Light: semi-shade or full sun. Water preference: moist.; ; Food forest; 7
Phyllostachys edulis; Moso-Chiku; Height: 8m. Hardiness: 6-10. Light: semi-shade. Water preference: moist.; Tortoise shell bamboo; Food forest; 6
Phyllostachys glauca; ; Height: 5m. Hardiness: 0-0. Light: full shade or semi-shade or full sun. Water preference: moist.; ; Food forest; 0
Phyllostachys makinoi; Kei-Chiku; Height: 6m. Hardiness: 7-10. Light: semi-shade or full sun. Water preference: moist.; Makino bamboo; Food forest; 7
Phyllostachys meyeri; Meyer Bamboo; Height: 5m, growing fast. Hardiness: 7-10. Light: semi-shade or full sun. Water preference: moist.; ; uncategorised; 7
Phyllostachys nidularia; Big-Node Bamboo; Height: 6m. Hardiness: 6-9. Light: semi-shade or full sun. Water preference: moist.; Broom bamboo; Food forest; 6
Phyllostachys nigra henonis; Ha-Chiku; Height: 6m. Hardiness: 6-9. Light: semi-shade. Water preference: moist.; ; Food forest; 6
Phyllostachys nigra punctata; Kurodake; Height: 6m. Hardiness: 6-9. Light: semi-shade. Water preference: moist.; ; Food forest; 6
Phyllostachys nuda; Nude Sheath Bamboo; Height: 5m. Hardiness: 7-10. Light: semi-shade or full sun. Water preference: moist.; ; Food forest; 7
Phyllostachys praecox; Violet Bamboo; Height: 6m. Hardiness: 6-10. Light: full shade or semi-shade or full sun. Water preference: moist.; ; Food forest; 6
Phyllostachys propinqua; ; Height: 6m. Hardiness: 7-10. Light: full shade or semi-shade or full sun. Water preference: moist.; ; Food forest; 7
Phyllostachys rubromarginata; Reddish bamboo; Height: 8m, growing fast. Hardiness: 7-10. Light: semi-shade or full sun. Water preference: moist.; ; Food forest; 7
Phyllostachys sulphurea; Ougon-Kouchiku; Height: 6m. Hardiness: 6-9. Light: semi-shade or full sun. Water preference: dry - moist.; Sulphur bamboo; uncategorised; 6
Phyllostachys sulphurea viridis; Kou-Chiku; Height: 4m. Hardiness: 6-9. Light: semi-shade or full sun. Water preference: dry - moist.; ; Food forest; 6
Phyllostachys viridiglaucescens; Greenwax golden bamboo; Height: 6m. Hardiness: 6-9. Light: semi-shade. Water preference: moist.; ; Food forest; 6
Phyllostachys vivax; Giant Timber Bamboo; Height: 10m, growing fast. Hardiness: 7-10. Light: semi-shade. Water preference: moist.; Running giant bamboo; Food forest; 7
Physocarpus opulifolius; Ninebark; Height: 3m, growing at a medium rate. Hardiness: 3-7. Light: full sun. Water preference: moist.; Common ninebark, Atlantic ninebark, Ninebark; uncategorised; 3
Phytelephas aequatorialis; Vegetable ivory; Height: 12m, growing at a medium rate. Hardiness: 10-12. Light: semi-shade or full sun. Water preference: moist.; Corozo, Ivory palm; uncategorised; 10
Phytolacca dioica; Bella Sombra; Height: 4m. Hardiness: 8-11. Light: semi-shade or full sun. Water preference: moist.; ; uncategorised; 8
Phytolacca dodecandra; Endod; Height: 4m, growing at a medium rate. Hardiness: 10-12. Light: full shade or semi-shade or full sun. Water preference: dry - moist.; Pokeberry; uncategorised; 10
Picea abies; Norway Spruce; Height: 30m, growing fast. Hardiness: 2-7. Light: full sun. Water preference: unknown moisture.; ; uncategorised; 2
Picea brachytyla; Sargent Spruce; Height: 40m, growing fast. Hardiness: 7-10. Light: full sun. Water preference: moist.; ; uncategorised; 7
Picea breweriana; Weeping Spruce; Height: 15m, growing slowly. Hardiness: 5-9. Light: full sun. Water preference: moist.; Brewer spruce; uncategorised; 5
Picea engelmannii; Mountain Spruce; Height: 20m, growing at a medium rate. Hardiness: 3-7. Light: full sun. Water preference: unknown moisture.; Engelmann spruce; uncategorised; 3
Picea glauca; White Spruce; Height: 15m, growing fast. Hardiness: 2-6. Light: full sun. Water preference: unknown moisture.; Black Hills Spruce, Canadian Spruce; uncategorised; 2
Picea glehnii; Sakhalin Spruce; Height: 30m, growing fast. Hardiness: 4-7. Light: full sun. Water preference: unknown moisture.; ; uncategorised; 4
Picea mariana; Black Spruce; Height: 20m, growing slowly. Hardiness: 3-5. Light: full sun. Water preference: unknown moisture.; Swamp Spruce; uncategorised; 3
Picea omorika; Serbian Spruce; Height: 25m, growing fast. Hardiness: 4-7. Light: full sun. Water preference: unknown moisture.; ; uncategorised; 4
Picea orientalis; Caucasian Spruce; Height: 20m, growing fast. Hardiness: 4-7. Light: semi-shade or full sun. Water preference: moist.; ; uncategorised; 4
Picea pungens; Blue Spruce; Height: 20m, growing at a medium rate. Hardiness: 3-7. Light: full sun. Water preference: dry - moist.; Colorado Spruce; uncategorised; 3
Picea purpurea; Purple-Coned Spruce; Height: 45m, growing at a medium rate. Hardiness: 4-7. Light: full sun. Water preference: moist.; ; uncategorised; 4
Picea rubens; Red Spruce; Height: 30m, growing fast. Hardiness: 6-7. Light: full sun. Water preference: moist.; ; uncategorised; 6
Picea sitchensis; Sitka Spruce; Height: 50m, growing fast. Hardiness: 6-7. Light: full sun. Water preference: unknown moisture.; ; uncategorised; 6
Picea smithiana; Morinda Spruce; Height: 30m, growing slowly. Hardiness: 6-9. Light: full sun. Water preference: moist.; ; uncategorised; 6
Picrasma excelsa; Jamaican Quassia; Height: 20m, growing at a medium rate. Hardiness: 10-12. Light: full sun. Water preference: moist.; ; uncategorised; 10
Picrasma quassioides; Nigaki; Height: 10m. Hardiness: 5-9. Light: semi-shade or full sun. Water preference: moist.; ; uncategorised; 5
Pieris japonica; Lily Of The Valley Bush; Height: 4m, growing slowly. Hardiness: 4-7. Light: full shade or semi-shade or full sun. Water preference: moist.; Japanese pieris, Japanese Andromeda, Lily of the Valley Shrub, Japanese Pie; uncategorised; 4
Pimelea arenaria; ; Height: 0.2m. Hardiness: 8-11. Light: full sun. Water preference: dry - moist.; ; uncategorised; 8
Pimelea axiflora; ; Height: 3.5m. Hardiness: 8-11. Light: full sun. Water preference: dry - moist.; ; uncategorised; 8
Pimelea ligustrina; ; Height: 2.5m. Hardiness: 8-11. Light: full sun. Water preference: dry - moist.; ; uncategorised; 8
Pimelea microcephala; Mallee Riceflower; Height: 4.5m. Hardiness: 8-11. Light: full sun. Water preference: dry - moist.; ; uncategorised; 8
Pimelea pauciflora; Poison Pimelea; Height: 3m. Hardiness: 8-11. Light: full sun. Water preference: dry - moist.; ; uncategorised; 8
Pimelea prostrata; ; Height: 0.1m. Hardiness: 8-11. Light: full sun. Water preference: dry - moist.; ; uncategorised; 8
Pinckneya pubens; Bitter Bark; Height: 6m, growing at a medium rate. Hardiness: 8-9. Light: semi-shade. Water preference: moist.; Fevertree, Pinckneya; uncategorised; 8
Pinus albicaulis; White-Bark Pine; Height: 20m, growing slowly. Hardiness: 4-8. Light: full sun. Water preference: dry - moist.; ; Food forest; 4
Pinus aristata; Bristle-Cone Pine; Height: 12m, growing slowly. Hardiness: 3-10. Light: full sun. Water preference: dry - moist.; ; uncategorised; 3
Pinus armandii; Chinese White Pine; Height: 15m, growing at a medium rate. Hardiness: 6-9. Light: full sun. Water preference: dry - moist.; Armand pine; Food forest; 6
Pinus ayacahuite; Mexican White Pine; Height: 55m. Hardiness: 6-9. Light: full sun. Water preference: dry - moist.; ; uncategorised; 6
Pinus banksiana; Jack Pine; Height: 12m, growing fast. Hardiness: 2-7. Light: full sun. Water preference: dry - moist.; ; uncategorised; 2
Pinus brutia; Calabrian pine; Height: 30m, growing fast. Hardiness: 7-11. Light: full sun. Water preference: dry - moist.; Turkish pine; uncategorised; 7
Pinus bungeana; Lace-Bark Pine; Height: 10m, growing slowly. Hardiness: 4-7. Light: full sun. Water preference: dry - moist.; Bunge's pine; Food forest; 4
Pinus californiarum; ; Height: 10m. Hardiness: 8-11. Light: full sun. Water preference: dry - moist.; ; uncategorised; 8
Pinus caribaea; Caribbean Pine. Caribbean pitch pine; Height: 30m, growing fast. Hardiness: 10-12. Light: full sun. Water preference: dry - moist.; ; uncategorised; 10
Pinus cembra; Swiss Stone Pine; Height: 15m, growing slowly. Hardiness: 3-9. Light: semi-shade or full sun. Water preference: dry - moist.; Swiss Pine, Arolla Pine; Food forest; 3
Pinus cembra sibirica; Siberian Pine; Height: 30m, growing slowly. Hardiness: 1-6. Light: full sun. Water preference: dry - moist.; ; Food forest; 1
Pinus cembroides; Mexican Pine Nut; Height: 8m, growing slowly. Hardiness: 5-8. Light: full sun. Water preference: dry - moist.; Pinyon Pine; Food forest; 5
Pinus cembroides orizabensis; Mexican Pine Nut; Height: 15m, growing slowly. Hardiness: 7-10. Light: full sun. Water preference: dry - moist.; ; Food forest; 7
Pinus contorta; Beach Pine; Height: 15m, growing fast. Hardiness: 1-7. Light: full sun. Water preference: unknown moisture.; Lodgepole pine, Bolander beach pine, Beach pine, Sierra lodgepole pine, Yukon pine, Shor; Food forest; 1
Pinus contorta latifolia; Lodgepole Pine; Height: 15m, growing fast. Hardiness: 6-9. Light: full sun. Water preference: unknown moisture.; ; uncategorised; 6
Pinus coulteri; Big-Cone Pine; Height: 18m, growing at a medium rate. Hardiness: 8-10. Light: full sun. Water preference: dry - moist.; Coulter pine; Food forest; 8
Pinus culminicola; Cerro Potosi Pinyon; Height: 5m. Hardiness: 6-9. Light: full sun. Water preference: dry - moist.; ; uncategorised; 6
Pinus densiflora; Japanese Red Pine; Height: 15m, growing at a medium rate. Hardiness: 3-7. Light: full sun. Water preference: dry - moist.; ; uncategorised; 3
Pinus discolor; Border pinyon; Height: 15m. Hardiness: 7-10. Light: full sun. Water preference: dry - moist.; ; Food forest; 7
Pinus echinata; Short-Leaf Pine; Height: 35m, growing slowly. Hardiness: 6-8. Light: full sun. Water preference: dry - moist.; ; uncategorised; 6
Pinus edulis; Rocky Mountain Piñon; Height: 15m, growing slowly. Hardiness: 5-8. Light: full sun. Water preference: dry - moist.; Twoneedle pinyon, Nut Pine, Pinyon Pine, Rocky Mountain Pinyon Pine, Singlelea; Food forest; 5
Pinus elliottii; Slash Pine; Height: 25m, growing fast. Hardiness: 10-12. Light: full sun. Water preference: unknown moisture.; ; uncategorised; 10
Pinus flexilis; Limber Pine; Height: 25m, growing at a medium rate. Hardiness: 4-7. Light: full sun. Water preference: dry - moist.; Rocky Mountain White Pine; Food forest; 4
Pinus gerardiana; Chilghoza Pine; Height: 25m, growing slowly. Hardiness: 6-9. Light: full sun. Water preference: dry - moist.; ; Food forest; 6
Pinus halepensis; Aleppo Pine; Height: 15m, growing at a medium rate. Hardiness: 8-11. Light: full sun. Water preference: dry - moist.; ; uncategorised; 8
Pinus henryi; ; Height: 25m. Hardiness: 6-9. Light: full sun. Water preference: dry - moist.; ; uncategorised; 6
Pinus jeffreyi; Jeffrey Pine; Height: 25m, growing at a medium rate. Hardiness: 5-8. Light: full sun. Water preference: dry - moist.; ; Food forest; 5
Pinus johannis; Johann's pine; Height: 10m. Hardiness: 7-10. Light: full sun. Water preference: dry - moist.; ; Food forest; 7
Pinus koraiensis; Korean Nut Pine; Height: 20m, growing at a medium rate. Hardiness: 4-7. Light: full sun. Water preference: dry - moist.; Chinese pinenut; Food forest; 4
Pinus lambertiana; Sugar Pine; Height: 75m, growing fast. Hardiness: 6-9. Light: full sun. Water preference: dry - moist.; ; Food forest; 6
Pinus leiophylla; Smooth-Leaf Pine; Height: 30m. Hardiness: 8-11. Light: full sun. Water preference: dry - moist.; Chihuahuan pine; uncategorised; 8
Pinus massoniana; Chinese Red Pine; Height: 25m. Hardiness: 6-9. Light: full sun. Water preference: dry - moist.; ; uncategorised; 6
Pinus merkusii; Sumatran pine; Height: 50m, growing fast. Hardiness: 10-12. Light: full sun. Water preference: dry - moist.; Merkus Pine; uncategorised; 10
Pinus monophylla; Single Leaf Piñon; Height: 10m, growing slowly. Hardiness: 6-8. Light: full sun. Water preference: dry - moist.; Single Leaf PinyonPine, Stone Pine, Pine Pinyon; Food forest; 6
Pinus montezumae; Montezuma Pine; Height: 20m. Hardiness: 8-11. Light: full sun. Water preference: dry - moist.; ; uncategorised; 8
Pinus monticola; Western White Pine; Height: 60m, growing fast. Hardiness: 4-8. Light: full sun. Water preference: dry - moist.; ; uncategorised; 4
Pinus mugo; Dwarf Mountain Pine; Height: 4.5m, growing slowly. Hardiness: 2-7. Light: full sun. Water preference: dry - moist.; Mugo pine, Mountain Pine; uncategorised; 2
Pinus muricata; Bishop's Pine; Height: 20m, growing fast. Hardiness: 7-10. Light: full sun. Water preference: dry - moist.; ; uncategorised; 7
Pinus nelsonii; ; Height: 9m. Hardiness: 7-10. Light: full sun. Water preference: dry - moist.; ; uncategorised; 7
Pinus nigra; Austrian Pine; Height: 30m, growing fast. Hardiness: 3-7. Light: full sun. Water preference: dry - moist.; Black Pine; uncategorised; 3
Pinus nigra laricio; Corsican Pine; Height: 30m, growing fast. Hardiness: 5-9. Light: full sun. Water preference: dry - moist.; ; uncategorised; 5
Pinus oocarpa; Oocarpa Pine; Height: 20m, growing fast. Hardiness: 10-12. Light: full sun. Water preference: dry - moist.; Pino amarillo; uncategorised; 10
Pinus palustris; Pitch Pine; Height: 30m, growing slowly. Hardiness: 7-10. Light: full sun. Water preference: dry - moist.; Longleaf pine, Southern Pine; uncategorised; 7
Pinus parviflora; Japanese White Pine; Height: 15m, growing at a medium rate. Hardiness: 4-7. Light: full sun. Water preference: dry - moist.; Five-needle pine; Food forest; 4
Pinus patula; Mexican Weeping Pine; Height: 50m. Hardiness: 7-10. Light: full sun. Water preference: dry - moist.; ; uncategorised; 7
Pinus pinaster; Maritime Pine; Height: 20m, growing fast. Hardiness: 7-10. Light: full sun. Water preference: dry - moist.; ; uncategorised; 7
Pinus pinea; Italian Stone Pine; Height: 10m, growing at a medium rate. Hardiness: 7-11. Light: full sun. Water preference: dry - moist.; Umbrella Pine, Stone Pine; Food forest; 7
Pinus ponderosa; Ponderosa Pine; Height: 25m, growing at a medium rate. Hardiness: 4-8. Light: full sun. Water preference: dry - moist.; Washoe pine; Food forest; 4
Pinus pumila; Dwarf Siberian Pine; Height: 3m, growing slowly. Hardiness: 3-7. Light: full sun. Water preference: dry - moist.; ; Food forest; 3
Pinus pungens; Prickle Pine; Height: 15m, growing slowly. Hardiness: 5-9. Light: full sun. Water preference: dry - moist.; Table Mountain pine; uncategorised; 5
Pinus quadrifolia; Parry Piñon; Height: 15m, growing slowly. Hardiness: 5-8. Light: full sun. Water preference: dry - moist.; Parry's Pinyon Pine, Four-leaved Pinyon; Food forest; 5
Pinus radiata; Monterey Pine; Height: 65m, growing fast. Hardiness: 3-11. Light: full sun. Water preference: dry - moist.; ; uncategorised; 3
Pinus remota; Paper-Shell Piñon; Height: 7m. Hardiness: 7-10. Light: full sun. Water preference: dry - moist.; ; Food forest; 7
Pinus resinosa; Red Pine; Height: 35m, growing at a medium rate. Hardiness: 3-7. Light: full sun. Water preference: dry - moist.; ; uncategorised; 3
Pinus rigida; Northern Pitch Pine; Height: 15m, growing at a medium rate. Hardiness: 4-7. Light: full sun. Water preference: dry - moist.; Pitch pine; uncategorised; 4
Pinus roxburghii; Chir Pine; Height: 40m. Hardiness: 8-11. Light: full sun. Water preference: dry - moist.; ; uncategorised; 8
Pinus sabiniana; Digger Pine; Height: 25m, growing fast. Hardiness: 8-10. Light: full sun. Water preference: dry - moist.; California foothill pine, Bull Pine, Gray Pine, Digger Pine; Food forest; 8
Pinus serotina; Pond Pine; Height: 30m, growing at a medium rate. Hardiness: 7-9. Light: full sun. Water preference: dry - moist.; ; uncategorised; 7
Pinus strobiformis; Southwestern White Pine; Height: 25m, growing at a medium rate. Hardiness: 7-10. Light: full sun. Water preference: dry - moist.; ; uncategorised; 7
Pinus sylvestris; Scot's Pine; Height: 25m, growing fast. Hardiness: 3-7. Light: semi-shade or full sun. Water preference: unknown moisture.; Scotch Pine; uncategorised; 3
Pinus tabuliformis; Chinese Red Pine; Height: 20m, growing at a medium rate. Hardiness: 6-8. Light: full sun. Water preference: dry - moist.; Southern Chinese pine; uncategorised; 6
Pinus taeda; Loblolly Pine; Height: 40m, growing at a medium rate. Hardiness: 6-9. Light: full sun. Water preference: dry - moist.; ; uncategorised; 6
Pinus teocote; Twisted Leaf Pine; Height: 30m. Hardiness: 7-10. Light: full sun. Water preference: dry - moist.; ; uncategorised; 7
Pinus thunbergii; Japanese Black Pine; Height: 15m, growing at a medium rate. Hardiness: 6-9. Light: full sun. Water preference: dry - moist.; ; uncategorised; 6
Pinus torreyana; Soledad Pine; Height: 20m, growing fast. Hardiness: 8-11. Light: full sun. Water preference: dry - moist.; Torrey pine, Santa Cruz Island Torrey pine, Soledad pine, Torrey pine; Food forest; 8
Pinus veitchii; ; Height: 25m, growing at a medium rate. Hardiness: 7-10. Light: full sun. Water preference: dry - moist.; ; Food forest; 7
Pinus virginiana; Scrub Pine; Height: 15m, growing at a medium rate. Hardiness: 5-8. Light: full sun. Water preference: dry - moist.; Virginia pine, Jersey Pine,; uncategorised; 5
Pinus wallichiana; Himalayan Blue Pine; Height: 25m, growing fast. Hardiness: 5-7. Light: full sun. Water preference: dry - moist.; Bhutan pine, Himalayan Pine; uncategorised; 5
Piper nigrum; Black Pepper; Height: 6m, growing fast. Hardiness: 10-12. Light: semi-shade. Water preference: moist.; ; Food forest; 10
Piptadenia stipulacea; Piptadenia bearing stipules; Height: 4m, growing fast. Hardiness: 10-12. Light: full sun. Water preference: dry - moist.; ; uncategorised; 10
Pistacia atlantica; Betoum; Height: 20m, growing slowly. Hardiness: 6-9. Light: full sun. Water preference: dry - moist.; Mt. Atlas mastic tree, Mount Atlas Mastic; uncategorised; 6
Pistacia chinensis; Chinese Pistache; Height: 9m, growing slowly. Hardiness: 6-9. Light: full sun. Water preference: dry - moist.; Chinese Pistachio; uncategorised; 6
Pistacia terebinthus; Terebinth; Height: 9m, growing slowly. Hardiness: 8-11. Light: full sun. Water preference: dry - moist.; Cyprus turpentine; uncategorised; 8
Pistacia vera; Pistachio; Height: 10m, growing at a medium rate. Hardiness: 7-10. Light: full sun. Water preference: dry - moist.; Pistachio Nut; Food forest; 7
Pittosporum bicolor; Banyalla; Height: 5m. Hardiness: 8-11. Light: semi-shade or full sun. Water preference: dry - moist.; ; uncategorised; 8
Pittosporum crassifolium; Karo; Height: 5m. Hardiness: 8-11. Light: semi-shade or full sun. Water preference: dry - moist.; Stiffleaf cheesewood; uncategorised; 8
Pittosporum eugenioides; Tarata; Height: 10m. Hardiness: 8-11. Light: semi-shade or full sun. Water preference: dry - moist.; ; uncategorised; 8
Pittosporum phillyreoides; Weeping Pittosporum; Height: 4.5m, growing slowly. Hardiness: 9-11. Light: full sun. Water preference: dry - moist.; Narrow-leaf Pittosporum; uncategorised; 9
Pittosporum ralphii; Ralph's desertwillow; Height: 4m. Hardiness: 8-11. Light: full sun. Water preference: dry - moist.; ; uncategorised; 8
Pittosporum resiniferum; Petroleum nut; Height: 25m, growing at a medium rate. Hardiness: 10-12. Light: full sun. Water preference: moist.; ; uncategorised; 10
Pittosporum tenuifolium; Tawhiwhi; Height: 7m, growing at a medium rate. Hardiness: 7-10. Light: semi-shade or full sun. Water preference: dry - moist.; ; uncategorised; 7
Pittosporum tobira; Tobira; Height: 6m, growing fast. Hardiness: 8-11. Light: semi-shade or full sun. Water preference: dry - moist.; Japanese cheesewood, Australian Laurel, Mock Orange, Japanese Pittosporum; uncategorised; 8
Pittosporum undulatum; Cheesewood; Height: 12m, growing fast. Hardiness: 9-11. Light: semi-shade or full sun. Water preference: dry - moist.; Australian cheesewood, Cheesewood, Pittosporum, Orange Berry Pittosporum, Victorian Box; uncategorised; 9
Pityrocarpa moniliformis; Necklace Pityrocarpa; Height: 7m, growing fast. Hardiness: 10-12. Light: full sun. Water preference: unknown moisture.; ; uncategorised; 10
Plagianthus regius; ; Height: 18m. Hardiness: 7-10. Light: full sun. Water preference: moist.; ; uncategorised; 7
Platanus occidentalis; Buttonwood; Height: 30m, growing fast. Hardiness: 4-9. Light: full sun. Water preference: unknown moisture.; American sycamore, American Planetree, Sycamore, American Sycamore; uncategorised; 4
Platanus orientalis; Oriental Plane; Height: 30m, growing fast. Hardiness: 6-9. Light: full sun. Water preference: moist.; Oriental planetree; uncategorised; 6
Platycrater arguta; ; Height: 1m. Hardiness: 7-10. Light: semi-shade. Water preference: moist.; ; uncategorised; 7
Platymiscium trinitatis; Macacauba; Height: 22m, growing at a medium rate. Hardiness: 10-12. Light: full sun. Water preference: moist.; Macawood, Hormigo, Orange Agate; uncategorised; 10
Platymiscium ulei; Macacauba; Height: 25m, growing at a medium rate. Hardiness: 10-12. Light: full sun. Water preference: moist.; Macawood, Hormigo, Orange Agate; uncategorised; 10
Pleioblastus maculatus; ; Height: 4m. Hardiness: 6-9. Light: semi-shade. Water preference: moist.; ; uncategorised; 6
Pleioblastus pygmaeus distichus; Pigmy Bamboo; Height: 0.8m, growing fast. Hardiness: 7-10. Light: semi-shade or full sun. Water preference: moist.; Dwarf Fern Leaf Bamboo; uncategorised; 7
Podocarpus alpinus; Tasmanian Podocarp; Height: 2m, growing slowly. Hardiness: 6-9. Light: semi-shade or full sun. Water preference: moist.; ; uncategorised; 6
Podocarpus elatus; Australian Plum; Height: 30m. Hardiness: 9-11. Light: semi-shade or full sun. Water preference: moist.; ; uncategorised; 9
Podocarpus lawrencei; ; Height: 10m. Hardiness: 6-9. Light: semi-shade or full sun. Water preference: moist.; ; uncategorised; 6
Podocarpus macrophyllus; Kusamaki; Height: 10m, growing slowly. Hardiness: 8-11. Light: semi-shade or full sun. Water preference: moist.; Yew plum pine, Buddhist Pine, Chinese Podocarpus, Chinese Yew Pine, Japanese Yew, Souther; uncategorised; 8
Podocarpus nivalis; Alpine Totara; Height: 3m, growing at a medium rate. Hardiness: 7-11. Light: semi-shade or full sun. Water preference: moist.; ; Food forest; 7
Podocarpus nubigenus; Chilean Podocarp; Height: 20m, growing slowly. Hardiness: 6-9. Light: semi-shade or full sun. Water preference: moist.; ; uncategorised; 6
Podocarpus salignus; Willowleaf Podocarp; Height: 12m, growing slowly. Hardiness: 7-10. Light: semi-shade or full sun. Water preference: moist.; ; uncategorised; 7
Podocarpus totara; Totara; Height: 30m, growing slowly. Hardiness: 8-11. Light: semi-shade or full sun. Water preference: moist.; ; Food forest; 8
Polyscias sambucifolia; Elderberry Panax; Height: 4.5m, growing at a medium rate. Hardiness: 8-11. Light: semi-shade or full sun. Water preference: moist.; ; uncategorised; 8
Populus alba; White Poplar; Height: 20m, growing fast. Hardiness: 3-9. Light: full sun. Water preference: dry - moist.; ; uncategorised; 3
Populus angustifolia; Narrowleaf Cottonwood; Height: 30m, growing fast. Hardiness: 3-7. Light: full sun. Water preference: moist.; ; uncategorised; 3
Populus 'Balsam Spire'; Tacatricho 32; Height: 30m, growing fast. Hardiness: 4-8. Light: full sun. Water preference: moist.; ; uncategorised; 4
Populus balsamifera; Balsam Poplar; Height: 30m, growing fast. Hardiness: 0-0. Light: full sun. Water preference: moist.; Black cottonwood; uncategorised; 0
Populus ciliata; Himalayan Poplar; Height: 20m, growing fast. Hardiness: 0-0. Light: full sun. Water preference: moist.; ; uncategorised; 0
Populus deltoides; Eastern Cottonwood; Height: 30m, growing fast. Hardiness: 3-9. Light: full sun. Water preference: moist.; Plains cottonwood, Rio Grande cottonwood, Necklace Poplar; uncategorised; 3
Populus deltoides monilifera; Plains Cottonwood; Height: 30m, growing fast. Hardiness: 0-0. Light: full sun. Water preference: moist.; ; uncategorised; 0
Populus deltoides wislizenii; Rio Grande Cottonwood; Height: 30m, growing fast. Hardiness: 0-0. Light: full sun. Water preference: moist.; ; uncategorised; 0
Populus euphratica; ; Height: 15m, growing fast. Hardiness: 0-0. Light: full sun. Water preference: unknown moisture.; ; uncategorised; 0
Populus fremontii; Cottonwood; Height: 25m, growing fast. Hardiness: 2-9. Light: full sun. Water preference: dry - moist.; Fremont cottonwood, Fremont Poplar, Western Cottonwood; uncategorised; 2
Populus grandidentata; Canadian Aspen; Height: 20m, growing fast. Hardiness: 2-5. Light: full sun. Water preference: moist.; Bigtooth aspen; uncategorised; 2
Populus heterophylla; Swamp Cottonwood; Height: 25m, growing fast. Hardiness: 0-0. Light: full sun. Water preference: moist.; ; uncategorised; 0
Populus maximowiczii; Doronoki; Height: 30m, growing fast. Hardiness: 4-8. Light: full sun. Water preference: moist.; Japanese poplar; uncategorised; 4
Populus nigra; Black Poplar; Height: 30m, growing fast. Hardiness: 3-9. Light: full sun. Water preference: moist.; Lombardy poplar; uncategorised; 3
Populus pseudosimonii; ; Height: 20m. Hardiness: 0-0. Light: full sun. Water preference: moist.; ; uncategorised; 0
Populus sieboldii; Japanese Aspen; Height: 20m, growing fast. Hardiness: 4-8. Light: full sun. Water preference: moist.; ; uncategorised; 4
Populus simonii; Simon poplar; Height: 30m, growing fast. Hardiness: 2-5. Light: full sun. Water preference: moist.; Chinese Poplar; uncategorised; 2
Populus tremula; Aspen Poplar; Height: 18m, growing fast. Hardiness: 2-5. Light: semi-shade or full sun. Water preference: unknown moisture.; European aspen, Aspen; uncategorised; 2
Populus tremuloides; American Aspen - Poplar; Height: 20m, growing fast. Hardiness: 2-5. Light: full sun. Water preference: dry - moist.; Quaking aspen; uncategorised; 2
Populus trichocarpa; Western Balsam Poplar; Height: 40m, growing fast. Hardiness: 4-8. Light: full sun. Water preference: moist.; Black cottonwood; uncategorised; 4
Populus x canadensis; Canadian Poplar; Height: 40m, growing fast. Hardiness: 4-9. Light: full sun. Water preference: moist.; Carolina Poplar; uncategorised; 4
Populus x canescens; Grey Poplar; Height: 30m, growing fast. Hardiness: 4-9. Light: full sun. Water preference: moist.; ; uncategorised; 4
Populus x jackii; Balm Of Gilead; Height: 30m, growing fast. Hardiness: 0-0. Light: full sun. Water preference: moist.; ; uncategorised; 0
Poraqueiba sericea; Umari; Height: 20m, growing fast. Hardiness: 10-12. Light: semi-shade or full sun. Water preference: dry - moist.; ; Food forest; 10
Pourouma cecropiifolia; Amazon Grape; Height: 15m, growing fast. Hardiness: 10-12. Light: semi-shade or full sun. Water preference: moist.; ; Food forest; 10
Prinsepia sinensis; Cherry prinsepia; Height: 1.8m, growing at a medium rate. Hardiness: 4-8. Light: semi-shade or full sun. Water preference: moist.; ; uncategorised; 4
Prinsepia uniflora; Rui Ren; Height: 1.8m. Hardiness: 4-8. Light: semi-shade or full sun. Water preference: moist.; ; uncategorised; 4
Prinsepia utilis; Cherry prinsepia; Height: 3.5m. Hardiness: 6-9. Light: semi-shade or full sun. Water preference: moist.; ; Food forest; 6
Prosopis alba; White carob tree; Height: 10m, growing at a medium rate. Hardiness: 10-12. Light: full sun. Water preference: dry - moist.; Algarrobo blanco; Food forest; 10
Prosopis glandulosa; Honeypod mesquite. Glandular mesquite; Height: 7m, growing fast. Hardiness: 8-11. Light: full sun. Water preference: moist.; ; Food forest; 8
Prostanthera rotundifolia; Mint Bush; Height: 4.5m. Hardiness: 8-11. Light: full sun. Water preference: moist.; ; uncategorised; 8
Protea cynaroides; King Protea; Height: 2m. Hardiness: 8-11. Light: full sun. Water preference: dry - moist.; ; uncategorised; 8
Protea mellifera; Sugar Bush; Height: 2.5m. Hardiness: 8-11. Light: full sun. Water preference: dry - moist.; ; uncategorised; 8
Protea repens; Sugar Bush; Height: 2.5m. Hardiness: 8-11. Light: full sun. Water preference: dry - moist.; ; uncategorised; 8
Prumnopitys andina; Plum-Fruited Yew; Height: 15m, growing slowly. Hardiness: 7-10. Light: semi-shade or full sun. Water preference: moist.; ; Food forest; 7
Prumnopitys ferruginea; Miro; Height: 25m, growing slowly. Hardiness: 8-11. Light: semi-shade or full sun. Water preference: moist.; ; uncategorised; 8
Prunus africana; Pygeum; Height: 18m, growing fast. Hardiness: 10-12. Light: full sun. Water preference: moist.; ; uncategorised; 10
Prunus alleghaniensis; Allegheny Plum; Height: 3.5m, growing fast. Hardiness: 4-8. Light: semi-shade or full sun. Water preference: moist.; Davis' plum; Food forest; 4
Prunus americana; American Plum; Height: 6m, growing at a medium rate. Hardiness: 3-8. Light: semi-shade or full sun. Water preference: moist.; American Wild Plum, Wild Plum; Food forest; 3
Prunus americana lanata; ; Height: 10m. Hardiness: 3-7. Light: semi-shade or full sun. Water preference: moist.; ; Food forest; 3
Prunus angustifolia; Chickasaw Plum; Height: 3m, growing at a medium rate. Hardiness: 5-9. Light: semi-shade or full sun. Water preference: moist.; Watson's plum, Hally Jolivette Cherry; Food forest; 5
Prunus angustifolia watsonii; Sand Plum; Height: 3m. Hardiness: 5-9. Light: semi-shade or full sun. Water preference: moist.; ; Food forest; 5
Prunus armeniaca mandschurica; Manchurian apricot; Height: 6m, growing at a medium rate. Hardiness: 3-9. Light: semi-shade or full sun. Water preference: moist.; ; Food forest; 3
Prunus besseyi; Western Sand Cherry; Height: 1.2m, growing at a medium rate. Hardiness: 3-6. Light: semi-shade or full sun. Water preference: moist.; ; Food forest; 3
Prunus brigantina; Briançon Apricot; Height: 6m. Hardiness: 6-9. Light: semi-shade or full sun. Water preference: dry - moist.; ; Food forest; 6
Prunus buergeriana; ; Height: 9m. Hardiness: 4-8. Light: semi-shade or full sun. Water preference: moist.; ; uncategorised; 4
Prunus campanulata; Taiwan Cherry; Height: 7m, growing at a medium rate. Hardiness: 7-9. Light: semi-shade or full sun. Water preference: moist.; ; uncategorised; 7
Prunus canescens; Greyleaf Cherry; Height: 3m. Hardiness: 5-9. Light: semi-shade or full sun. Water preference: moist.; ; Food forest; 5
Prunus cerasifera; Cherry Plum; Height: 9m, growing at a medium rate. Hardiness: 5-8. Light: semi-shade or full sun. Water preference: moist.; Myrobalan Plum, Newport Cherry Plum, Pissard Plum; Food forest; 5
Prunus cerasifera divaricata; ; Height: 10m. Hardiness: 4-8. Light: semi-shade or full sun. Water preference: moist.; ; Food forest; 4
Prunus cerasoides; Wild Himalayan Cherry; Height: 30m. Hardiness: 7-10. Light: semi-shade or full sun. Water preference: moist.; ; uncategorised; 7
Prunus cerasus austera; Morello Cherry; Height: 9m. Hardiness: 3-7. Light: semi-shade or full sun. Water preference: moist.; ; Food forest; 3
Prunus cerasus caproniana; Kentish Red Cherry; Height: 9m. Hardiness: 3-7. Light: semi-shade or full sun. Water preference: moist.; ; Food forest; 3
Prunus cerasus frutescens; Bush Sour Cherry; Height: 1m. Hardiness: 3-7. Light: semi-shade or full sun. Water preference: moist.; ; Food forest; 3
Prunus cerasus marasca; Maraschino Cherry; Height: 8m. Hardiness: 3-7. Light: semi-shade or full sun. Water preference: moist.; ; Food forest; 3
Prunus cocomilia; ; Height: 5m. Hardiness: 5-9. Light: semi-shade or full sun. Water preference: moist.; ; uncategorised; 5
Prunus consociiflora; Chinese Wild Peach; Height: 6m. Hardiness: 5-9. Light: semi-shade or full sun. Water preference: moist.; ; Food forest; 5
Prunus cornuta; Himalayan Bird Cherry; Height: 15m. Hardiness: 4-8. Light: semi-shade or full sun. Water preference: moist.; ; uncategorised; 4
Prunus dawyckensis; Dawyck Cherry; Height: 9m. Hardiness: 5-9. Light: semi-shade or full sun. Water preference: moist.; ; Food forest; 5
Prunus dielsiana; ; Height: 6m. Hardiness: 5-9. Light: semi-shade or full sun. Water preference: moist.; ; uncategorised; 5
Prunus domestica; Plum; Height: 12m, growing at a medium rate. Hardiness: 4-9. Light: semi-shade or full sun. Water preference: moist.; European plum; Food forest; 4
Prunus domestica italica; Gages; Height: 5m, growing at a medium rate. Hardiness: 5-8. Light: semi-shade or full sun. Water preference: moist.; Greengage; Food forest; 5
Prunus dulcis; Almond; Height: 6m. Hardiness: 6-9. Light: full sun. Water preference: moist.; Sweet almond; Food forest; 6
Prunus emarginata; Bitter Cherry; Height: 5m, growing at a medium rate. Hardiness: 5-9. Light: semi-shade or full sun. Water preference: moist.; ; uncategorised; 5
Prunus fruticosa; Mongolian Cherry; Height: 1m. Hardiness: 4-8. Light: full sun. Water preference: dry - moist.; European dwarf cherry; Food forest; 4
Prunus glandulosa; Korean Cherry; Height: 1m, growing at a medium rate. Hardiness: 5-8. Light: full sun. Water preference: dry - moist.; Dwarf Flowering Almond; uncategorised; 5
Prunus gracilis; Sour Plum; Height: 1.2m. Hardiness: 5-9. Light: full sun. Water preference: dry - moist.; Oklahoma plum; uncategorised; 5
Prunus grayana; Japanese Bird Cherry; Height: 9m, growing at a medium rate. Hardiness: 6-7. Light: semi-shade or full sun. Water preference: moist.; Japanese Bird Cherry; uncategorised; 6
Prunus hortulana; Hog Plum; Height: 9m. Hardiness: 5-9. Light: semi-shade or full sun. Water preference: moist.; Hortulan plum; Food forest; 5
Prunus humilis; Bush Cherry; Height: 1.5m. Hardiness: 4-8. Light: full sun. Water preference: moist.; ; Food forest; 4
Prunus insititia; Damson; Height: 6m, growing at a medium rate. Hardiness: 5-9. Light: semi-shade or full sun. Water preference: moist.; ; Food forest; 5
Prunus jamasakura; Yamazakura; Height: 18m. Hardiness: 4-8. Light: semi-shade or full sun. Water preference: moist.; ; uncategorised; 4
Prunus japonica; Korean Cherry; Height: 1.5m. Hardiness: 4-8. Light: semi-shade or full sun. Water preference: moist.; Japanese bush cherry; Food forest; 4
Prunus japonica nakai; Japanese Plum; Height: 0.5m. Hardiness: 4-8. Light: semi-shade or full sun. Water preference: moist.; ; Food forest; 4
Prunus lyonii; Catalina Island Cherry; Height: 10m. Hardiness: 7-10. Light: full sun. Water preference: dry - moist.; Hollyleaf cherry; uncategorised; 7
Prunus mahaleb; Mahaleb Cherry; Height: 9m. Hardiness: 4-8. Light: semi-shade or full sun. Water preference: moist.; ; Food forest; 4
Prunus maritima; Beach Plum; Height: 2.5m. Hardiness: 3-7. Light: full sun. Water preference: dry - moist.; Graves' plum; Food forest; 3
Prunus maximowiczii; Miyama Cherry; Height: 7.5m. Hardiness: 4-8. Light: semi-shade or full sun. Water preference: moist.; Korean cherry; uncategorised; 4
Prunus mexicana; Mexican Plum; Height: 12m. Hardiness: 5-9. Light: semi-shade or full sun. Water preference: moist.; ; uncategorised; 5
Prunus munsoniana; Wild Goose Plum; Height: 8m, growing fast. Hardiness: 5-9. Light: semi-shade or full sun. Water preference: moist.; ; Food forest; 5
Prunus nigra; Canadian Plum; Height: 9m. Hardiness: 0-0. Light: semi-shade or full sun. Water preference: moist.; ; Food forest; 0
Prunus nipponica; Japanese Alpine Cherry; Height: 5m, growing at a medium rate. Hardiness: 6-8. Light: semi-shade or full sun. Water preference: moist.; ; uncategorised; 6
Prunus orthosepala; Hybrid plum; Height: 6m. Hardiness: 0-0. Light: full sun. Water preference: moist.; ; Food forest; 0
Prunus padus; Bird Cherry; Height: 15m, growing fast. Hardiness: 3-6. Light: semi-shade or full sun. Water preference: moist.; European bird cherry; Food forest; 3
Prunus persica nucipersica; Nectarine; Height: 6m. Hardiness: 4-8. Light: full sun. Water preference: moist.; ; Food forest; 4
Prunus pilosiuscula; ; Height: 9m. Hardiness: 4-8. Light: semi-shade or full sun. Water preference: moist.; ; uncategorised; 4
Prunus pseudocerasus; Cambridge Cherry; Height: 3.5m. Hardiness: 5-9. Light: semi-shade or full sun. Water preference: moist.; ; Food forest; 5
Prunus pumila; Dwarf American Cherry; Height: 0.6m. Hardiness: 3-8. Light: full sun. Water preference: dry - moist.; Sandcherry, Western sandcherry, Eastern sandcherry, Great Lakes sandcherry; Food forest; 3
Prunus rivularis; Creek Plum; Height: 2.5m. Hardiness: 7-10. Light: full sun. Water preference: moist.; ; uncategorised; 7
Prunus rufa; Himalayan Cherry; Height: 6m. Hardiness: 7-10. Light: semi-shade or full sun. Water preference: moist.; ; uncategorised; 7
Prunus salicifolia; Capulin Cherry; Height: 25m, growing fast. Hardiness: 3-10. Light: full sun. Water preference: moist.; Mexican Bird Cherry; Food forest; 3
Prunus salicina; Japanese Plum; Height: 4m, growing at a medium rate. Hardiness: 5-8. Light: semi-shade or full sun. Water preference: moist.; ; uncategorised; 5
Prunus sargentii; Sargent Cherry; Height: 10m, growing at a medium rate. Hardiness: 4-7. Light: semi-shade or full sun. Water preference: moist.; ; uncategorised; 4
Prunus serrula; Birch Bark Cherry; Height: 10m, growing at a medium rate. Hardiness: 5-6. Light: semi-shade or full sun. Water preference: moist.; Japanese flowering cherry; uncategorised; 5
Prunus serrulata; Yamazakura; Height: 5m, growing at a medium rate. Hardiness: 5-8. Light: semi-shade or full sun. Water preference: moist.; Japanese Flowering Cherry, Oriental Cherry; uncategorised; 5
Prunus simonii; Apricot Plum; Height: 6m. Hardiness: 5-9. Light: full sun. Water preference: moist.; ; Food forest; 5
Prunus spinosa; Sloe - Blackthorn; Height: 3m, growing at a medium rate. Hardiness: 4-8. Light: semi-shade or full sun. Water preference: moist.; ; Food forest; 4
Prunus ssiori; Japanese Bird Cherry; Height: 23m. Hardiness: 4-8. Light: semi-shade or full sun. Water preference: moist.; ; uncategorised; 4
Prunus subcordata; Pacific Plum; Height: 7.5m. Hardiness: 6-9. Light: full sun. Water preference: moist.; Klamath plum, Kellogg's Klamath plum, Oregon Klamath plum; Food forest; 6
Prunus subhirtella; Rosebud Cherry; Height: 8m, growing fast. Hardiness: 5-8. Light: semi-shade or full sun. Water preference: moist.; Higan Cherry, Winter-flowering cherry; uncategorised; 5
Prunus tenella; Dwarf Russian Almond; Height: 0.8m. Hardiness: 0-0. Light: semi-shade. Water preference: dry - moist.; ; Food forest; 0
Prunus tomentosa; Nanking Cherry; Height: 1.5m. Hardiness: 3-9. Light: semi-shade or full sun. Water preference: moist.; ; Food forest; 3
Prunus triloba simplex; Flowering Almond; Height: 4.5m. Hardiness: 4-8. Light: full sun. Water preference: moist.; ; uncategorised; 4
Prunus umbellata; Black Sloe; Height: 6m, growing at a medium rate. Hardiness: 8-9. Light: semi-shade or full sun. Water preference: dry - moist.; Hog plum, Flatwoods Plum; uncategorised; 8
Prunus undulata; ; Height: 12m. Hardiness: 5-9. Light: semi-shade or full sun. Water preference: moist.; ; uncategorised; 5
Prunus virginiana; Chokecherry; Height: 3.6m, growing fast. Hardiness: 0-0. Light: semi-shade or full sun. Water preference: moist.; Western chokecherry, Black chokecherry; Food forest; 0
Prunus virginiana demissa; Western Chokecherry; Height: 3.6m. Hardiness: 0-0. Light: semi-shade. Water preference: moist.; ; Food forest; 0
Prunus virginiana melanocarpa; Rocky Mountain Chokecherry; Height: 3.6m. Hardiness: 0-0. Light: full sun. Water preference: moist.; ; Food forest; 0
Prunus x cistena; Purple-Leaf Sand Cherry; Height: 2m, growing slowly. Hardiness: 4-8. Light: semi-shade or full sun. Water preference: moist.; ; uncategorised; 4
Prunus x eminens; ; Height: 3m. Hardiness: 4-8. Light: semi-shade or full sun. Water preference: moist.; ; uncategorised; 4
Prunus x sultana; ; Height: 0m. Hardiness: 5-9. Light: semi-shade or full sun. Water preference: moist.; ; Food forest; 5
Prunus x utahensis; ; Height: 1.5m. Hardiness: 4-8. Light: semi-shade or full sun. Water preference: moist.; ; uncategorised; 4
Prunus x yedoensis; Tokyo Cherry; Height: 9m. Hardiness: 4-8. Light: semi-shade or full sun. Water preference: moist.; ; uncategorised; 4
Pseudolarix amabilis; Golden Larch; Height: 40m, growing slowly. Hardiness: 5-7. Light: semi-shade or full sun. Water preference: moist.; Chinese golden-larch; uncategorised; 5
Pseudotsuga menziesii; Douglas Fir; Height: 75m, growing fast. Hardiness: 3-6. Light: full sun. Water preference: unknown moisture.; Rocky Mountain Douglas-fir; uncategorised; 3
Psidium cattleianum; Strawberry Guava; Height: 6m. Hardiness: 9-12. Light: full sun. Water preference: dry - moist.; ; Food forest; 9
Psidium cattleianum littorale; Yellow Strawberry Guava; Height: 6m. Hardiness: 9-11. Light: full sun. Water preference: dry - moist.; ; Food forest; 9
Psoralea glandulosa; Culen; Height: 3m. Hardiness: 8-11. Light: full sun. Water preference: moist.; ; Food forest; 8
Ptelea baldwinii; Common hoptree; Height: 6m. Hardiness: 5-9. Light: semi-shade or full sun. Water preference: moist.; ; uncategorised; 5
Ptelea trifoliata; Hop Tree; Height: 6m, growing slowly. Hardiness: 4-8. Light: semi-shade or full sun. Water preference: moist.; Common hoptree, Pallid hoptree; uncategorised; 4
Ptelea trifoliata mollis; Hop Tree; Height: 6m. Hardiness: 4-8. Light: semi-shade or full sun. Water preference: moist.; ; uncategorised; 4
Pterocarpus angolensis; Ambila; Height: 25m, growing at a medium rate. Hardiness: 10-12. Light: full sun. Water preference: moist.; ; uncategorised; 10
Pterocarpus erinaceus; African Kino; Height: 20m, growing slowly. Hardiness: 10-12. Light: full sun. Water preference: moist.; ; uncategorised; 10
Pterocarpus indicus; Amboyna; Height: 30m, growing fast. Hardiness: 10-12. Light: semi-shade or full sun. Water preference: moist.; Indian Padauk, Burmese Rosewood, Narra, Bloodwood; uncategorised; 10
Pterocarpus soyauxii; African Coralwood; Height: 30m, growing fast. Hardiness: 10-12. Light: full sun. Water preference: moist.; ; uncategorised; 10
Pterocarya fraxinifolia; Caucasian Wingnut; Height: 30m. Hardiness: 6-9. Light: full sun. Water preference: moist.; ; uncategorised; 6
Pterocarya rhoifolia; Japanese Wingnut; Height: 30m. Hardiness: 5-9. Light: full sun. Water preference: moist.; ; uncategorised; 5
Pterocarya stenoptera; Chinese wingnut; Height: 20m. Hardiness: 6-9. Light: full sun. Water preference: moist.; ; uncategorised; 6
Pteroceltis tatarinowii; ; Height: 10m. Hardiness: 4-8. Light: semi-shade or full sun. Water preference: dry - moist.; ; uncategorised; 4
Pueraria phaseoloides; Tropical Kudzu; Height: 0m, growing fast. Hardiness: 10-12. Light: full sun. Water preference: moist.; ; uncategorised; 10
Pueraria pseudohirsuta; Tropical kudzu; Height: 0m. Hardiness: 0-0. Light: full sun. Water preference: moist.; ; Food forest; 0
Punica granatum; Pomegranate; Height: 5m, growing at a medium rate. Hardiness: 8-12. Light: full sun. Water preference: dry - moist.; Dwarf Pomegranate; Food forest; 8
Pyracantha crenato-serrata; ; Height: 5m. Hardiness: 6-9. Light: semi-shade or full sun. Water preference: moist.; ; uncategorised; 6
Pyracantha koidzumii; Formosa firethorn; Height: 4m. Hardiness: 7-10. Light: semi-shade or full sun. Water preference: moist.; ; uncategorised; 7
Pyracantha rogersiana; ; Height: 3m. Hardiness: 7-10. Light: full shade or semi-shade or full sun. Water preference: moist.; ; uncategorised; 7
Pyracantha 'Wateri'; ; Height: 2.5m. Hardiness: 0-0. Light: full shade or semi-shade or full sun. Water preference: moist.; ; uncategorised; 0
Pyrocydonia danielii; ; Height: 5m. Hardiness: 5-9. Light: semi-shade or full sun. Water preference: moist.; ; uncategorised; 5
Pyrularia pubera; Oil Nut; Height: 3.5m. Hardiness: 4-8. Light: semi-shade. Water preference: moist.; Buffalo nut; uncategorised; 4
Pyrus amygdaliformis; ; Height: 10m. Hardiness: 5-9. Light: semi-shade or full sun. Water preference: moist.; ; uncategorised; 5
Pyrus balsanae; ; Height: 15m. Hardiness: 5-9. Light: semi-shade or full sun. Water preference: moist.; ; Food forest; 5
Pyrus betulaefolia; Birch-Leaved Pear; Height: 7.5m. Hardiness: 4-8. Light: semi-shade or full sun. Water preference: moist.; ; uncategorised; 4
Pyrus bretschneideri; Chinese white pear; Height: 6m. Hardiness: 4-8. Light: semi-shade or full sun. Water preference: moist.; ; Food forest; 4
Pyrus calleryana; Callery Pear; Height: 15m, growing fast. Hardiness: 5-9. Light: semi-shade or full sun. Water preference: moist.; ; uncategorised; 5
Pyrus communis; Wild Pear; Height: 13m, growing fast. Hardiness: 4-9. Light: semi-shade or full sun. Water preference: moist.; Common pear; uncategorised; 4
Pyrus communis sativa; Pear; Height: 5m. Hardiness: 4-8. Light: semi-shade or full sun. Water preference: moist.; ; Food forest; 4
Pyrus cordata; Plymouth Pear; Height: 0m, growing at a medium rate. Hardiness: 8-10. Light: semi-shade or full sun. Water preference: moist.; Pear; uncategorised; 8
Pyrus elaeagnifolia; ; Height: 10m. Hardiness: 4-8. Light: semi-shade or full sun. Water preference: dry - moist.; ; uncategorised; 4
Pyrus elaeagnifolia kotschyana; ; Height: 0m. Hardiness: 4-8. Light: semi-shade or full sun. Water preference: dry - moist.; ; uncategorised; 4
Pyrus faurei; ; Height: 0m. Hardiness: 8-11. Light: semi-shade or full sun. Water preference: moist.; ; Food forest; 8
Pyrus nivalis; Snow Pear; Height: 10m. Hardiness: 5-9. Light: semi-shade or full sun. Water preference: dry - moist.; ; uncategorised; 5
Pyrus pashia; Indian Wild Pear; Height: 9m. Hardiness: 4-8. Light: semi-shade or full sun. Water preference: moist.; ; Food forest; 4
Pyrus persica; ; Height: 6m. Hardiness: 6-9. Light: semi-shade or full sun. Water preference: moist.; ; uncategorised; 6
Pyrus phaeocarpa; ; Height: 7m. Hardiness: 4-8. Light: semi-shade or full sun. Water preference: moist.; ; uncategorised; 4
Pyrus pyraster; ; Height: 7m. Hardiness: 5-9. Light: semi-shade or full sun. Water preference: moist.; ; Food forest; 5
Pyrus pyrifolia; Sand Pear; Height: 10m. Hardiness: 5-9. Light: semi-shade or full sun. Water preference: moist.; Chinese pear; Food forest; 5
Pyrus pyrifolia culta; Asian Pear; Height: 10m. Hardiness: 5-9. Light: semi-shade or full sun. Water preference: moist.; ; Food forest; 5
Pyrus regellii; ; Height: 9m. Hardiness: 5-9. Light: semi-shade or full sun. Water preference: dry - moist.; ; uncategorised; 5
Pyrus salicifolia; Willow-Leaved Pear; Height: 7.5m. Hardiness: 4-8. Light: semi-shade or full sun. Water preference: dry - moist.; ; uncategorised; 4
Pyrus serrulata; ; Height: 10m. Hardiness: 5-9. Light: semi-shade or full sun. Water preference: moist.; ; uncategorised; 5
Pyrus syriaca; ; Height: 10m. Hardiness: 6-9. Light: semi-shade or full sun. Water preference: dry - moist.; ; uncategorised; 6
Pyrus ussuriensis; Harbin Pear; Height: 15m, growing fast. Hardiness: 3-7. Light: semi-shade or full sun. Water preference: moist.; Chinese pear, Ussurian Pear; Food forest; 3
Pyrus ussuriensis ovoidea; ; Height: 15m. Hardiness: 4-8. Light: semi-shade or full sun. Water preference: moist.; ; Food forest; 4
Pyrus x lecontei; Le Conte Pear; Height: 8m. Hardiness: 5-9. Light: semi-shade or full sun. Water preference: moist.; ; Food forest; 5
Pyrus x salvifolia; ; Height: 6m. Hardiness: 5-9. Light: semi-shade or full sun. Water preference: moist.; ; uncategorised; 5
Salix bonplandiana; Sauce; Height: 10m, growing fast. Hardiness: 9-11. Light: full sun. Water preference: unknown moisture.; Bonpland willow; uncategorised; 9
Smilax laurifolia; Laurel Greenbrier; Height: 6m. Hardiness: 7-10. Light: semi-shade or full sun. Water preference: moist.; ; Food forest; 7
Sorbopyrus auricularis; Bollwyller Pear; Height: 12m. Hardiness: 4-8. Light: semi-shade or full sun. Water preference: moist.; ; Food forest; 4
Sorbus aucuparia; Mountain Ash; Height: 15m, growing at a medium rate. Hardiness: 3-6. Light: semi-shade or full sun. Water preference: moist.; European mountain ash; uncategorised; 3
Sorbus japonica; ; Height: 20m. Hardiness: 5-9. Light: semi-shade or full sun. Water preference: moist.; ; uncategorised; 5
Sorbus lanata; ; Height: 10m, growing at a medium rate. Hardiness: 4-8. Light: semi-shade or full sun. Water preference: moist.; ; Food forest; 4
Sorbus pohuashanensis; ; Height: 10m, growing fast. Hardiness: 4-8. Light: semi-shade or full sun. Water preference: moist.; ; uncategorised; 4
Sorbus thibetica; Tibetan whitebeam; Height: 20m. Hardiness: 5-9. Light: semi-shade or full sun. Water preference: moist.; ; Food forest; 5
Tabernaemontana hystrix; Tabernaemontana; Height: 5m, growing fast. Hardiness: 10-12. Light: full sun. Water preference: moist.; ; uncategorised; 10
Terminalia arjuna; Arjuna; Height: 30m, growing fast. Hardiness: 10-12. Light: full sun. Water preference: dry - moist.; Terminalia; uncategorised; 10
Thuja orientalis; Biota; Height: 15m, growing slowly. Hardiness: 5-9. Light: semi-shade or full sun. Water preference: dry - moist.; ; uncategorised; 5
Vaccinium ashei; Rabbiteye Blueberry; Height: 5m. Hardiness: 7-10. Light: semi-shade or full sun. Water preference: moist.; ; uncategorised; 7
Vinca major; Greater Periwinkle; Height: 0.5m, growing at a medium rate. Hardiness: 7-9. Light: full shade or semi-shade or full sun. Water preference: dry - moist.; Bigleaf periwinkle, Myrtle, Large Periwinkle, Big Periwinkle; uncategorised; 7
Vinca minor; Lesser Periwinkle; Height: 0.2m, growing at a medium rate. Hardiness: 4-9. Light: full shade or semi-shade or full sun. Water preference: dry - moist.; Flower of Death, English Holly, Creeping Myrtle, Creeping Vinca, Common Periwink; uncategorised; 4
Vitex pinnata; Keleban; Height: 20m, growing at a medium rate. Hardiness: 10-12. Light: full sun. Water preference: dry - moist.; ; uncategorised; 10
Withania somnifera; Ashwagandha - Indian Ginseng; Height: 1m. Hardiness: 10-12. Light: full sun. Water preference: moist.; Withania; uncategorised; 10
Quassia amara; Bitterwood; Height: 5m, growing slowly. Hardiness: 10-12. Light: semi-shade or full sun. Water preference: moist.; Amargo Bark; uncategorised; 10
Quercus acutissima; Sawthorn Oak; Height: 5m, growing at a medium rate. Hardiness: 5-9. Light: semi-shade or full sun. Water preference: moist.; ; uncategorised; 5
Quercus agrifolia; Encina; Height: 15m, growing slowly. Hardiness: 8-11. Light: semi-shade or full sun. Water preference: moist.; California live oak, Coast Live Oak; Food forest; 8
Quercus alba; White Oak; Height: 20m, growing slowly. Hardiness: 3-9. Light: semi-shade or full sun. Water preference: dry - moist.; Hybrid oak; Food forest; 3
Quercus aliena; Oriental White Oak; Height: 20m. Hardiness: 4-8. Light: semi-shade or full sun. Water preference: moist.; ; uncategorised; 4
Quercus aucheri; Boz-Pirnal Oak; Height: 5m, growing slowly. Hardiness: 7-10. Light: semi-shade or full sun. Water preference: dry - moist.; ; Food forest; 7
Quercus bicolor; Swamp White Oak; Height: 25m, growing at a medium rate. Hardiness: 4-8. Light: semi-shade or full sun. Water preference: unknown moisture.; ; Food forest; 4
Quercus brantii; Barro; Height: 8m, growing fast. Hardiness: 7-9. Light: full sun. Water preference: dry - moist.; Brant's oak; Food forest; 7
Quercus cerris; Turkey Oak; Height: 35m, growing fast. Hardiness: 5-9. Light: semi-shade or full sun. Water preference: moist.; European turkey oak; Food forest; 5
Quercus chrysolepis; Live Oak; Height: 25m, growing slowly. Hardiness: 8-11. Light: semi-shade or full sun. Water preference: moist.; Canyon live oak; uncategorised; 8
Quercus coccifera; Kermes Oak; Height: 4m. Hardiness: 5-9. Light: semi-shade or full sun. Water preference: moist.; ; Food forest; 5
Quercus coccinea; Scarlet Oak; Height: 25m, growing at a medium rate. Hardiness: 4-8. Light: semi-shade or full sun. Water preference: moist.; ; uncategorised; 4
Quercus dentata; Japanese Emperor Oak; Height: 20m, growing fast. Hardiness: 4-8. Light: semi-shade or full sun. Water preference: moist.; Daimyo oak; uncategorised; 4
Quercus douglasii; Blue Oak; Height: 12m, growing slowly. Hardiness: 8-11. Light: semi-shade or full sun. Water preference: dry - moist.; ; Food forest; 8
Quercus durata; California Scrub Oak; Height: 4m. Hardiness: 7-10. Light: semi-shade or full sun. Water preference: moist.; Leather oak; uncategorised; 7
Quercus ellipsoidalis; Northern Pin Oak; Height: 20m, growing at a medium rate. Hardiness: 4-6. Light: semi-shade or full sun. Water preference: moist.; ; uncategorised; 4
Quercus emoryi; Black Oak; Height: 12m, growing slowly. Hardiness: 6-9. Light: semi-shade or full sun. Water preference: moist.; Emory oak; Food forest; 6
Quercus engelmannii; Evergreen Oak; Height: 10m, growing at a medium rate. Hardiness: 8-11. Light: semi-shade or full sun. Water preference: moist.; Engelmann oak, Mesa Oak; uncategorised; 8
Quercus falcata; Southern Red Oak; Height: 25m, growing at a medium rate. Hardiness: 7-9. Light: semi-shade or full sun. Water preference: moist.; Cherrybark Oak, Spanish Oak, Southern Red Oak; uncategorised; 7
Quercus frainetto; Hungarian Oak; Height: 30m, growing fast. Hardiness: 5-8. Light: semi-shade or full sun. Water preference: moist.; Italian Oak, Forest Green Oak; Food forest; 5
Quercus fruticosa; Gall Oak; Height: 2m. Hardiness: 7-10. Light: full sun. Water preference: moist.; Lusitanian Oak; Food forest; 7
Quercus gambelii; Shin Oak; Height: 4.5m, growing slowly. Hardiness: 4-8. Light: semi-shade or full sun. Water preference: dry - moist.; Gambel oak, Rocky Mountain White Oak; Food forest; 4
Quercus garryana; Oregon White Oak; Height: 18m, growing slowly. Hardiness: 7-9. Light: semi-shade or full sun. Water preference: moist.; Garry Oak; uncategorised; 7
Quercus glauca; Ring-cup oak; Height: 15m, growing slowly. Hardiness: 8-9. Light: semi-shade or full sun. Water preference: moist.; Ring Cupped Oak, Blue Japanese Oak; Food forest; 8
Quercus hispanica; ; Height: 20m. Hardiness: 6-9. Light: semi-shade or full sun. Water preference: moist.; ; Food forest; 6
Quercus ilex; Holly Oak; Height: 25m, growing slowly. Hardiness: 7-10. Light: semi-shade or full sun. Water preference: moist.; Evergreen Oak; Food forest; 7
Quercus ilex ballota; Holm Oak; Height: 25m, growing slowly. Hardiness: 6-9. Light: semi-shade or full sun. Water preference: moist.; ; Food forest; 6
Quercus imbricaria; Shingle Oak; Height: 20m, growing at a medium rate. Hardiness: 4-8. Light: semi-shade or full sun. Water preference: moist.; Northern Laurel Oak; uncategorised; 4
Quercus infectoria; Aleppo Oak; Height: 1.8m, growing at a medium rate. Hardiness: 6-8. Light: semi-shade or full sun. Water preference: moist.; Oak; uncategorised; 6
Quercus insignis; Chicalaba; Height: 22m, growing fast. Hardiness: 8-11. Light: full sun. Water preference: moist.; ; uncategorised; 8
Quercus ithaburensis macrolepis; Valonia Oak; Height: 15m. Hardiness: 6-9. Light: semi-shade or full sun. Water preference: dry - moist.; ; Food forest; 6
Quercus kelloggii; Californian Black Oak; Height: 25m, growing at a medium rate. Hardiness: 8-11. Light: semi-shade or full sun. Water preference: moist.; Black Oak; Food forest; 8
Quercus laevis; American Turkey Oak; Height: 12m, growing slowly. Hardiness: 7-9. Light: semi-shade or full sun. Water preference: moist.; Turkey oak; uncategorised; 7
Quercus lamellosa; Bull Oak; Height: 35m. Hardiness: 7-10. Light: semi-shade or full sun. Water preference: moist.; ; Food forest; 7
Quercus leucotrichophora; ; Height: 25m. Hardiness: 7-10. Light: semi-shade or full sun. Water preference: dry - moist.; ; uncategorised; 7
Quercus libani; Lebanon Oak; Height: 8m. Hardiness: 5-9. Light: semi-shade or full sun. Water preference: dry - moist.; ; uncategorised; 5
Quercus lobata; Californian White Oak; Height: 30m, growing slowly. Hardiness: 7-11. Light: semi-shade or full sun. Water preference: moist.; Valley oak; uncategorised; 7
Quercus lyrata; Overcup Oak; Height: 30m, growing slowly. Hardiness: 5-9. Light: semi-shade or full sun. Water preference: moist.; ; Food forest; 5
Quercus macrocarpa; Burr Oak; Height: 15m, growing slowly. Hardiness: 3-8. Light: semi-shade or full sun. Water preference: dry - moist.; Mossy Cup Oak; Food forest; 3
Quercus marilandica; Blackjack Oak; Height: 10m, growing slowly. Hardiness: 6-9. Light: semi-shade or full sun. Water preference: dry - moist.; ; uncategorised; 6
Quercus michauxii; Swamp Chestnut Oak; Height: 30m, growing at a medium rate. Hardiness: 5-9. Light: semi-shade or full sun. Water preference: unknown moisture.; ; uncategorised; 5
Quercus mongolica; Mongolian oak; Height: 30m, growing at a medium rate. Hardiness: 5-8. Light: semi-shade or full sun. Water preference: moist.; ; uncategorised; 5
Quercus mongolica grosseserrata; ; Height: 20m. Hardiness: 3-7. Light: semi-shade or full sun. Water preference: moist.; ; uncategorised; 3
Quercus muehlenbergii; Yellow Chestnut Oak; Height: 20m, growing at a medium rate. Hardiness: 4-8. Light: semi-shade or full sun. Water preference: moist.; Chinkapin oak; Food forest; 4
Quercus myrsinaefolia; ; Height: 15m. Hardiness: 6-9. Light: semi-shade or full sun. Water preference: moist.; ; uncategorised; 6
Quercus nigra; Water Oak; Height: 20m. Hardiness: 5-9. Light: semi-shade or full sun. Water preference: moist.; ; uncategorised; 5
Quercus oblongifolia; Mexican Blue Oak; Height: 8m. Hardiness: 6-9. Light: semi-shade or full sun. Water preference: moist.; ; Food forest; 6
Quercus palustris; Pin Oak; Height: 25m, growing fast. Hardiness: 4-8. Light: semi-shade or full sun. Water preference: moist.; Swamp Oak; Food forest; 4
Quercus petraea; Sessile Oak; Height: 40m, growing slowly. Hardiness: 5-8. Light: semi-shade or full sun. Water preference: unknown moisture.; Durmast oak; uncategorised; 5
Quercus phellos; Willow Oak; Height: 20m, growing at a medium rate. Hardiness: 5-9. Light: semi-shade or full sun. Water preference: moist.; ; uncategorised; 5
Quercus phillyreoides; Black ridge oak; Height: 9m, growing slowly. Hardiness: 6-9. Light: semi-shade or full sun. Water preference: moist.; ; Food forest; 6
Quercus prinoides; Dwarf Chinkapin Oak; Height: 4m. Hardiness: 4-8. Light: semi-shade or full sun. Water preference: dry - moist.; ; uncategorised; 4
Quercus prinus; Rock Chestnut Oak; Height: 20m, growing slowly. Hardiness: 4-8. Light: semi-shade or full sun. Water preference: moist.; ; Food forest; 4
Quercus pubescens; Downy Oak; Height: 20m. Hardiness: 4-8. Light: semi-shade or full sun. Water preference: dry - moist.; ; uncategorised; 4
Quercus pungens; Sandpaper Oak; Height: 2m. Hardiness: 6-9. Light: semi-shade or full sun. Water preference: moist.; Pungent oak; uncategorised; 6
Quercus robur; Pedunculate Oak; Height: 30m, growing slowly. Hardiness: 4-8. Light: semi-shade or full sun. Water preference: unknown moisture.; English oak; Food forest; 4
Quercus rubra; Red Oak; Height: 25m, growing fast. Hardiness: 3-7. Light: semi-shade or full sun. Water preference: dry - moist.; Northern red oak; Food forest; 3
Quercus semecarpifolia; ; Height: 30m. Hardiness: 7-10. Light: semi-shade or full sun. Water preference: moist.; ; uncategorised; 7
Quercus serrata; Bao li; Height: 15m. Hardiness: 4-8. Light: semi-shade or full sun. Water preference: moist.; ; uncategorised; 4
Quercus shumardii; Shumard Oak; Height: 30m, growing at a medium rate. Hardiness: 4-8. Light: semi-shade or full sun. Water preference: moist.; Schneck oak; uncategorised; 4
Quercus stellata; Post Oak; Height: 20m, growing slowly. Hardiness: 4-8. Light: semi-shade or full sun. Water preference: moist.; ; Food forest; 4
Quercus suber; Cork Oak; Height: 20m, growing slowly. Hardiness: 7-10. Light: semi-shade or full sun. Water preference: moist.; ; uncategorised; 7
Quercus suber occidentalis; Cork Oak; Height: 18m, growing slowly. Hardiness: 7-10. Light: semi-shade or full sun. Water preference: dry - moist.; ; uncategorised; 7
Quercus undulata; Wavyleaf Oak; Height: 3m. Hardiness: 4-8. Light: semi-shade or full sun. Water preference: moist.; ; uncategorised; 4
Quercus variabilis; Chinese Cork Oak; Height: 30m. Hardiness: 4-8. Light: semi-shade or full sun. Water preference: moist.; ; uncategorised; 4
Quercus virginiana; Live Oak; Height: 20m, growing at a medium rate. Hardiness: 6-9. Light: semi-shade or full sun. Water preference: dry - moist.; ; Food forest; 6
Quercus x bebbiana; ; Height: 15m, growing slowly. Hardiness: 3-7. Light: semi-shade or full sun. Water preference: dry - moist.; ; Food forest; 3
Quercus x hybrid; Burgambel oak; Height: 30m, growing at a medium rate. Hardiness: 3-8. Light: semi-shade or full sun. Water preference: dry - moist.; ; Food forest; 3
Quillaja saponaria; Soap-Bark Tree; Height: 18m, growing slowly. Hardiness: 9-11. Light: full sun. Water preference: moist.; Soapbark; uncategorised; 9
Simarouba amara; Paradise tree; Height: 25m, growing fast. Hardiness: 10-12. Light: semi-shade or full sun. Water preference: unknown moisture.; bitterwood; Food forest; 10
Raphia hookeri; Ivory Coast Raffia Palm; Height: 10m, growing fast. Hardiness: 10-12. Light: full sun. Water preference: unknown moisture.; ; Food forest; 10
Raphia palma-pinus; Thatch palm; Height: 10m, growing fast. Hardiness: 10-12. Light: semi-shade or full sun. Water preference: unknown moisture.; ; uncategorised; 10
Rhagodia parabolica; Mealy Saltbush; Height: 3m. Hardiness: 8-11. Light: full sun. Water preference: moist.; ; uncategorised; 8
Rhagodia spinescens; Spiny Saltbush; Height: 0.5m. Hardiness: 8-11. Light: full sun. Water preference: moist.; ; uncategorised; 8
Rhamnus alaternus; Italian Buckthorn; Height: 5m, growing fast. Hardiness: 6-9. Light: semi-shade or full sun. Water preference: dry - moist.; ; uncategorised; 6
Rhamnus croceus; Red Berry; Height: 4m. Hardiness: 7-10. Light: full sun. Water preference: dry - moist.; ; uncategorised; 7
Rhamnus dahurica; Dahurian Buckthorn; Height: 7m. Hardiness: 4-8. Light: semi-shade or full sun. Water preference: moist.; ; uncategorised; 4
Rhamnus globosa; lokao; Height: 3m. Hardiness: 0-0. Light: semi-shade or full sun. Water preference: moist.; ; uncategorised; 0
Rhamnus japonica; Japanese buckthorn; Height: 3m. Hardiness: 4-8. Light: semi-shade or full sun. Water preference: moist.; ; uncategorised; 4
Rhamnus leptophyllus; ; Height: 1.8m. Hardiness: 5-9. Light: semi-shade or full sun. Water preference: moist.; ; uncategorised; 5
Rhamnus saxatilis; Avignon Berry; Height: 2m. Hardiness: 5-9. Light: semi-shade or full sun. Water preference: moist.; Rock buckthorn; uncategorised; 5
Rhamnus saxatilis tinctorius; Dyer's Buckthorn; Height: 2m. Hardiness: 5-9. Light: semi-shade or full sun. Water preference: moist.; ; uncategorised; 5
Rhaphiolepis umbellata; Japanese Hawthorn; Height: 2.5m, growing slowly. Hardiness: 7-10. Light: full sun. Water preference: moist.; ; uncategorised; 7
Rhododendron anthopogon; ; Height: 0.6m. Hardiness: 6-9. Light: semi-shade or full sun. Water preference: moist.; ; uncategorised; 6
Rhododendron arboreum; ; Height: 12m. Hardiness: 6-9. Light: semi-shade or full sun. Water preference: moist.; ; uncategorised; 6
Rhododendron campanulatum; ; Height: 4.5m. Hardiness: 4-8. Light: semi-shade or full sun. Water preference: moist.; ; uncategorised; 4
Rhododendron ferrugineum; Alpenrose; Height: 1.5m. Hardiness: 4-8. Light: semi-shade or full sun. Water preference: moist.; ; uncategorised; 4
Rhododendron griersonianum; ; Height: 3m. Hardiness: 7-10. Light: semi-shade or full sun. Water preference: moist.; ; uncategorised; 7
Rhododendron indicum; Rhododendron; Height: 2m. Hardiness: 5-9. Light: semi-shade. Water preference: moist.; ; uncategorised; 5
Rhododendron japonicum; Japanese azalea; Height: 2m. Hardiness: 4-8. Light: semi-shade or full sun. Water preference: moist.; ; uncategorised; 4
Rhododendron kaempferi; ; Height: 2.5m. Hardiness: 4-8. Light: semi-shade. Water preference: moist.; ; uncategorised; 4
Rhododendron lutescens; ; Height: 3m. Hardiness: 6-9. Light: semi-shade or full sun. Water preference: moist.; ; uncategorised; 6
Rhododendron luteum; Honeysuckle Azalea; Height: 2.5m. Hardiness: 4-8. Light: semi-shade. Water preference: moist.; ; uncategorised; 4
Rhododendron maximum; Rosebay Rhododendron; Height: 3.5m. Hardiness: 3-7. Light: semi-shade. Water preference: moist.; Great laurel; uncategorised; 3
Rhododendron molle; Chinese Azalea; Height: 2.5m. Hardiness: 6-9. Light: semi-shade. Water preference: moist.; ; uncategorised; 6
Rhododendron mucronulatum; ; Height: 2.5m. Hardiness: 4-8. Light: semi-shade or full sun. Water preference: moist.; ; uncategorised; 4
Rhododendron ponticum; Rhododendron; Height: 5m. Hardiness: 6-9. Light: semi-shade. Water preference: moist.; ; uncategorised; 6
Rhododendron x praecox; ; Height: 1.5m. Hardiness: 5-9. Light: semi-shade or full sun. Water preference: moist.; ; uncategorised; 5
Rhus ambigua; ; Height: 0m. Hardiness: 6-9. Light: semi-shade or full sun. Water preference: moist.; ; uncategorised; 6
Rhus aromatica; Lemon Sumach; Height: 1.2m, growing slowly. Hardiness: 3-9. Light: full sun. Water preference: dry - moist.; Fragrant sumac; Food forest; 3
Rhus chinensis; Chinese Gall; Height: 6m. Hardiness: 7-10. Light: full sun. Water preference: moist.; Chinese sumac; uncategorised; 7
Rhus copallina; Dwarf Sumach; Height: 2m, growing fast. Hardiness: 4-10. Light: full sun. Water preference: dry - moist.; Winged sumac, Flameleaf Sumac, Winged Sumac, Shining Sumac; Food forest; 4
Rhus coriaria; Elm-Leaved Sumach; Height: 3m. Hardiness: 8-11. Light: full sun. Water preference: dry - moist.; Sicilian sumac; uncategorised; 8
Rhus diversiloba; Western Poison Oak; Height: 2.5m. Hardiness: 4-8. Light: full sun. Water preference: moist.; Pacific poison oak; uncategorised; 4
Rhus glabra; Smooth Sumach; Height: 3m, growing at a medium rate. Hardiness: 3-9. Light: full sun. Water preference: dry - moist.; ; Food forest; 3
Rhus integrifolia; Lemonade Berry; Height: 2m, growing at a medium rate. Hardiness: 8-10. Light: full sun. Water preference: dry - moist.; Lemonade sumac; uncategorised; 8
Rhus microphylla; Desert Sumach; Height: 2m. Hardiness: 8-11. Light: full sun. Water preference: unknown moisture.; Littleleaf sumac; uncategorised; 8
Rhus ovata; Sugar Bush; Height: 2m. Hardiness: 8-11. Light: full sun. Water preference: dry - moist.; Sugar sumac; uncategorised; 8
Rhus potaninii; ; Height: 12m. Hardiness: 4-8. Light: full sun. Water preference: moist.; ; uncategorised; 4
Rhus punjabensis; ; Height: 12m. Hardiness: 5-9. Light: full sun. Water preference: moist.; ; Food forest; 5
Rhus punjabensis sinica; ; Height: 12m. Hardiness: 5-9. Light: full sun. Water preference: moist.; ; Food forest; 5
Rhus radicans; Poison Ivy; Height: 2.5m, growing fast. Hardiness: 4-8. Light: full sun. Water preference: moist.; ; uncategorised; 4
Rhus succedanea; Wax Tree; Height: 9m. Hardiness: 4-9. Light: full sun. Water preference: moist.; ; uncategorised; 4
Rhus toxicodendron; Eastern Poison Oak; Height: 0.6m. Hardiness: 6-9. Light: full sun. Water preference: dry - moist.; ; uncategorised; 6
Rhus trilobata; Skunk Bush; Height: 1.8m, growing at a medium rate. Hardiness: 4-6. Light: full sun. Water preference: dry - moist.; Basketbush, Squawbush, Three Leaf Sumac; Food forest; 4
Rhus typhina; Stag's Horn Sumach; Height: 6m, growing fast. Hardiness: 4-8. Light: full sun. Water preference: dry - moist.; Velvet Sumac, Staghorn Sumac; Food forest; 4
Rhus vernix; Poison Sumach; Height: 3m. Hardiness: 3-7. Light: full sun. Water preference: unknown moisture.; ; uncategorised; 3
Rhus x pulvinata; ; Height: 3m. Hardiness: 0-0. Light: full sun. Water preference: dry - moist.; ; Food forest; 0
Ribes alpinum; Alpine Currant; Height: 1.2m, growing at a medium rate. Hardiness: 2-7. Light: semi-shade or full sun. Water preference: moist.; ; Food forest; 2
Ribes altissimum; ; Height: 3m. Hardiness: 5-9. Light: semi-shade or full sun. Water preference: moist.; ; Food forest; 5
Ribes ambiguum; ; Height: 0.6m. Hardiness: 5-9. Light: semi-shade or full sun. Water preference: moist.; ; uncategorised; 5
Ribes aureum; Golden Currant; Height: 2.4m. Hardiness: 3-8. Light: semi-shade or full sun. Water preference: dry - moist.; ; Food forest; 3
Ribes bracteosum; Stink Currant; Height: 2.5m. Hardiness: 6-9. Light: full sun. Water preference: moist.; ; uncategorised; 6
Ribes cereum; Wax Currant; Height: 1.8m. Hardiness: 4-8. Light: full sun. Water preference: dry - moist.; ; uncategorised; 4
Ribes diacanthum; Siberian currant; Height: 1.8m. Hardiness: 0-0. Light: semi-shade or full sun. Water preference: moist.; ; uncategorised; 0
Ribes distans; ; Height: 0.6m. Hardiness: 4-8. Light: semi-shade or full sun. Water preference: moist.; ; uncategorised; 4
Ribes fasciculatum; ; Height: 1.5m. Hardiness: 4-8. Light: semi-shade or full sun. Water preference: moist.; ; uncategorised; 4
Ribes fragrans; ; Height: 0.6m. Hardiness: 3-7. Light: semi-shade or full sun. Water preference: moist.; ; Food forest; 3
Ribes gayanum; ; Height: 1.5m. Hardiness: 7-10. Light: semi-shade or full sun. Water preference: moist.; ; Food forest; 7
Ribes himalense; ; Height: 2m. Hardiness: 5-9. Light: semi-shade or full sun. Water preference: moist.; ; Food forest; 5
Ribes hudsonianum; Hudson Bay Currant; Height: 1m. Hardiness: 0-0. Light: semi-shade or full sun. Water preference: moist.; Northern black currant, Western black currant; uncategorised; 0
Ribes inebrians; Whisky Currant; Height: 2m. Hardiness: 4-8. Light: semi-shade or full sun. Water preference: moist.; ; uncategorised; 4
Ribes japonicum; ; Height: 0m. Hardiness: 6-9. Light: semi-shade or full sun. Water preference: moist.; ; uncategorised; 6
Ribes lacustre; Prickly Blackcurrant; Height: 1.5m. Hardiness: 4-8. Light: semi-shade or full sun. Water preference: moist.; Prickly currant; Food forest; 4
Ribes laurifolium; ; Height: 1m, growing slowly. Hardiness: 8-11. Light: semi-shade or full sun. Water preference: moist.; ; uncategorised; 8
Ribes laxiflorum; White-Flowered Currant; Height: 0.3m. Hardiness: 4-8. Light: semi-shade or full sun. Water preference: moist.; Trailing black currant; uncategorised; 4
Ribes lobbii; Gummy Gooseberry; Height: 1.8m. Hardiness: 6-9. Light: full sun. Water preference: moist.; ; uncategorised; 6
Ribes longiracemosum; ; Height: 3.5m. Hardiness: 5-9. Light: semi-shade or full sun. Water preference: moist.; ; Food forest; 5
Ribes luridum; ; Height: 1m. Hardiness: 4-8. Light: semi-shade or full sun. Water preference: moist.; ; uncategorised; 4
Ribes mandschuricum; ; Height: 3m. Hardiness: 5-9. Light: semi-shade or full sun. Water preference: moist.; ; uncategorised; 5
Ribes maximowiczii; ; Height: 2.7m. Hardiness: 5-9. Light: semi-shade or full sun. Water preference: moist.; ; Food forest; 5
Ribes maximowiczii floribundum; ; Height: 2.7m. Hardiness: 5-9. Light: semi-shade or full sun. Water preference: moist.; ; Food forest; 5
Ribes menziesii; Canyon Gooseberry; Height: 1.8m. Hardiness: 6-9. Light: full sun. Water preference: moist.; ; uncategorised; 6
Ribes meyeri; ; Height: 1.5m. Hardiness: 6-9. Light: semi-shade or full sun. Water preference: moist.; ; Food forest; 6
Ribes missouriense; Missouri Gooseberry; Height: 2m. Hardiness: 4-8. Light: semi-shade or full sun. Water preference: moist.; ; Food forest; 4
Ribes montigenum; Gooseberry-Currant; Height: 0.8m. Hardiness: 5-9. Light: full sun. Water preference: moist.; ; Food forest; 5
Ribes multiflorum; Manyflower currant; Height: 2m. Hardiness: 5-9. Light: semi-shade or full sun. Water preference: moist.; ; uncategorised; 5
Ribes nigrum; Blackcurrant; Height: 1.8m. Hardiness: 4-8. Light: semi-shade or full sun. Water preference: moist.; European black currant; Food forest; 4
Ribes niveum; Slender Branched Gooseberry; Height: 2.7m. Hardiness: 5-9. Light: full sun. Water preference: moist.; Snow currant; uncategorised; 5
Ribes odoratum; Buffalo Currant; Height: 2.5m. Hardiness: 4-8. Light: semi-shade or full sun. Water preference: moist.; ; Food forest; 4
Ribes orientale; ; Height: 1.8m. Hardiness: 4-8. Light: semi-shade or full sun. Water preference: moist.; ; uncategorised; 4
Ribes petiolare; Wetern Blackcurrant; Height: 1.5m. Hardiness: 3-7. Light: semi-shade or full sun. Water preference: moist.; ; Food forest; 3
Ribes petraeum; Rock Red Currant; Height: 1.8m. Hardiness: 5-9. Light: semi-shade or full sun. Water preference: moist.; Currant; Food forest; 5
Ribes petraeum biebersteinii; ; Height: 1.5m. Hardiness: 5-9. Light: semi-shade or full sun. Water preference: moist.; ; Food forest; 5
Ribes procumbens; Trailing red currant; Height: 0.2m. Hardiness: 3-7. Light: semi-shade or full sun. Water preference: moist.; ; Food forest; 3
Ribes roezlii; Sierra Gooseberry; Height: 1.5m. Hardiness: 6-9. Light: semi-shade or full sun. Water preference: dry - moist.; ; uncategorised; 6
Ribes rubrum; Red Currant; Height: 1.2m. Hardiness: 4-8. Light: semi-shade or full sun. Water preference: moist.; Cultivated currant; Food forest; 4
Ribes sanguineum; Flowering Currant; Height: 2.5m, growing at a medium rate. Hardiness: 5-9. Light: semi-shade or full sun. Water preference: moist.; Blood currant; uncategorised; 5
Ribes sanguineum glutinosum; Flowering Currant; Height: 2.7m. Hardiness: 5-9. Light: semi-shade or full sun. Water preference: moist.; ; uncategorised; 5
Ribes sativum; Redcurrant; Height: 1m. Hardiness: 5-9. Light: semi-shade or full sun. Water preference: moist.; ; Food forest; 5
Ribes spicatum; Nordic Currant; Height: 2m. Hardiness: 3-7. Light: semi-shade or full sun. Water preference: moist.; Currant; uncategorised; 3
Ribes stenocarpum; ; Height: 2m. Hardiness: 5-9. Light: semi-shade or full sun. Water preference: moist.; ; uncategorised; 5
Ribes triste; American Red Currant; Height: 0.5m. Hardiness: 0-0. Light: semi-shade or full sun. Water preference: moist.; Red currant; Food forest; 0
Ribes uva-crispa; Gooseberry; Height: 1.2m, growing at a medium rate. Hardiness: 4-8. Light: semi-shade or full sun. Water preference: moist.; European gooseberry; Food forest; 4
Ribes viburnifolium; ; Height: 2m. Hardiness: 8-11. Light: semi-shade or full sun. Water preference: moist.; ; uncategorised; 8
Ribes viscosissimum; Sticky Currant; Height: 1m. Hardiness: 6-9. Light: semi-shade or full sun. Water preference: moist.; ; uncategorised; 6
Ribes warszewiczii; Downy currant; Height: 1.5m. Hardiness: 3-7. Light: semi-shade or full sun. Water preference: moist.; ; Food forest; 3
Ribes x culverwellii; Jostaberry; Height: 1.8m. Hardiness: 5-9. Light: semi-shade or full sun. Water preference: moist.; ; Food forest; 5
Ribes x holosericeum; ; Height: 1.5m. Hardiness: 4-8. Light: semi-shade or full sun. Water preference: moist.; ; uncategorised; 4
Ribes x houghtonianum; ; Height: 2m. Hardiness: 4-8. Light: semi-shade or full sun. Water preference: moist.; ; uncategorised; 4
Ribes x robustum; ; Height: 0m. Hardiness: 5-9. Light: semi-shade or full sun. Water preference: moist.; ; uncategorised; 5
Ripogonum scandens; Supple Jack; Height: 10m. Hardiness: 9-11. Light: semi-shade. Water preference: moist.; ; uncategorised; 9
Robinia fertilis; Bristly Locust; Height: 2m, growing at a medium rate. Hardiness: 4-8. Light: full sun. Water preference: dry - moist.; ; uncategorised; 4
Robinia hispida; Bristly locust; Height: 3.5m, growing fast. Hardiness: 4-8. Light: full sun. Water preference: dry - moist.; Rose-acacia, or Moss locust; uncategorised; 4
Robinia luxurians; New Mexico locust; Height: 8m. Hardiness: 4-8. Light: semi-shade or full sun. Water preference: dry - moist.; ; uncategorised; 4
Robinia neomexicana; New Mexico Locust; Height: 2m, growing at a medium rate. Hardiness: 4-8. Light: semi-shade or full sun. Water preference: dry - moist.; Rusby's locust, Locust; uncategorised; 4
Robinia pseudoacacia; Black Locust; Height: 25m, growing fast. Hardiness: 4-9. Light: full sun. Water preference: dry - moist.; Yellow Locust; Food forest; 4
Robinia viscosa; Clammy Locust; Height: 13m, growing at a medium rate. Hardiness: 3-7. Light: semi-shade or full sun. Water preference: dry - moist.; Hartweg's locust; uncategorised; 3
Rosa acicularis; Prickly Rose; Height: 2.5m. Hardiness: 0-0. Light: semi-shade or full sun. Water preference: moist.; ; uncategorised; 0
Rosa arkansana; Low Prairie Rose; Height: 1.2m. Hardiness: 4-8. Light: semi-shade or full sun. Water preference: moist.; ; uncategorised; 4
Rosa arkansana suffulta; Prairie Rose; Height: 0m. Hardiness: 4-8. Light: semi-shade or full sun. Water preference: moist.; ; uncategorised; 4
Rosa banksiae; Banksia Rose; Height: 10m, growing fast. Hardiness: 6-9. Light: full sun. Water preference: moist.; ; uncategorised; 6
Rosa blanda; Labrador Rose; Height: 2m. Hardiness: 0-0. Light: semi-shade or full sun. Water preference: moist.; Smooth rose, Hispid rose; uncategorised; 0
Rosa californica; California Wild Rose; Height: 2.5m. Hardiness: 4-8. Light: semi-shade or full sun. Water preference: moist.; ; uncategorised; 4
Rosa canina; Dog Rose; Height: 3m, growing fast. Hardiness: 3-7. Light: semi-shade or full sun. Water preference: unknown moisture.; ; Food forest; 3
Rosa carolina; Pasture Rose; Height: 1.5m. Hardiness: 4-8. Light: semi-shade or full sun. Water preference: dry - moist.; Carolina rose; uncategorised; 4
Rosa centifolia; Provence Rose; Height: 1.5m. Hardiness: 5-9. Light: semi-shade or full sun. Water preference: moist.; Cabbage rose; uncategorised; 5
Rosa chinensis; China Rose; Height: 6m. Hardiness: 6-9. Light: semi-shade or full sun. Water preference: moist.; ; uncategorised; 6
Rosa coriifolia; ; Height: 2m. Hardiness: 4-8. Light: semi-shade or full sun. Water preference: moist.; ; uncategorised; 4
Rosa corymbifera; Dog rose; Height: 3m. Hardiness: 5-9. Light: semi-shade or full sun. Water preference: moist.; ; Food forest; 5
Rosa cymosa; ; Height: 12m. Hardiness: 6-9. Light: semi-shade or full sun. Water preference: moist.; ; uncategorised; 6
Rosa davurica; Amur rose; Height: 1.5m. Hardiness: 4-8. Light: semi-shade or full sun. Water preference: moist.; ; uncategorised; 4
Rosa dumalis; ; Height: 2m. Hardiness: 4-8. Light: semi-shade or full sun. Water preference: moist.; ; uncategorised; 4
Rosa fedtschenkoana; ; Height: 2m. Hardiness: 4-8. Light: semi-shade or full sun. Water preference: moist.; ; uncategorised; 4
Rosa gallica; French Rose; Height: 2m. Hardiness: 4-8. Light: semi-shade or full sun. Water preference: moist.; ; uncategorised; 4
Rosa gigantea; Manipur Wild-Tea Rose; Height: 15m. Hardiness: 8-11. Light: semi-shade or full sun. Water preference: moist.; ; Food forest; 8
Rosa gymnocarpa; Wood Rose; Height: 3m. Hardiness: 5-9. Light: semi-shade or full sun. Water preference: moist.; Dwarf rose, Gasquet rose; uncategorised; 5
Rosa hemsleyana; ; Height: 0m. Hardiness: 5-9. Light: semi-shade or full sun. Water preference: moist.; ; uncategorised; 5
Rosa laevigata; Cherokee Rose; Height: 6m, growing at a medium rate. Hardiness: 6-9. Light: full sun. Water preference: moist.; ; uncategorised; 6
Rosa laxa; ; Height: 2.5m. Hardiness: 5-9. Light: semi-shade or full sun. Water preference: moist.; ; uncategorised; 5
Rosa macrophylla; ; Height: 4m, growing fast. Hardiness: 6-9. Light: semi-shade or full sun. Water preference: moist.; ; uncategorised; 6
Rosa majalis; Cinnamon Rose; Height: 2.7m. Hardiness: 5-9. Light: semi-shade or full sun. Water preference: unknown moisture.; Double cinnamon rose; uncategorised; 5
Rosa manca; Mancos rose; Height: 0m. Hardiness: 0-0. Light: semi-shade or full sun. Water preference: moist.; ; uncategorised; 0
Rosa micrantha; Smallflower sweetbrier; Height: 1.5m. Hardiness: 5-9. Light: semi-shade or full sun. Water preference: moist.; ; uncategorised; 5
Rosa moschata; Musk Rose; Height: 10m, growing fast. Hardiness: 5-9. Light: semi-shade or full sun. Water preference: moist.; ; uncategorised; 5
Rosa moyesii; ; Height: 4m. Hardiness: 4-8. Light: semi-shade or full sun. Water preference: moist.; ; uncategorised; 4
Rosa multiflora; Japanese Rose; Height: 5m. Hardiness: 4-8. Light: semi-shade or full sun. Water preference: moist.; Multiflora rose; uncategorised; 4
Rosa nutkana; Nootka Rose; Height: 2.7m. Hardiness: 4-8. Light: semi-shade or full sun. Water preference: moist.; Bristly Nootka rose; Food forest; 4
Rosa obtusifolia; ; Height: 0m. Hardiness: 4-8. Light: semi-shade or full sun. Water preference: moist.; ; uncategorised; 4
Rosa palustris; Swamp rose; Height: 2m, growing fast. Hardiness: 3-9. Light: full sun. Water preference: unknown moisture.; ; Food forest; 3
Rosa pimpinellifolia; Burnet Rose; Height: 1m, growing at a medium rate. Hardiness: 4-8. Light: semi-shade or full sun. Water preference: moist.; Scotch rose; uncategorised; 4
Rosa pisocarpa; Cluster Rose; Height: 2.5m. Hardiness: 5-9. Light: semi-shade or full sun. Water preference: moist.; Ahart's cluster rose; uncategorised; 5
Rosa roxburghii; Sweet Chestnut Rose; Height: 1.2m. Hardiness: 4-8. Light: semi-shade or full sun. Water preference: moist.; Chestnut rose; uncategorised; 4
Rosa rubiginosa; Sweet Briar; Height: 2.5m. Hardiness: 4-8. Light: semi-shade or full sun. Water preference: moist.; Sweetbriar rose; uncategorised; 4
Rosa rugosa; Ramanas Rose; Height: 2m, growing at a medium rate. Hardiness: 3-9. Light: semi-shade or full sun. Water preference: dry - moist.; Rugosa rose; Food forest; 3
Rosa sericea; Himalayan Rose; Height: 2m. Hardiness: 5-9. Light: semi-shade or full sun. Water preference: moist.; ; uncategorised; 5
Rosa sericea pteracantha; ; Height: 2.5m, growing at a medium rate. Hardiness: 5-9. Light: semi-shade or full sun. Water preference: moist.; ; uncategorised; 5
Rosa setigera; Prairie rose; Height: 2.5m, growing fast. Hardiness: 4-7. Light: full sun. Water preference: dry - moist.; Climbing Wild Rose; Food forest; 4
Rosa setipoda; ; Height: 2.4m. Hardiness: 5-9. Light: semi-shade or full sun. Water preference: moist.; ; uncategorised; 5
Rosa sherardii; Sherard's downy rose; Height: 0m. Hardiness: 4-8. Light: semi-shade or full sun. Water preference: moist.; ; uncategorised; 4
Rosa sweginzowii; Sweginzow's rose; Height: 4m. Hardiness: 5-9. Light: semi-shade or full sun. Water preference: moist.; ; uncategorised; 5
Rosa tomentosa; Whitewoolly rose; Height: 3m. Hardiness: 5-9. Light: semi-shade or full sun. Water preference: moist.; ; uncategorised; 5
Rosa villosa; Apple Rose; Height: 1.8m. Hardiness: 4-8. Light: semi-shade or full sun. Water preference: moist.; ; Food forest; 4
Rosa virginiana; Virginia Rose; Height: 1.5m, growing at a medium rate. Hardiness: 3-7. Light: semi-shade or full sun. Water preference: dry - moist.; ; uncategorised; 3
Rosa webbiana; ; Height: 2m. Hardiness: 5-9. Light: semi-shade or full sun. Water preference: moist.; ; uncategorised; 5
Rosa wichuraiana; Memorial Rosa; Height: 5m, growing fast. Hardiness: 5-8. Light: semi-shade or full sun. Water preference: moist.; ; uncategorised; 5
Rosa woodsii; Western Wild Rose; Height: 2m. Hardiness: 4-8. Light: semi-shade or full sun. Water preference: moist.; Woods' rose, Tehachapi rose; uncategorised; 4
Rosa x beanii; ; Height: 0m. Hardiness: 6-9. Light: semi-shade or full sun. Water preference: moist.; ; uncategorised; 6
Rosa x damascena; Damask Rose; Height: 1.5m. Hardiness: 4-8. Light: semi-shade or full sun. Water preference: moist.; ; uncategorised; 4
Rosa x odorata; Tea Rose; Height: 6m. Hardiness: 6-9. Light: semi-shade or full sun. Water preference: moist.; ; uncategorised; 6
Rosmarinus officinalis; Rosemary; Height: 1.5m, growing at a medium rate. Hardiness: 6-11. Light: full sun. Water preference: dry - moist.; ; Food forest; 6
Roupala montana; Roupale; Height: 15m, growing at a medium rate. Hardiness: 10-12. Light: full sun. Water preference: unknown moisture.; Leopardwood; uncategorised; 10
Rubus abbrevians; Vermont blackberry; Height: 0m. Hardiness: 0-0. Light: semi-shade or full sun. Water preference: moist.; ; Food forest; 0
Rubus adenophorus; ; Height: 2.5m. Hardiness: 5-9. Light: semi-shade or full sun. Water preference: moist.; ; uncategorised; 5
Rubus affinis; ; Height: 3m. Hardiness: 4-8. Light: semi-shade or full sun. Water preference: moist.; ; uncategorised; 4
Rubus allegheniensis; Alleghany Blackberry; Height: 3m, growing at a medium rate. Hardiness: 3-7. Light: semi-shade or full sun. Water preference: moist.; Graves' blackberry; Food forest; 3
Rubus almus; Mayes Dewberry; Height: 2m. Hardiness: 7-10. Light: semi-shade or full sun. Water preference: moist.; Garden dewberry; Food forest; 7
Rubus amabilis; ; Height: 2m. Hardiness: 5-9. Light: semi-shade or full sun. Water preference: moist.; ; Food forest; 5
Rubus argutus; Highbush Blackberry; Height: 2.5m. Hardiness: 0-0. Light: semi-shade or full sun. Water preference: moist.; Sawtooth blackberry; uncategorised; 0
Rubus australis; ; Height: 0m. Hardiness: 8-11. Light: semi-shade or full sun. Water preference: moist.; ; uncategorised; 8
Rubus baileyanus; Bailey's dewberry; Height: 1m. Hardiness: 0-0. Light: semi-shade or full sun. Water preference: dry - moist.; ; uncategorised; 0
Rubus bellobatus; Kittatinny Blackberry; Height: 2m. Hardiness: 5-9. Light: semi-shade or full sun. Water preference: moist.; ; uncategorised; 5
Rubus bifrons; Himalayan berry; Height: 1.5m. Hardiness: 0-0. Light: semi-shade or full sun. Water preference: moist.; Hybrid European blackberry, Hybrid blackberry; uncategorised; 0
Rubus buergeri; ; Height: 3m. Hardiness: 5-9. Light: semi-shade or full sun. Water preference: moist.; ; uncategorised; 5
Rubus caesius; Dewberry; Height: 0.2m. Hardiness: 4-8. Light: semi-shade or full sun. Water preference: moist.; European dewberry; uncategorised; 4
Rubus canadensis; American Dewberry; Height: 2.5m. Hardiness: 3-7. Light: semi-shade or full sun. Water preference: moist.; Smooth blackberry; Food forest; 3
Rubus chroosepalus; ; Height: 0.3m. Hardiness: 5-9. Light: semi-shade or full sun. Water preference: moist.; ; uncategorised; 5
Rubus cockburnianus; ; Height: 3m. Hardiness: 5-9. Light: semi-shade or full sun. Water preference: moist.; ; uncategorised; 5
Rubus corchorifolius; Fingerberry; Height: 2.5m. Hardiness: 5-9. Light: semi-shade or full sun. Water preference: moist.; Brombeere, Jute-leaved raspberry,; Food forest; 5
Rubus coreanus; Korean Bramble; Height: 3m. Hardiness: 5-9. Light: semi-shade or full sun. Water preference: moist.; ; uncategorised; 5
Rubus crataegifolius; Korean raspberry; Height: 2.5m. Hardiness: 4-8. Light: semi-shade or full sun. Water preference: moist.; ; Food forest; 4
Rubus cuneifolius; Sand Blackberry; Height: 0.5m. Hardiness: 5-9. Light: semi-shade or full sun. Water preference: moist.; ; Food forest; 5
Rubus deliciosus; Rocky Mountain Raspberry; Height: 3m, growing at a medium rate. Hardiness: 4-8. Light: full sun. Water preference: moist.; Delicious raspberry; uncategorised; 4
Rubus ellipticus; Golden Evergreen Raspberry; Height: 4.5m. Hardiness: 7-10. Light: semi-shade or full sun. Water preference: moist.; Yellow Himalayan raspberry; Food forest; 7
Rubus enslenii; Northern dewberry; Height: 3m. Hardiness: 0-0. Light: semi-shade or full sun. Water preference: moist.; ; uncategorised; 0
Rubus flagellaris; Northern Dewberry; Height: 0.2m. Hardiness: 3-7. Light: semi-shade or full sun. Water preference: moist.; ; Food forest; 3
Rubus flagelliflorus; ; Height: 1.8m. Hardiness: 6-9. Light: semi-shade. Water preference: moist.; ; uncategorised; 6
Rubus floridus; Sawtooth blackberry; Height: 3m. Hardiness: 0-0. Light: semi-shade or full sun. Water preference: moist.; ; uncategorised; 0
Rubus flosculosus; ; Height: 2.5m. Hardiness: 5-9. Light: semi-shade or full sun. Water preference: moist.; ; uncategorised; 5
Rubus frondosus; Yankee Blackberry; Height: 0.8m. Hardiness: 4-8. Light: semi-shade or full sun. Water preference: dry - moist.; ; uncategorised; 4
Rubus fruticosus; Blackberry; Height: 3m, growing fast. Hardiness: 5-9. Light: full shade or semi-shade or full sun. Water preference: moist.; Shrubby blackberry; Food forest; 5
Rubus geoides; ; Height: 0.6m. Hardiness: 0-0. Light: semi-shade or full sun. Water preference: moist.; ; Food forest; 0
Rubus geophilus; Northern dewberry; Height: 0m. Hardiness: 0-0. Light: semi-shade or full sun. Water preference: moist.; ; Food forest; 0
Rubus glandicaulis; Glandstem blackberry; Height: 1.8m. Hardiness: 0-0. Light: semi-shade or full sun. Water preference: moist.; ; uncategorised; 0
Rubus glaucus; Mora De Castilla; Height: 3m. Hardiness: 10-12. Light: semi-shade or full sun. Water preference: moist.; Andes berry; Food forest; 10
Rubus gunnianus; ; Height: 0.2m. Hardiness: 0-0. Light: semi-shade or full sun. Water preference: moist.; ; Food forest; 0
Rubus henryi; ; Height: 6m, growing fast. Hardiness: 5-9. Light: semi-shade or full sun. Water preference: moist.; ; Food forest; 5
Rubus hispidus; Swamp Dewberry; Height: 0.2m. Hardiness: 3-7. Light: semi-shade or full sun. Water preference: moist.; Bristly dewberry; uncategorised; 3
Rubus hypargyrus niveus; ; Height: 0m. Hardiness: 7-10. Light: semi-shade or full sun. Water preference: moist.; ; uncategorised; 7
Rubus ichangensis; ; Height: 0.3m. Hardiness: 6-9. Light: semi-shade or full sun. Water preference: moist.; ; Food forest; 6
Rubus idaeus; Raspberry; Height: 2m, growing at a medium rate. Hardiness: 4-8. Light: semi-shade or full sun. Water preference: moist.; American red raspberry, Grayleaf red raspberry; Food forest; 4
Rubus illecebrosus; Strawberry-Raspberry; Height: 0.6m. Hardiness: 4-8. Light: semi-shade or full sun. Water preference: moist.; ; Food forest; 4
Rubus innominatus; ; Height: 3m. Hardiness: 0-0. Light: semi-shade or full sun. Water preference: moist.; ; Food forest; 0
Rubus invisus; Upland dewberry; Height: 0m. Hardiness: 0-0. Light: semi-shade or full sun. Water preference: moist.; ; uncategorised; 0
Rubus jacens; Spreading dewberry; Height: 0.3m. Hardiness: 0-0. Light: semi-shade or full sun. Water preference: dry - moist.; ; uncategorised; 0
Rubus kuntzeanus; ; Height: 3m. Hardiness: 5-9. Light: semi-shade or full sun. Water preference: moist.; ; Food forest; 5
Rubus laciniatus; Oregon Cut-Leaf Blackberry; Height: 2.5m, growing fast. Hardiness: 4-8. Light: semi-shade or full sun. Water preference: moist.; Cutleaf blackberry; Food forest; 4
Rubus lasiostylus; ; Height: 1.8m. Hardiness: 6-9. Light: semi-shade or full sun. Water preference: moist.; ; uncategorised; 6
Rubus laudatus; Plains blackberry; Height: 5m. Hardiness: 4-8. Light: semi-shade or full sun. Water preference: moist.; ; uncategorised; 4
Rubus leucodermis; Whitebark Raspberry; Height: 2.5m, growing at a medium rate. Hardiness: 0-0. Light: semi-shade or full sun. Water preference: moist.; ; Food forest; 0
Rubus leucostachys; ; Height: 0m. Hardiness: 0-0. Light: semi-shade or full sun. Water preference: moist.; ; Food forest; 0
Rubus lineatus; ; Height: 3m. Hardiness: 8-11. Light: full sun. Water preference: moist.; ; uncategorised; 8
Rubus linkianus; Link's blackberry; Height: 0m. Hardiness: 5-9. Light: semi-shade or full sun. Water preference: moist.; ; uncategorised; 5
Rubus loganobaccus; Loganberry; Height: 2.5m, growing fast. Hardiness: 7-10. Light: semi-shade or full sun. Water preference: moist.; ; Food forest; 7
Rubus louisianus; Sawtooth blackberry; Height: 2m. Hardiness: 7-10. Light: semi-shade or full sun. Water preference: moist.; ; uncategorised; 7
Rubus mesogaeus; ; Height: 3m. Hardiness: 5-9. Light: semi-shade or full sun. Water preference: moist.; ; Food forest; 5
Rubus michiganensis; Michigan dewberry; Height: 2m. Hardiness: 0-0. Light: semi-shade or full sun. Water preference: dry - moist.; ; Food forest; 0
Rubus microphyllus; Hsuan Kou Tzu; Height: 0m. Hardiness: 8-11. Light: semi-shade or full sun. Water preference: moist.; Mu Mei, Shan Mei,; Food forest; 8
Rubus moluccanus; Ceylon Blackberry; Height: 6m. Hardiness: 9-11. Light: semi-shade or full sun. Water preference: moist.; Eelkek; Food forest; 9
Rubus moorei; Bush Lawyer; Height: 3m. Hardiness: 0-0. Light: semi-shade or full sun. Water preference: moist.; ; Food forest; 0
Rubus nepalensis; Nepalese Raspberry; Height: 0.2m, growing at a medium rate. Hardiness: 7-10. Light: semi-shade or full sun. Water preference: moist.; ; Food forest; 7
Rubus nessensis; ; Height: 3m. Hardiness: 0-0. Light: semi-shade or full sun. Water preference: moist.; ; Food forest; 0
Rubus nigricans; Setose blackberry; Height: 1m. Hardiness: 0-0. Light: semi-shade or full sun. Water preference: moist.; ; uncategorised; 0
Rubus nitidioides; ; Height: 1.5m. Hardiness: 0-0. Light: semi-shade or full sun. Water preference: moist.; ; Food forest; 0
Rubus niveus; Ceylon Raspberry; Height: 2.5m. Hardiness: 8-11. Light: semi-shade or full sun. Water preference: moist.; Snowpeaks raspberry; Food forest; 8
Rubus nubigenus; Giant Colombian Blackberry; Height: 2m. Hardiness: 0-0. Light: semi-shade or full sun. Water preference: moist.; ; Food forest; 0
Rubus occidentalis; Black Raspberry; Height: 3m. Hardiness: 3-7. Light: semi-shade or full sun. Water preference: moist.; ; Food forest; 3
Rubus odoratus; Thimbleberry; Height: 2.5m, growing at a medium rate. Hardiness: 3-7. Light: semi-shade or full sun. Water preference: moist.; Purpleflowering raspberry; Food forest; 3
Rubus palmatus; ; Height: 1.8m. Hardiness: 7-10. Light: semi-shade or full sun. Water preference: moist.; ; uncategorised; 7
Rubus parviflorus; Thimbleberry; Height: 2.5m, growing at a medium rate. Hardiness: 3-7. Light: semi-shade or full sun. Water preference: moist.; ; Food forest; 3
Rubus parvifolius; Japanese Raspberry; Height: 1m. Hardiness: 0-0. Light: semi-shade or full sun. Water preference: moist.; ; Food forest; 0
Rubus parvus; ; Height: 0.2m. Hardiness: 8-11. Light: semi-shade or full sun. Water preference: moist.; ; Food forest; 8
Rubus pascuus; Chesapeake blackberry; Height: 0m. Hardiness: 0-0. Light: semi-shade or full sun. Water preference: moist.; ; Food forest; 0
Rubus pectinellus; Atibulnak; Height: 0.2m. Hardiness: 0-0. Light: semi-shade or full sun. Water preference: moist.; ; Food forest; 0
Rubus pedatus; Trailing Wild Raspberry; Height: 0.3m. Hardiness: 0-0. Light: semi-shade or full sun. Water preference: moist.; Strawberryleaf raspberry; Food forest; 0
Rubus peltatus; ; Height: 1.5m. Hardiness: 6-9. Light: semi-shade or full sun. Water preference: moist.; ; uncategorised; 6
Rubus phoenicolasius; Japanese Wineberry; Height: 3m, growing at a medium rate. Hardiness: 4-8. Light: semi-shade or full sun. Water preference: moist.; Wine raspberry; Food forest; 4
Rubus procerus; Himalayan Giant Blackberry; Height: 10m, growing fast. Hardiness: 4-8. Light: semi-shade or full sun. Water preference: moist.; ; Food forest; 4
Rubus rolfei; Emerald Carpet' raspberry; Height: 0.1m. Hardiness: 7-9. Light: full shade or semi-shade or full sun. Water preference: moist.; ; uncategorised; 7
Rubus rosa; Rose blackberry; Height: 0m. Hardiness: 0-0. Light: semi-shade or full sun. Water preference: moist.; ; uncategorised; 0
Rubus roseus; Mora Silvestre; Height: 2m. Hardiness: 0-0. Light: semi-shade or full sun. Water preference: moist.; ; Food forest; 0
Rubus rosifolius; Mauritius Raspberry; Height: 2m. Hardiness: 0-0. Light: semi-shade or full sun. Water preference: moist.; ; uncategorised; 0
Rubus saxatilis; Stone Bramble; Height: 0.3m. Hardiness: 4-8. Light: semi-shade or full sun. Water preference: moist.; ; uncategorised; 4
Rubus serissimus; Chesapeake blackberry; Height: 0m. Hardiness: 0-0. Light: semi-shade or full sun. Water preference: moist.; ; uncategorised; 0
Rubus setchuenensis; ; Height: 3.5m. Hardiness: 4-8. Light: semi-shade or full sun. Water preference: moist.; ; Food forest; 4
Rubus sieboldii; Palmleaf dewberry; Height: 0m. Hardiness: 0-0. Light: semi-shade or full sun. Water preference: moist.; ; uncategorised; 0
Rubus species; Hybrid Berries; Height: 3m, growing fast. Hardiness: 5-9. Light: semi-shade or full sun. Water preference: moist.; ; uncategorised; 5
Rubus spectabilis; Salmonberry; Height: 1.8m, growing at a medium rate. Hardiness: 4-8. Light: semi-shade or full sun. Water preference: moist.; ; Food forest; 4
Rubus squarrosus; ; Height: 0.3m. Hardiness: 8-11. Light: semi-shade or full sun. Water preference: moist.; ; uncategorised; 8
Rubus strigosus; American Red Raspberry; Height: 2m. Hardiness: 3-7. Light: semi-shade or full sun. Water preference: moist.; Grayleaf red raspberry; Food forest; 3
Rubus thibetanus; ; Height: 2.5m, growing at a medium rate. Hardiness: 5-9. Light: semi-shade or full sun. Water preference: moist.; ; uncategorised; 5
Rubus tricolor; Creeping Bramble; Height: 0.3m, growing fast. Hardiness: 6-9. Light: full shade or semi-shade or full sun. Water preference: dry - moist.; ; Food forest; 6
Rubus trifidus; ; Height: 2m. Hardiness: 5-9. Light: semi-shade or full sun. Water preference: moist.; ; uncategorised; 5
Rubus trivialis; Southern Dewberry; Height: 1m. Hardiness: 5-9. Light: semi-shade or full sun. Water preference: moist.; ; Food forest; 5
Rubus ulmifolius; Elm-Leaved Bramble; Height: 3m, growing at a medium rate. Hardiness: 6-9. Light: full shade or semi-shade or full sun. Water preference: moist.; Elmleaf blackberry; uncategorised; 6
Rubus ursinus; Pacific Dewberry; Height: 0m. Hardiness: 6-9. Light: semi-shade or full sun. Water preference: moist.; California blackberry; Food forest; 6
Rubus villosus; Low-Running Blackberry; Height: 1.5m. Hardiness: 0-0. Light: semi-shade or full sun. Water preference: moist.; ; Food forest; 0
Ruscus aculeatus; Butcher's Broom - Knee Holly; Height: 0.8m, growing slowly. Hardiness: 6-9. Light: full shade or semi-shade. Water preference: dry - moist.; ; uncategorised; 6
Ruta chalepensis; Egyptian Rue; Height: 0.8m. Hardiness: 7-10. Light: semi-shade or full sun. Water preference: dry - moist.; Fringed rue; uncategorised; 7
Ruta graveolens; Rue; Height: 0.5m, growing at a medium rate. Hardiness: 4-10. Light: semi-shade or full sun. Water preference: dry - moist.; Common rue, Herb of Grace, Garden Rue; uncategorised; 4
Ruta montana; Mountain Rue; Height: 0.3m. Hardiness: 6-9. Light: semi-shade or full sun. Water preference: dry - moist.; ; uncategorised; 6
Schinziophyton rautanenii; Mongongo Nut. Manketti Tree; Height: 12m, growing at a medium rate. Hardiness: 10-12. Light: full sun. Water preference: dry - moist.; ; Food forest; 10
Stauntonia hexaphylla; ; Height: 10m, growing at a medium rate. Hardiness: 8-11. Light: semi-shade or full sun. Water preference: moist.; ; Food forest; 8
Swartzia panacoco; Coracao-de-Negro; Height: 25m, growing at a medium rate. Hardiness: 10-12. Light: full sun. Water preference: moist.; panococo, Brazilian ebony; uncategorised; 10
Toxicodendron sylvestre; Yame-haze; Height: 10m, growing at a medium rate. Hardiness: 9-12. Light: semi-shade or full sun. Water preference: moist.; ; uncategorised; 9
Trachelospermum jasminoides; Star Jasmine; Height: 6m, growing slowly. Hardiness: 8-10. Light: semi-shade or full sun. Water preference: moist.; Confederate jasmine; uncategorised; 8
Sabal etonia; Scrub Palmetto; Height: 3m, growing slowly. Hardiness: 7-10. Light: full sun. Water preference: moist.; ; uncategorised; 7
Sabal mexicana; Mexican Palmetto; Height: 10m, growing slowly. Hardiness: 8-11. Light: full sun. Water preference: moist.; Rio Grande palmetto, Texas Palmetto; uncategorised; 8
Sabal minor; Bush Palmetto; Height: 3m, growing slowly. Hardiness: 8-11. Light: full sun. Water preference: moist.; Dwarf palmetto; uncategorised; 8
Salacca zalacca; Salak Palm; Height: 4m, growing fast. Hardiness: 10-12. Light: semi-shade or full sun. Water preference: moist.; Snake Palm; Food forest; 10
Salix acutifolia; Sharp-Leaf Willow; Height: 10m. Hardiness: 4-8. Light: full sun. Water preference: unknown moisture.; ; uncategorised; 4
Salix aegyptiaca; ; Height: 4m. Hardiness: 5-9. Light: full sun. Water preference: unknown moisture.; ; uncategorised; 5
Salix alaxensis; Feltleaf Wiillow; Height: 10m. Hardiness: 3-7. Light: full sun. Water preference: unknown moisture.; ; uncategorised; 3
Salix alba; White Willow; Height: 25m, growing fast. Hardiness: 2-8. Light: full sun. Water preference: unknown moisture.; ; uncategorised; 2
Salix 'Americana'; ; Height: 0m. Hardiness: 0-0. Light: full sun. Water preference: unknown moisture.; ; uncategorised; 0
Salix amygdaloides; Peach Leaved Willow; Height: 20m, growing fast. Hardiness: 4-8. Light: full sun. Water preference: unknown moisture.; ; uncategorised; 4
Salix appendiculata; ; Height: 6m. Hardiness: 6-9. Light: full sun. Water preference: unknown moisture.; ; uncategorised; 6
Salix arenaria; ; Height: 1m. Hardiness: 5-9. Light: full sun. Water preference: unknown moisture.; ; uncategorised; 5
Salix aurita; Eared Sallow; Height: 2.5m. Hardiness: 4-8. Light: full sun. Water preference: unknown moisture.; ; uncategorised; 4
Salix babylonica; Weeping Willow; Height: 12m, growing fast. Hardiness: 6-9. Light: full sun. Water preference: unknown moisture.; Babylon Weeping Willow; uncategorised; 6
Salix bebbiana; Beak Willow; Height: 7m, growing fast. Hardiness: 3-7. Light: full sun. Water preference: unknown moisture.; Bebb Willow; uncategorised; 3
Salix 'Bowles hybrid'; ; Height: 5m, growing fast. Hardiness: 0-0. Light: full sun. Water preference: unknown moisture.; ; uncategorised; 0
Salix brachycarpa; shortfruit willow; Height: 1.4m. Hardiness: 4-8. Light: full sun. Water preference: unknown moisture.; ; uncategorised; 4
Salix caprea; Goat Willow; Height: 10m, growing fast. Hardiness: 4-9. Light: semi-shade or full sun. Water preference: unknown moisture.; Kilmarnock Willow, Pink Pussy Willow, Pussy Willow; uncategorised; 4
Salix chaenomeloides; Japanese Pussy Willow; Height: 6m, growing fast. Hardiness: 6-8. Light: full sun. Water preference: unknown moisture.; ; uncategorised; 6
Salix cinerea; Grey Willow; Height: 5m. Hardiness: 2-7. Light: full sun. Water preference: unknown moisture.; Large gray willow; uncategorised; 2
Salix commutata; undergreen willow; Height: 3m. Hardiness: 4-8. Light: semi-shade or full sun. Water preference: unknown moisture.; ; uncategorised; 4
Salix daphnoides; Violet Willow; Height: 10m, growing fast. Hardiness: 4-8. Light: full sun. Water preference: unknown moisture.; Daphne willow; uncategorised; 4
Salix eriocephala; Missouri Willow; Height: 4m. Hardiness: 5-9. Light: full sun. Water preference: unknown moisture.; Missouri River willow; uncategorised; 5
Salix exigua; Coyote Willow; Height: 9m. Hardiness: 0-0. Light: full sun. Water preference: unknown moisture.; Narrowleaf willow; uncategorised; 0
Salix fluviatilis; River Willow; Height: 7m. Hardiness: 3-7. Light: full sun. Water preference: unknown moisture.; ; uncategorised; 3
Salix 'Forbiana'; ; Height: 0m, growing fast. Hardiness: 0-0. Light: full sun. Water preference: unknown moisture.; ; uncategorised; 0
Salix fragilis; Crack Willow; Height: 15m, growing fast. Hardiness: 4-8. Light: full sun. Water preference: unknown moisture.; ; uncategorised; 4
Salix gilgiana; Willow; Height: 0m, growing fast. Hardiness: 0-0. Light: full sun. Water preference: unknown moisture.; ; uncategorised; 0
Salix gooddingii; Goodding's Willow; Height: 10m, growing fast. Hardiness: 8-10. Light: full sun. Water preference: unknown moisture.; ; uncategorised; 8
Salix gracilistyla; Rosegold Pussy Willow; Height: 3m. Hardiness: 5-9. Light: full sun. Water preference: unknown moisture.; ; uncategorised; 5
Salix hastata; Halberd-Leaved Willow; Height: 2m. Hardiness: 5-9. Light: full sun. Water preference: unknown moisture.; Halberd willow; uncategorised; 5
Salix hookeriana; Dune Willow; Height: 1m, growing fast. Hardiness: 5-9. Light: full sun. Water preference: unknown moisture.; ; uncategorised; 5
Salix hybrids; Hybrid willows; Height: 25m, growing fast. Hardiness: 2-11. Light: full sun. Water preference: unknown moisture.; ; Food forest; 2
Salix koriyanagi; kori-yanagi; Height: 5m. Hardiness: 5-9. Light: full sun. Water preference: unknown moisture.; ; uncategorised; 5
Salix lasiolepis; Arroyo willow; Height: 12m, growing fast. Hardiness: 4-8. Light: full sun. Water preference: unknown moisture.; Bigelow's willow; uncategorised; 4
Salix lucida; Shining Willow; Height: 8m, growing fast. Hardiness: 0-0. Light: full sun. Water preference: unknown moisture.; Greenleaf willow; uncategorised; 0
Salix matsudana; Corkscrew willow; Height: 18m, growing fast. Hardiness: 4-8. Light: full sun. Water preference: unknown moisture.; Hankow Willow, Peking Willow, Corkscrew Willow; uncategorised; 4
Salix miyabeana; ; Height: 5m. Hardiness: 5-9. Light: full sun. Water preference: unknown moisture.; ; uncategorised; 5
Salix nigra; Black Willow; Height: 12m, growing fast. Hardiness: 4-8. Light: full sun. Water preference: unknown moisture.; ; uncategorised; 4
Salix pentandra; Bay Willow; Height: 10m, growing fast. Hardiness: 2-5. Light: full sun. Water preference: unknown moisture.; Laurel willow; uncategorised; 2
Salix petiolaris; Slender Willow. Meadow willow; Height: 3m, growing fast. Hardiness: 0-0. Light: full sun. Water preference: unknown moisture.; ; uncategorised; 0
Salix piperi; Dune Willow; Height: 0m. Hardiness: 0-0. Light: full sun. Water preference: unknown moisture.; ; uncategorised; 0
Salix purpurea; Purple Osier. purpleosier willow; Height: 5m, growing fast. Hardiness: 4-8. Light: full sun. Water preference: unknown moisture.; ; uncategorised; 4
Salix purpurea lambertiana; Purple Osier; Height: 5m, growing fast. Hardiness: 4-8. Light: full sun. Water preference: unknown moisture.; ; uncategorised; 4
Salix repens; Creeping Willow; Height: 1m. Hardiness: 4-8. Light: semi-shade or full sun. Water preference: moist.; ; uncategorised; 4
Salix schwerinii; ; Height: 0m. Hardiness: 5-9. Light: full sun. Water preference: unknown moisture.; ; uncategorised; 5
Salix scouleriana; Scouler's Willow; Height: 10m, growing fast. Hardiness: 5-9. Light: full sun. Water preference: unknown moisture.; ; uncategorised; 5
Salix sitchensis; Sitka Willow; Height: 7m. Hardiness: 4-8. Light: full sun. Water preference: unknown moisture.; ; uncategorised; 4
Salix taxifolia; Yew-Leaf Willow; Height: 10m. Hardiness: 9-11. Light: full sun. Water preference: unknown moisture.; ; uncategorised; 9
Salix triandra; Almond-Leaved Willow; Height: 9m, growing fast. Hardiness: 4-8. Light: full sun. Water preference: unknown moisture.; Almond willow; uncategorised; 4
Salix viminalis; Osier. Basket Willow; Height: 6m, growing fast. Hardiness: 4-8. Light: full sun. Water preference: unknown moisture.; ; uncategorised; 4
Salix x mollisima hippophaeifolia; ; Height: 6m. Hardiness: 5-9. Light: full sun. Water preference: unknown moisture.; ; uncategorised; 5
Salix x mollisima undulata; Salix × mollisima var. undulata; Height: 6m. Hardiness: 5-9. Light: full sun. Water preference: unknown moisture.; ; uncategorised; 5
Salix x rubra; Green-leaved willow; Height: 6m. Hardiness: 4-8. Light: full sun. Water preference: unknown moisture.; Red osier; uncategorised; 4
Salix x smithiana; Silky-leaved Osier; Height: 9m. Hardiness: 4-8. Light: full sun. Water preference: unknown moisture.; Smith Willow; uncategorised; 4
Salvia carnosa; Purple Sage; Height: 0.8m. Hardiness: 6-9. Light: full sun. Water preference: dry - moist.; ; uncategorised; 6
Salvia clevelandii; Blue Sage; Height: 0.6m, growing at a medium rate. Hardiness: 8-11. Light: full sun. Water preference: dry - moist.; Fragrant sage, Chaparral Sage; uncategorised; 8
Salvia fruticosa; Greek Sage; Height: 1m. Hardiness: 8-11. Light: full sun. Water preference: dry - moist.; Greek oregano; uncategorised; 8
Salvia lavandulifolia; Spanish Sage; Height: 0.3m. Hardiness: 4-8. Light: full sun. Water preference: dry - moist.; ; uncategorised; 4
Salvia leucantha; Mexican Bush Sage; Height: 1.2m, growing fast. Hardiness: 8-10. Light: full sun. Water preference: moist.; ; uncategorised; 8
Salvia mellifera; Californian Black Sage; Height: 2m. Hardiness: 7-10. Light: full sun. Water preference: dry - moist.; ; uncategorised; 7
Salvia multicaulis; ; Height: 0.3m. Hardiness: 7-10. Light: full sun. Water preference: dry - moist.; ; uncategorised; 7
Salvia officinalis; Sage; Height: 0.6m, growing at a medium rate. Hardiness: 5-10. Light: full sun. Water preference: dry - moist.; Kitchen sage, Small Leaf Sage, Garden Sage; Food forest; 5
Salvia pomifera; Apple Sage; Height: 1m. Hardiness: 7-10. Light: full sun. Water preference: dry - moist.; ; uncategorised; 7
Sambucus australasica; Yellow Elderberry; Height: 6m. Hardiness: 9-10. Light: semi-shade or full sun. Water preference: moist.; ; uncategorised; 9
Sambucus caerulea; Blue Elder; Height: 3m, growing at a medium rate. Hardiness: 4-8. Light: semi-shade or full sun. Water preference: dry - moist.; ; Food forest; 4
Sambucus melanocarpa; Black Elder; Height: 4m. Hardiness: 5-9. Light: semi-shade or full sun. Water preference: moist.; Rocky Mountain elder; uncategorised; 5
Sambucus mexicana; Mexican Elder; Height: 1m. Hardiness: 3-9. Light: semi-shade or full sun. Water preference: moist.; ; uncategorised; 3
Sambucus microbotrys; Red Elder; Height: 2m. Hardiness: 5-9. Light: semi-shade or full sun. Water preference: moist.; ; uncategorised; 5
Sambucus nigra; Elderberry - European Elder; Height: 6m, growing fast. Hardiness: 5-10. Light: semi-shade or full sun. Water preference: moist.; Black elderberry, American black elderberry, Blue elderberry, Europea; Food forest; 5
Sambucus nigra spp canadensis; American Elder; Height: 4m, growing fast. Hardiness: 3-9. Light: semi-shade or full sun. Water preference: moist.; ; Food forest; 3
Sambucus pubens; American Red Elder; Height: 4m. Hardiness: 4-8. Light: semi-shade or full sun. Water preference: moist.; ; Food forest; 4
Sambucus racemosa; Red Elder; Height: 3m, growing at a medium rate. Hardiness: 3-7. Light: semi-shade or full sun. Water preference: moist.; Red elderberry, Rocky Mountain elder, European Red Elderberry; Food forest; 3
Sambucus racemosa kamtschatica; Red Elder; Height: 3m. Hardiness: 4-8. Light: semi-shade or full sun. Water preference: moist.; ; Food forest; 4
Sambucus racemosa sieboldiana; ; Height: 4m, growing at a medium rate. Hardiness: 0-0. Light: semi-shade or full sun. Water preference: moist.; ; uncategorised; 0
Sambucus racemosa var. racemosa; Red Coast Elder; Height: 3m. Hardiness: 5-9. Light: semi-shade or full sun. Water preference: moist.; ; Food forest; 5
Santalum austrocaledonicum; Pacific Sandalwood; Height: 10m, growing slowly. Hardiness: 10-12. Light: full sun. Water preference: dry - moist.; ; uncategorised; 10
Santalum yasi; Yasi; Height: 10m, growing slowly. Hardiness: 9-12. Light: full sun. Water preference: dry - moist.; Fijian Sandalwood, Brown Sandalwood; uncategorised; 9
Santolina chamaecyparissus; Cotton Lavender; Height: 0.6m, growing fast. Hardiness: 6-9. Light: full sun. Water preference: dry - moist.; ; uncategorised; 6
Santolina pinnata neopolitana; ; Height: 0.6m. Hardiness: 6-9. Light: full sun. Water preference: dry - moist.; ; uncategorised; 6
Santolina rosmarinifolia; Holy Flax; Height: 0.5m. Hardiness: 6-10. Light: full sun. Water preference: dry - moist.; ; uncategorised; 6
Sapindus drummondii; Western Soapberry; Height: 12m, growing slowly. Hardiness: 7-10. Light: full sun. Water preference: dry - moist.; ; uncategorised; 7
Sapindus marginatus; Wingleaf soapberry; Height: 15m, growing slowly. Hardiness: 7-10. Light: full sun. Water preference: dry - moist.; ; uncategorised; 7
Sapindus mukorossi; Chinese Soapberry; Height: 20m, growing fast. Hardiness: 8-12. Light: full sun. Water preference: dry - moist.; Soap Berry, Chinese Soapberry, Soapnut Tree; uncategorised; 8
Sapium sebiferum; Vegetable Tallow; Height: 9m, growing fast. Hardiness: 8-11. Light: full sun. Water preference: moist.; Chinese tallow, Popcorn Tree, Chinese Tallow Tree; uncategorised; 8
Sarcobatus vermiculatus; Greasewood; Height: 2.7m. Hardiness: 4-8. Light: full sun. Water preference: dry - moist.; ; uncategorised; 4
Sasa veitchii; Kuma-Zasa; Height: 1.5m. Hardiness: 7-10. Light: semi-shade. Water preference: moist.; Kuma bamboo grass; uncategorised; 7
Sasamorpha borealis; ; Height: 3m. Hardiness: 6-9. Light: semi-shade. Water preference: moist.; ; uncategorised; 6
Sassafras albidum; Sassafras; Height: 25m, growing at a medium rate. Hardiness: 5-9. Light: semi-shade or full sun. Water preference: moist.; Common Sassafras; Food forest; 5
Satureja montana; Winter Savory; Height: 0.4m, growing at a medium rate. Hardiness: 6-11. Light: full sun. Water preference: dry - moist.; ; Food forest; 6
Satureja thymbra; Thyme-Leaved Savory; Height: 0.4m. Hardiness: 6-9. Light: semi-shade or full sun. Water preference: moist.; ; uncategorised; 6
Schinus molle; California Peppertree; Height: 8m, growing fast. Hardiness: 8-12. Light: full sun. Water preference: dry - moist.; Peruvian peppertree; uncategorised; 8
Schinus polygamus; Huigen; Height: 4.5m. Hardiness: 7-10. Light: semi-shade or full sun. Water preference: dry - moist.; Hardee peppertree; uncategorised; 7
Schisandra chinensis; Magnolia Vine; Height: 9m, growing at a medium rate. Hardiness: 4-8. Light: full shade or semi-shade. Water preference: moist.; Wu Wei Zi; Food forest; 4
Schisandra henryi; ; Height: 6m. Hardiness: 7-10. Light: full shade or semi-shade. Water preference: moist.; ; Food forest; 7
Schisandra repanda; ; Height: 6m. Hardiness: 6-9. Light: semi-shade. Water preference: moist.; ; uncategorised; 6
Schisandra rubriflora; ; Height: 6m, growing at a medium rate. Hardiness: 7-10. Light: semi-shade. Water preference: moist.; ; Food forest; 7
Schisandra sphenanthera; ; Height: 7m, growing at a medium rate. Hardiness: 6-9. Light: full shade or semi-shade. Water preference: moist.; ; uncategorised; 6
Schizophragma hydrangeoides; Japanese Hydrangea Vine; Height: 12m, growing slowly. Hardiness: 5-8. Light: full shade or semi-shade or full sun. Water preference: moist.; ; uncategorised; 5
Schizophragma integrifolium; ; Height: 12m. Hardiness: 6-9. Light: full shade or semi-shade or full sun. Water preference: moist.; ; uncategorised; 6
Schizostachyum spp; Clumping Bamboo; Height: 10m, growing fast. Hardiness: 8-12. Light: semi-shade or full sun. Water preference: moist.; ; uncategorised; 8
Sciadopitys verticillata; Umbrella Pine; Height: 15m, growing at a medium rate. Hardiness: 5-7. Light: semi-shade or full sun. Water preference: unknown moisture.; Japanese Umbrella Pine; uncategorised; 5
Securidaca longipedunculata; Violet Tree; Height: 6m. Hardiness: 10-12. Light: semi-shade or full sun. Water preference: moist.; ; uncategorised; 10
Senecio cineraria; Cineraria; Height: 0.6m, growing at a medium rate. Hardiness: 8-10. Light: full sun. Water preference: dry - moist.; Dusty miller, Silver Groundsel; uncategorised; 8
Senecio scandens; ; Height: 5m, growing at a medium rate. Hardiness: 8-11. Light: full sun. Water preference: moist.; ; uncategorised; 8
Senegalia catechu; Black Catechu; Height: 20m, growing fast. Hardiness: 10-12. Light: full sun. Water preference: dry - moist.; ; uncategorised; 10
Sequoia sempervirens; Coastal Redwood; Height: 110m, growing fast. Hardiness: 7-10. Light: semi-shade or full sun. Water preference: moist.; Redwood, California Redwood, Coast Redwood; uncategorised; 7
Sequoiadendron giganteum; Big Tree; Height: 90m, growing fast. Hardiness: 6-8. Light: semi-shade or full sun. Water preference: dry - moist.; Giant sequoia, Giant Redwood, Sierra Redwood; uncategorised; 6
Shibataea kumasasa; Bamboo; Height: 0.8m, growing slowly. Hardiness: 6-9. Light: semi-shade. Water preference: moist.; Okame Zasa; uncategorised; 6
Shorea javanica; Dammar; Height: 40m, growing fast. Hardiness: 10-12. Light: full sun. Water preference: moist.; White meranti; uncategorised; 10
Shorea johorensis; Seraya majau; Height: 50m, growing at a medium rate. Hardiness: 10-12. Light: full sun. Water preference: moist.; Meranti majau; uncategorised; 10
Shorea obtusa; Taengwood Balau; Height: 20m, growing at a medium rate. Hardiness: 10-12. Light: full sun. Water preference: dry - moist.; teng; uncategorised; 10
Shorea quadrinervis; Light Red Meranti; Height: 30m, growing at a medium rate. Hardiness: 10-12. Light: full sun. Water preference: dry - moist.; ; uncategorised; 10
Simarouba glauca; Paradise Tree; Height: 15m, growing fast. Hardiness: 9-12. Light: semi-shade or full sun. Water preference: unknown moisture.; Bitterwood, Dysentery-bark; Food forest; 9
Sinofranchetia chinensis; ; Height: 15m, growing fast. Hardiness: 5-9. Light: semi-shade or full sun. Water preference: moist.; ; uncategorised; 5
Skimmia japonica; Japanese Skimmia; Height: 2m, growing slowly. Hardiness: 6-7. Light: full shade or semi-shade or full sun. Water preference: moist.; ; uncategorised; 6
Skimmia laureola; ; Height: 1.5m. Hardiness: 6-9. Light: semi-shade or full sun. Water preference: moist.; ; uncategorised; 6
Smilax aspera; Sarsaparilla; Height: 3m. Hardiness: 8-11. Light: semi-shade or full sun. Water preference: moist.; Rough bindweed; Food forest; 8
Smilax bona-nox; Greenbriar; Height: 6m. Hardiness: 0-0. Light: semi-shade or full sun. Water preference: moist.; Saw greenbrier, Dunes saw greenbrier; Food forest; 0
Smilax china; China Root; Height: 4.5m. Hardiness: 5-9. Light: semi-shade or full sun. Water preference: moist.; ; Food forest; 5
Smilax discotis; ; Height: 7m. Hardiness: 7-10. Light: semi-shade or full sun. Water preference: moist.; ; uncategorised; 7
Smilax febrifuga; Ecuadorian Sarsaparilla; Height: 12m, growing fast. Hardiness: 10-12. Light: semi-shade or full sun. Water preference: moist.; ; Food forest; 10
Smilax glauca; Cat Greenbrier; Height: 5m. Hardiness: 4-8. Light: semi-shade or full sun. Water preference: dry - moist.; ; uncategorised; 4
Smilax hispida; Hag Briar; Height: 15m. Hardiness: 4-8. Light: semi-shade or full sun. Water preference: moist.; ; uncategorised; 4
Smilax rotundifolia; Horse Brier; Height: 12m, growing fast. Hardiness: 4-9. Light: semi-shade or full sun. Water preference: moist.; Roundleaf greenbrier, Brambles; Food forest; 4
Solanum aethiopicum; Mock Tomato; Height: 2.5m. Hardiness: 10-12. Light: full sun. Water preference: moist.; Ethiopian nightshade; Food forest; 10
Solanum aviculare; Kangaroo Apple; Height: 1.8m. Hardiness: 8-11. Light: full sun. Water preference: moist.; New Zealand nightshade; uncategorised; 8
Solanum laciniatum; Kangaroo Apple; Height: 3m. Hardiness: 8-11. Light: full sun. Water preference: moist.; ; uncategorised; 8
Solanum muricatum; Pepino; Height: 1m. Hardiness: 8-11. Light: full sun. Water preference: moist.; ; Food forest; 8
Solanum paniculatum; Jurubeba; Height: 2m, growing fast. Hardiness: 10-12. Light: semi-shade or full sun. Water preference: moist.; Nightshade; uncategorised; 10
Solanum quitoense; Naranjilla; Height: 2.5m, growing fast. Hardiness: 10-12. Light: semi-shade or full sun. Water preference: moist.; Quito Orange; Food forest; 10
Solanum simile; Oondoroo; Height: 2m. Hardiness: 8-11. Light: full sun. Water preference: dry - moist.; ; uncategorised; 8
Solanum torvum; Pea Eggplant; Height: 2.5m, growing fast. Hardiness: 8-11. Light: semi-shade or full sun. Water preference: moist.; Turkey berry; Food forest; 8
Sophora davidii; Sophora; Height: 2.5m, growing slowly. Hardiness: 5-8. Light: full sun. Water preference: dry - moist.; ; uncategorised; 5
Sophora flavescens; Ku Shen; Height: 1.5m, growing slowly. Hardiness: 5-9. Light: full sun. Water preference: moist.; Shrubby sophora; uncategorised; 5
Sophora japonica; Japanese Pagoda Tree; Height: 20m, growing fast. Hardiness: 4-9. Light: full sun. Water preference: moist.; Scholar Tree; uncategorised; 4
Sorbaria sorbifolia; false spiraea; Height: 1.8m, growing fast. Hardiness: 2-7. Light: semi-shade or full sun. Water preference: moist.; ; uncategorised; 2
Sorbopyrus species; ; Height: 10m. Hardiness: 4-8. Light: semi-shade or full sun. Water preference: moist.; ; Food forest; 4
Sorbus americana; American Mountain Ash; Height: 10m, growing slowly. Hardiness: 2-6. Light: semi-shade or full sun. Water preference: moist.; ; uncategorised; 2
Sorbus austriaca; ; Height: 10m. Hardiness: 5-9. Light: semi-shade or full sun. Water preference: moist.; ; uncategorised; 5
Sorbus commixta; ; Height: 10m. Hardiness: 5-9. Light: semi-shade or full sun. Water preference: moist.; ; uncategorised; 5
Sorbus decora; Showy Mountain Ash; Height: 10m. Hardiness: 0-0. Light: semi-shade or full sun. Water preference: moist.; ; uncategorised; 0
Sorbus devoniensis; Devon Whitebeam; Height: 13m, growing at a medium rate. Hardiness: 6-9. Light: semi-shade or full sun. Water preference: moist.; ; Food forest; 6
Sorbus gracilis; ; Height: 2m. Hardiness: 5-9. Light: semi-shade or full sun. Water preference: moist.; ; uncategorised; 5
Sorbus hybrida; Swedish Service Tree; Height: 9m. Hardiness: 4-8. Light: semi-shade or full sun. Water preference: moist.; Oakleaf mountain ash; uncategorised; 4
Sorbus intermedia; Swedish Whitebeam; Height: 12m, growing at a medium rate. Hardiness: 4-8. Light: semi-shade or full sun. Water preference: moist.; ; uncategorised; 4
Sorbus mougeotii; ; Height: 18m, growing at a medium rate. Hardiness: 5-9. Light: semi-shade or full sun. Water preference: moist.; ; Food forest; 5
Sorbus sambucifolia; Siberian mountain ash; Height: 0m. Hardiness: 5-9. Light: semi-shade or full sun. Water preference: moist.; ; uncategorised; 5
Sorbus scopulina; Western Mountain Ash; Height: 4m. Hardiness: 4-8. Light: semi-shade or full sun. Water preference: moist.; Greene's mountain ash, Cascade mountain ash; uncategorised; 4
Sorbus sitchensis; Sitka Mountain Ash; Height: 1.8m, growing slowly. Hardiness: 4-8. Light: semi-shade or full sun. Water preference: moist.; Western mountain ash; uncategorised; 4
Sorbus species; ; Height: 10m. Hardiness: 6-9. Light: semi-shade or full sun. Water preference: moist.; ; uncategorised; 6
Sorbus vestita; ; Height: 10m. Hardiness: 6-9. Light: semi-shade or full sun. Water preference: moist.; ; uncategorised; 6
Spiraea alba; White Meadowsweet; Height: 1.5m. Hardiness: 5-9. Light: semi-shade or full sun. Water preference: moist.; ; uncategorised; 5
Spiraea betulifolia aemiliana; ; Height: 0.3m. Hardiness: 4-8. Light: full sun. Water preference: moist.; ; uncategorised; 4
Spiraea blumei; ; Height: 1.5m. Hardiness: 5-9. Light: semi-shade or full sun. Water preference: moist.; ; uncategorised; 5
Spiraea canescens; ; Height: 3m. Hardiness: 4-8. Light: semi-shade or full sun. Water preference: moist.; ; uncategorised; 4
Spiraea douglasii; Steeplebush; Height: 2.5m. Hardiness: 4-8. Light: semi-shade or full sun. Water preference: moist.; Rose spirea, Menzies' spirea; uncategorised; 4
Spiraea henryi; ; Height: 3m. Hardiness: 5-9. Light: full sun. Water preference: moist.; ; uncategorised; 5
Spiraea japonica; Japanese Spiraea; Height: 1.5m. Hardiness: 4-8. Light: semi-shade or full sun. Water preference: moist.; Japanese meadowsweet; uncategorised; 4
Spiraea nervosa angustifolia; ; Height: 1.5m. Hardiness: 5-9. Light: full sun. Water preference: moist.; ; uncategorised; 5
Spiraea prunifolia; Bridalwreath Spiraea; Height: 2.5m, growing at a medium rate. Hardiness: 4-8. Light: semi-shade or full sun. Water preference: moist.; ; uncategorised; 4
Spiraea pyramidata; Spirea; Height: 1m. Hardiness: 5-9. Light: semi-shade or full sun. Water preference: moist.; ; uncategorised; 5
Spiraea salicifolia; Bridewort; Height: 1.8m. Hardiness: 4-8. Light: semi-shade or full sun. Water preference: moist.; Willowleaf meadowsweet; uncategorised; 4
Spiraea thunbergii; Thunberg's meadowsweet; Height: 1.5m, growing at a medium rate. Hardiness: 4-8. Light: semi-shade or full sun. Water preference: moist.; Thunberg Spirea; uncategorised; 4
Spiraea tomentosa; Hardhack; Height: 1.5m. Hardiness: 3-7. Light: semi-shade or full sun. Water preference: moist.; Steeplebush; uncategorised; 3
Spiraea x arguta; Garland Spiraea; Height: 2.5m. Hardiness: 4-8. Light: semi-shade or full sun. Water preference: moist.; ; uncategorised; 4
Spirostachys africana; African mahogany tree; Height: 7.5m, growing slowly. Hardiness: 10-12. Light: full sun. Water preference: dry - moist.; African sandalwood; uncategorised; 10
Spondias dulcis; Golden Apple; Height: 15m, growing fast. Hardiness: 9-12. Light: semi-shade or full sun. Water preference: dry - moist.; Ambarella,; Food forest; 9
Spondias purpurea; Purple Mombin Red Mombin; Height: 10m, growing fast. Hardiness: 10-12. Light: full sun. Water preference: dry - moist.; Spanish Plum, Ciruela; Food forest; 10
Spondias tuberosa; Imbu; Height: 6m, growing slowly. Hardiness: 10-12. Light: full sun. Water preference: dry - moist.; Umbú, Brazil Plum; Food forest; 10
Staphylea colchica; Bladdernut; Height: 4m, growing at a medium rate. Hardiness: 5-9. Light: semi-shade or full sun. Water preference: moist.; ; uncategorised; 5
Staphylea emodi; ; Height: 3.5m. Hardiness: 8-11. Light: semi-shade or full sun. Water preference: moist.; ; uncategorised; 8
Staphylea pinnata; Bladder Nut; Height: 4.5m. Hardiness: 5-9. Light: semi-shade or full sun. Water preference: moist.; ; Food forest; 5
Staphylea trifolia; American Bladder Nut; Height: 4m, growing at a medium rate. Hardiness: 4-8. Light: semi-shade or full sun. Water preference: moist.; ; Food forest; 4
Stephanandra incisa; Laceshrub; Height: 2m, growing at a medium rate. Hardiness: 3-7. Light: semi-shade or full sun. Water preference: moist.; Cutleaf Stephanandra; uncategorised; 3
Stephanandra tanakae; ; Height: 3m. Hardiness: 5-9. Light: semi-shade or full sun. Water preference: moist.; ; uncategorised; 5
Stewartia pseudocamellia; Japanese Stewartia; Height: 15m, growing slowly. Hardiness: 4-7. Light: semi-shade or full sun. Water preference: moist.; ; uncategorised; 4
Strychnos potatorum; Clearing Nut; Height: 12m, growing slowly. Hardiness: 10-12. Light: full shade or semi-shade. Water preference: dry - moist.; ; uncategorised; 10
Styphelia triflora; Pink Fivecorner; Height: 1m. Hardiness: 8-11. Light: semi-shade or full sun. Water preference: moist.; ; uncategorised; 8
Styphelia viridis; ; Height: 1.2m. Hardiness: 8-11. Light: semi-shade or full sun. Water preference: moist.; ; uncategorised; 8
Styrax japonica; Japanese Storax; Height: 8m, growing slowly. Hardiness: 4-8. Light: semi-shade or full sun. Water preference: moist.; ; uncategorised; 4
Styrax officinalis; Storax Tree; Height: 5m, growing slowly. Hardiness: 8-11. Light: semi-shade or full sun. Water preference: moist.; ; uncategorised; 8
Swartzia bannia; Bannia; Height: 12m, growing at a medium rate. Hardiness: 10-12. Light: full sun. Water preference: moist.; Banya; uncategorised; 10
Swartzia benthamiana; Wamara; Height: 20m, growing at a medium rate. Hardiness: 10-12. Light: semi-shade or full sun. Water preference: moist.; ; uncategorised; 10
Swartzia grandifolia; Big leafed Swartzia; Height: 15m, growing at a medium rate. Hardiness: 10-12. Light: full sun. Water preference: moist.; Coracao-de-Negro; uncategorised; 10
Swartzia ingifolia; Swartzia; Height: 20m, growing fast. Hardiness: 10-12. Light: full sun. Water preference: moist.; ; uncategorised; 10
Swartzia leiocalycina; Wamara; Height: 28m, growing at a medium rate. Hardiness: 10-12. Light: full sun. Water preference: moist.; ; uncategorised; 10
Swietenia macrophylla; Big Leaf Mahogany; Height: 35m, growing slowly. Hardiness: 10-12. Light: full sun. Water preference: moist.; Honduras Mahogany; uncategorised; 10
Symphoricarpos albus laevigatus; Snowberry; Height: 3m, growing at a medium rate. Hardiness: 3-7. Light: full shade or semi-shade or full sun. Water preference: dry - moist.; ; uncategorised; 3
Symphoricarpos occidentalis; Wolfberry; Height: 1.8m, growing at a medium rate. Hardiness: 3-7. Light: full shade or semi-shade or full sun. Water preference: dry - moist.; Western snowberry; uncategorised; 3
Symplocos paniculata; Asiatic Sweetleaf; Height: 4m. Hardiness: 4-8. Light: full sun. Water preference: moist.; Sapphire-berry; uncategorised; 4
Symplocos tinctoria; Sweet Leaf; Height: 8m. Hardiness: 0-0. Light: semi-shade or full sun. Water preference: moist.; Common sweetleaf; uncategorised; 0
Syringa josikaea; Hungarian Lilac; Height: 4m, growing at a medium rate. Hardiness: 2-7. Light: full sun. Water preference: moist.; ; uncategorised; 2
Syringa vulgaris; Lilac; Height: 6m, growing at a medium rate. Hardiness: 3-7. Light: full sun. Water preference: moist.; Common lilac; uncategorised; 3
Syzygium australe; Brush Cherry; Height: 3m. Hardiness: 6-12. Light: semi-shade or full sun. Water preference: moist.; ; Food forest; 6
Syzygium paniculatum; Brush Cherry; Height: 5m. Hardiness: 9-11. Light: semi-shade or full sun. Water preference: moist.; ; uncategorised; 9
Tachigali rubiginosa; Tachigali; Height: 7.5m, growing fast. Hardiness: 10-12. Light: full sun. Water preference: moist.; ; uncategorised; 10
Talisia esculenta; Pitomba; Height: 10m, growing fast. Hardiness: 10-12. Light: full sun. Water preference: moist.; ; Food forest; 10
Triplochiton scleroxylon; Arere; Height: 40m, growing fast. Hardiness: 10-12. Light: full sun. Water preference: moist.; Obeche, Samba; uncategorised; 10
Viscum album; Mistletoe; Height: 1m. Hardiness: 6-9. Light: semi-shade or full sun. Water preference: moist.; European mistletoe; uncategorised; 6
Yucca baccata; Spanish Bayonet; Height: 0.9m, growing slowly. Hardiness: 6-11. Light: full sun. Water preference: dry - moist.; Banana yucca, Blue Yucca, Spanish Yucca; Food forest; 6
Yucca schidigera; Mojave Yucca; Height: 4.5m. Hardiness: 9-10. Light: full sun. Water preference: dry - moist.; Yucca; Food forest; 9
Tachia guianensis; Tachia; Height: 3m, growing at a medium rate. Hardiness: 10-12. Light: full sun. Water preference: moist.; ; uncategorised; 10
Tamarindus indica; Tamarind; Height: 20m, growing slowly. Hardiness: 10-12. Light: full sun. Water preference: dry - moist.; ; Food forest; 10
Tamarix africana; African tamarisk; Height: 7.5m, growing at a medium rate. Hardiness: 7-10. Light: full sun. Water preference: dry - moist.; ; uncategorised; 7
Tamarix anglica; English Tree; Height: 5m, growing at a medium rate. Hardiness: 6-9. Light: full sun. Water preference: dry - moist.; ; uncategorised; 6
Tamarix aphylla; Athel Tamarisk; Height: 10m, growing at a medium rate. Hardiness: 7-10. Light: full sun. Water preference: dry - moist.; ; uncategorised; 7
Tamarix canariensis; Tamarisk; Height: 0m, growing at a medium rate. Hardiness: 7-10. Light: full sun. Water preference: dry - moist.; Canary Island tamarisk; uncategorised; 7
Tamarix chinensis; Chinese Tamarisk; Height: 4.5m, growing at a medium rate. Hardiness: 6-9. Light: full sun. Water preference: dry - moist.; Five-stamen tamarisk; uncategorised; 6
Tamarix gallica; Manna Plant; Height: 4m, growing at a medium rate. Hardiness: 4-8. Light: full sun. Water preference: dry - moist.; French tamarisk; uncategorised; 4
Tamarix hispida; Kashgar Tree; Height: 1m, growing at a medium rate. Hardiness: 5-9. Light: full sun. Water preference: dry - moist.; ; uncategorised; 5
Tamarix juniperina; ; Height: 7.5m, growing at a medium rate. Hardiness: 5-9. Light: full sun. Water preference: dry - moist.; ; uncategorised; 5
Tamarix parviflora; Small-Flowered Tamarisk; Height: 4.5m, growing at a medium rate. Hardiness: 4-8. Light: full sun. Water preference: dry - moist.; ; uncategorised; 4
Tamarix ramosissima; Tamarisk; Height: 4.5m, growing at a medium rate. Hardiness: 2-9. Light: full sun. Water preference: dry - moist.; Saltcedar; uncategorised; 2
Tarchonanthus camphoratus; Camphor Bush; Height: 7m, growing at a medium rate. Hardiness: 9-12. Light: semi-shade or full sun. Water preference: unknown moisture.; Wild Camphor Bush; uncategorised; 9
Taxus brevifolia; Pacific Yew; Height: 15m, growing slowly. Hardiness: 5-9. Light: full shade or semi-shade or full sun. Water preference: dry - moist.; ; Food forest; 5
Taxus canadensis; Canadian Yew; Height: 1.5m, growing slowly. Hardiness: 4-8. Light: full shade or semi-shade or full sun. Water preference: dry - moist.; ; Food forest; 4
Taxus cuspidata; Japanese Yew; Height: 10m, growing slowly. Hardiness: 4-7. Light: full shade or semi-shade or full sun. Water preference: dry - moist.; ; Food forest; 4
Taxus x media; Anglojapanese Yew; Height: 6m, growing slowly. Hardiness: 4-7. Light: full shade or semi-shade or full sun. Water preference: dry - moist.; ; Food forest; 4
Telfairia occidentalis; Fluted Gourd; Height: 15m, growing fast. Hardiness: 10-12. Light: full shade or semi-shade or full sun. Water preference: moist.; ; Food forest; 10
Telopea speciosissima; Waratah; Height: 3m. Hardiness: 8-11. Light: full sun. Water preference: moist.; ; uncategorised; 8
Terminalia catappa; Indian Almond; Height: 30m, growing fast. Hardiness: 10-12. Light: full sun. Water preference: moist.; Tropical Almond Tree; Food forest; 10
Terminalia chebula; Black Myrobalan; Height: 25m, growing slowly. Hardiness: 10-12. Light: full sun. Water preference: moist.; Chebulic Myroblan,; Food forest; 10
Terminalia ivorensis; Black Afara; Height: 30m, growing fast. Hardiness: 10-12. Light: full sun. Water preference: moist.; ; uncategorised; 10
Terminalia kaernbachii; Okari Nut; Height: 20m, growing fast. Hardiness: 10-12. Light: full sun. Water preference: moist.; ; Food forest; 10
Terminalia sambesiaca; ; Height: 32m, growing fast. Hardiness: 10-12. Light: full sun. Water preference: dry - moist.; ; uncategorised; 10
Terminalia superba; Shinglewood; Height: 40m, growing fast. Hardiness: 10-12. Light: full sun. Water preference: moist.; ; uncategorised; 10
Ternstroemia japonica; ; Height: 3.5m. Hardiness: 8-11. Light: semi-shade. Water preference: moist.; ; uncategorised; 8
Teucrium chamaedrys; Wall Germander; Height: 0.3m, growing slowly. Hardiness: 5-9. Light: semi-shade or full sun. Water preference: dry - moist.; Germander; uncategorised; 5
Teucrium marum; Cat Thyme; Height: 0.3m. Hardiness: 8-11. Light: full sun. Water preference: dry - moist.; ; uncategorised; 8
Teucrium massiliense; ; Height: 1m. Hardiness: 5-9. Light: full sun. Water preference: dry - moist.; ; uncategorised; 5
Teucrium polium; ; Height: 0.2m. Hardiness: 6-9. Light: full sun. Water preference: dry - moist.; ; uncategorised; 6
Thamnocalamus aristatus; ; Height: 6m. Hardiness: 5-9. Light: semi-shade or full sun. Water preference: moist.; ; uncategorised; 5
Theobroma cacao; Cacao; Height: 8m, growing at a medium rate. Hardiness: 10-12. Light: full shade or semi-shade or full sun. Water preference: moist.; Cocoa Tree; Food forest; 10
Theobroma glaucum; ; Height: 12m, growing at a medium rate. Hardiness: 10-12. Light: semi-shade. Water preference: moist.; ; Food forest; 10
Thuja plicata; Western Red Cedar; Height: 60m, growing fast. Hardiness: 5-8. Light: semi-shade or full sun. Water preference: unknown moisture.; Giant Arborvitae, Giant Cedar, Incense Cedar, Western Red Cedar; uncategorised; 5
Thymbra spicata; ; Height: 0.5m. Hardiness: 7-10. Light: full sun. Water preference: dry - moist.; ; uncategorised; 7
Thymus caespititius; Cretan Thyme; Height: 0.1m. Hardiness: 6-9. Light: full sun. Water preference: dry - moist.; ; uncategorised; 6
Thymus camphoratus; Camphor Thyme; Height: 0.4m. Hardiness: 6-9. Light: full sun. Water preference: dry - moist.; ; uncategorised; 6
Thymus cilicicus; Cilician Thyme; Height: 0.2m. Hardiness: 6-9. Light: full sun. Water preference: dry - moist.; ; uncategorised; 6
Thymus herba-barona; Caraway Thyme; Height: 0.1m, growing slowly. Hardiness: 8-10. Light: full sun. Water preference: dry - moist.; ; Food forest; 8
Thymus mastichina; Mastic Thyme; Height: 0.3m. Hardiness: 6-9. Light: full sun. Water preference: dry - moist.; ; uncategorised; 6
Thymus praecox; Mother of thyme; Height: 0.1m, growing at a medium rate. Hardiness: 5-8. Light: full sun. Water preference: dry - moist.; Creeping thyme, Woolly Thyme; uncategorised; 5
Thymus praecox arcticus; Wild Thyme; Height: 0.1m. Hardiness: 4-8. Light: full sun. Water preference: dry - moist.; ; Food forest; 4
Thymus pseudolanuginosus; Woolly Thyme; Height: 0.1m, growing at a medium rate. Hardiness: 3-9. Light: full sun. Water preference: dry - moist.; ; uncategorised; 3
Thymus pulegioides; Broad-Leaved Thyme; Height: 0.2m. Hardiness: 4-8. Light: full sun. Water preference: dry - moist.; lemon thyme; uncategorised; 4
Thymus quinquecostatus; ; Height: 0.1m. Hardiness: 4-8. Light: full sun. Water preference: dry - moist.; ; uncategorised; 4
Thymus serpyllum; Wild Thyme; Height: 0.1m, growing at a medium rate. Hardiness: 5-9. Light: full sun. Water preference: dry - moist.; ; Food forest; 5
Thymus x citriodorus; Lemon Thyme; Height: 0.1m, growing at a medium rate. Hardiness: 5-10. Light: full sun. Water preference: dry - moist.; Creeping Lemon Thyme, Lemon-Scented Thyme; Food forest; 5
Thymus zygis; ; Height: 0.3m. Hardiness: 6-9. Light: full sun. Water preference: dry - moist.; ; uncategorised; 6
Tilia americana; American Basswood; Height: 25m, growing at a medium rate. Hardiness: 3-9. Light: semi-shade or full sun. Water preference: moist.; Carolina basswood, Basswood, AmericanBasswood, American Linden; Food forest; 3
Tilia amurensis; ; Height: 30m, growing at a medium rate. Hardiness: 4-8. Light: semi-shade or full sun. Water preference: moist.; ; Food forest; 4
Tilia caroliniana; Carolina Basswood; Height: 20m, growing at a medium rate. Hardiness: 6-9. Light: semi-shade or full sun. Water preference: moist.; ; Food forest; 6
Tilia chinensis; ; Height: 25m, growing at a medium rate. Hardiness: 4-8. Light: semi-shade or full sun. Water preference: moist.; ; Food forest; 4
Tilia cordata; Small Leaved Lime; Height: 30m, growing at a medium rate. Hardiness: 3-7. Light: semi-shade or full sun. Water preference: moist.; Littleleaf linden; Food forest; 3
Tilia heterophylla; White Basswood; Height: 30m, growing at a medium rate. Hardiness: 4-8. Light: semi-shade or full sun. Water preference: moist.; American basswood; Food forest; 4
Tilia japonica; Japanese Lime; Height: 20m, growing at a medium rate. Hardiness: 5-9. Light: semi-shade or full sun. Water preference: moist.; ; Food forest; 5
Tilia mongolica; Mongolian Lime; Height: 15m, growing at a medium rate. Hardiness: 3-6. Light: semi-shade or full sun. Water preference: moist.; ; Food forest; 3
Tilia oliveri; ; Height: 15m, growing at a medium rate. Hardiness: 5-9. Light: semi-shade or full sun. Water preference: moist.; ; Food forest; 5
Tilia platyphyllos; Large Leaved Lime; Height: 30m, growing at a medium rate. Hardiness: 4-6. Light: semi-shade or full sun. Water preference: moist.; Largeleaf linden, Bigleaf Linden; Food forest; 4
Tilia tomentosa; Silver Lime; Height: 25m, growing at a medium rate. Hardiness: 4-7. Light: semi-shade or full sun. Water preference: dry - moist.; ; Food forest; 4
Tilia tuan; ; Height: 16m, growing at a medium rate. Hardiness: 5-9. Light: semi-shade or full sun. Water preference: moist.; ; Food forest; 5
Tilia x europaea; Linden; Height: 35m, growing at a medium rate. Hardiness: 3-9. Light: semi-shade or full sun. Water preference: moist.; Common Lime; Food forest; 3
Torreya californica; California Nutmeg; Height: 15m, growing slowly. Hardiness: 6-9. Light: full shade or semi-shade or full sun. Water preference: moist.; ; Food forest; 6
Torreya fargesii; ; Height: 20m, growing slowly. Hardiness: 6-9. Light: full shade or semi-shade or full sun. Water preference: moist.; ; uncategorised; 6
Torreya grandis; Chinese Nutmeg Tree; Height: 25m, growing slowly. Hardiness: 7-10. Light: full shade or semi-shade or full sun. Water preference: moist.; ; uncategorised; 7
Torreya jackii; ; Height: 10m, growing slowly. Hardiness: 7-10. Light: full shade or semi-shade or full sun. Water preference: moist.; ; uncategorised; 7
Torreya nucifera; Kaya; Height: 20m, growing slowly. Hardiness: 6-8. Light: full shade or semi-shade. Water preference: moist.; Japanese torreya; Food forest; 6
Torreya yunnanensis; Yunnan Nutmeg Yew; Height: 15m, growing slowly. Hardiness: 7-10. Light: full shade or semi-shade or full sun. Water preference: moist.; ; uncategorised; 7
Trachelospermum asiaticum; Japanese Star Jasmine; Height: 6m, growing slowly. Hardiness: 7-10. Light: semi-shade or full sun. Water preference: moist.; Small Leaf Confederate Jasmine, Asiatic Jasmine; uncategorised; 7
Trachycarpus fortunei; Chusan Palm; Height: 12m, growing slowly. Hardiness: 8-11. Light: semi-shade or full sun. Water preference: moist.; Chinese windmill palm, Windmill Palm; uncategorised; 8
Trachycarpus martianus; ; Height: 12m, growing slowly. Hardiness: 7-10. Light: semi-shade or full sun. Water preference: moist.; ; uncategorised; 7
Trichilia dregeana; Cape Mahogany; Height: 25m, growing fast. Hardiness: 10-12. Light: semi-shade or full sun. Water preference: moist.; ; Food forest; 10
Trichilia emetica; Banket mahogany; Height: 15m, growing fast. Hardiness: 10-12. Light: semi-shade or full sun. Water preference: dry - moist.; Natal mahogany,; uncategorised; 10
Triphasia trifolia; Lime Berry; Height: 3m. Hardiness: 9-12. Light: full sun. Water preference: dry - moist.; ; uncategorised; 9
Tripterygium wilfordii; ; Height: 12m. Hardiness: 8-11. Light: semi-shade or full sun. Water preference: moist.; ; uncategorised; 8
Tsuga caroliniana; Carolina Hemlock; Height: 15m, growing slowly. Hardiness: 4-7. Light: full shade or semi-shade or full sun. Water preference: moist.; ; uncategorised; 4
Tsuga heterophylla; Western Hemlock; Height: 70m, growing fast. Hardiness: 6-7. Light: full shade or semi-shade or full sun. Water preference: moist.; ; uncategorised; 6
Tsuga mertensiana; Mountain Hemlock; Height: 45m, growing at a medium rate. Hardiness: 5-7. Light: full shade or semi-shade or full sun. Water preference: moist.; ; uncategorised; 5
Turnera diffusa aphrodisiaca; Damiana; Height: 1m. Hardiness: 8-11. Light: full sun. Water preference: unknown moisture.; ; uncategorised; 8
Vateria indica; White Dammar; Height: 40m, growing slowly. Hardiness: 10-12. Light: full shade or semi-shade or full sun. Water preference: moist.; ; Food forest; 10
Zanthoxylum americanum; Prickly Ash - Northern; Height: 4m, growing at a medium rate. Hardiness: 3-7. Light: semi-shade or full sun. Water preference: moist.; Common pricklyash, Northern Prickly Ash; uncategorised; 3
Uapaca kirkiana; Wild Loquat; Height: 12m, growing at a medium rate. Hardiness: 10-12. Light: semi-shade or full sun. Water preference: moist.; ; Food forest; 10
Ulex europaeus; Gorse; Height: 1.5m, growing fast. Hardiness: 5-9. Light: full sun. Water preference: dry - moist.; Common gorse; uncategorised; 5
Ulex parviflorus; ; Height: 1.5m, growing fast. Hardiness: 6-9. Light: full sun. Water preference: dry - moist.; ; uncategorised; 6
Ulmus alata; Winged Elm; Height: 15m, growing fast. Hardiness: 6-9. Light: semi-shade or full sun. Water preference: moist.; ; uncategorised; 6
Ulmus americana; American Elm; Height: 25m, growing at a medium rate. Hardiness: 3-9. Light: semi-shade or full sun. Water preference: moist.; Gray Elm, Water Elm; uncategorised; 3
Ulmus davidiana; Japanese Elm; Height: 15m. Hardiness: 4-8. Light: semi-shade or full sun. Water preference: moist.; ; uncategorised; 4
Ulmus glabra; Wych Elm; Height: 30m, growing fast. Hardiness: 5-7. Light: semi-shade or full sun. Water preference: moist.; Table-top Scotch Elm, Scotch Elm; Food forest; 5
Ulmus japonica; Japanese Elm; Height: 35m. Hardiness: 4-8. Light: semi-shade or full sun. Water preference: moist.; ; uncategorised; 4
Ulmus laciniata; ; Height: 10m. Hardiness: 4-8. Light: semi-shade or full sun. Water preference: moist.; ; uncategorised; 4
Ulmus macrocarpa; ; Height: 10m. Hardiness: 4-8. Light: semi-shade or full sun. Water preference: dry - moist.; ; uncategorised; 4
Ulmus parvifolia; Chinese Elm; Height: 18m, growing at a medium rate. Hardiness: 5-10. Light: semi-shade or full sun. Water preference: moist.; Lacebark Elm; uncategorised; 5
Ulmus procera; English Elm; Height: 35m, growing fast. Hardiness: 5-9. Light: semi-shade or full sun. Water preference: moist.; ; Food forest; 5
Ulmus pumila; Siberian Elm; Height: 15m, growing fast. Hardiness: 4-9. Light: semi-shade or full sun. Water preference: dry - moist.; Hybrid elm; uncategorised; 4
Ulmus rubra; Slippery Elm; Height: 20m, growing at a medium rate. Hardiness: 3-7. Light: semi-shade or full sun. Water preference: moist.; ; uncategorised; 3
Ulmus villosa; Cherry Bark Elm; Height: 25m. Hardiness: 4-8. Light: semi-shade or full sun. Water preference: moist.; ; uncategorised; 4
Ulmus wallichiana; ; Height: 35m. Hardiness: 5-9. Light: semi-shade or full sun. Water preference: moist.; ; uncategorised; 5
Urera baccifera; Nettle Tree; Height: 4m, growing fast. Hardiness: 10-12. Light: semi-shade or full sun. Water preference: unknown moisture.; Chichaste, Ortiga; uncategorised; 10
Vaccinium amoenum; Large-Cluster Blueberry; Height: 4m. Hardiness: 4-8. Light: semi-shade or full sun. Water preference: unknown moisture.; ; uncategorised; 4
Vaccinium angustifolium; Low Sweet Blueberry; Height: 0.2m. Hardiness: 2-6. Light: semi-shade or full sun. Water preference: dry - moist.; Lowbush blueberry; Food forest; 2
Vaccinium angustifolium laevifolium; Low Sweet Blueberry; Height: 0.6m. Hardiness: 2-6. Light: semi-shade or full sun. Water preference: dry - moist.; ; Food forest; 2
Vaccinium arbuscula; Dwarf bilberry; Height: 0.6m. Hardiness: 0-0. Light: semi-shade or full sun. Water preference: unknown moisture.; ; uncategorised; 0
Vaccinium arctostaphylos; Caucasian Whortleberry; Height: 3m. Hardiness: 5-9. Light: semi-shade or full sun. Water preference: moist.; ; Food forest; 5
Vaccinium caespitosum; Dwarf Bilberry; Height: 0.3m. Hardiness: 0-0. Light: semi-shade or full sun. Water preference: moist.; ; Food forest; 0
Vaccinium corymbosum; High-Bush Blueberry; Height: 2m, growing at a medium rate. Hardiness: 3-8. Light: semi-shade or full sun. Water preference: moist.; American Blueberry, Swamp Blueberry, Blueberry; Food forest; 3
Vaccinium crassifolium; Creeping Blueberry; Height: 0.1m. Hardiness: 6-9. Light: semi-shade or full sun. Water preference: moist.; ; Food forest; 6
Vaccinium cylindraceum; ; Height: 3m. Hardiness: 9-11. Light: semi-shade or full sun. Water preference: moist.; ; uncategorised; 9
Vaccinium darrowii; Darrow's blueberry; Height: 0m. Hardiness: 0-0. Light: semi-shade or full sun. Water preference: dry - moist.; ; uncategorised; 0
Vaccinium deliciosum; Alpine Blueberry; Height: 0.3m. Hardiness: 5-9. Light: semi-shade or full sun. Water preference: moist.; Cascade bilberry; Food forest; 5
Vaccinium duclouxii; ; Height: 3m. Hardiness: 8-11. Light: semi-shade or full sun. Water preference: moist.; ; Food forest; 8
Vaccinium elliottii; Elliott's blueberry; Height: 4m. Hardiness: 5-9. Light: semi-shade or full sun. Water preference: moist.; ; uncategorised; 5
Vaccinium formosum; Swamp Highbush Blueberry; Height: 4m. Hardiness: 5-9. Light: semi-shade or full sun. Water preference: moist.; Southern blueberry; Food forest; 5
Vaccinium fuscatum; Black Highbush Blueberry; Height: 3.5m. Hardiness: 4-8. Light: semi-shade or full sun. Water preference: unknown moisture.; ; Food forest; 4
Vaccinium hirtum; ; Height: 1m. Hardiness: 5-9. Light: semi-shade or full sun. Water preference: moist.; ; uncategorised; 5
Vaccinium melanocarpum; Georgia Blueberry; Height: 1.2m. Hardiness: 5-9. Light: semi-shade or full sun. Water preference: moist.; ; uncategorised; 5
Vaccinium membranaceum; Mountain Huckleberry; Height: 1m. Hardiness: 5-9. Light: semi-shade or full sun. Water preference: moist.; Thinleaf huckleberry; Food forest; 5
Vaccinium modestum; ; Height: 0.2m. Hardiness: 7-10. Light: semi-shade or full sun. Water preference: moist.; ; Food forest; 7
Vaccinium mortinia; Mortiño; Height: 2m. Hardiness: 8-11. Light: semi-shade or full sun. Water preference: moist.; ; uncategorised; 8
Vaccinium myrsinites; Florida Evergreen Blueberry; Height: 0.5m. Hardiness: 6-9. Light: semi-shade or full sun. Water preference: moist.; Shiny blueberry; uncategorised; 6
Vaccinium myrtilloides; Sourtop Blueberry; Height: 0.6m. Hardiness: 0-0. Light: semi-shade or full sun. Water preference: moist.; Velvetleaf huckleberry; Food forest; 0
Vaccinium myrtillus; Bilberry; Height: 0.2m. Hardiness: 3-7. Light: semi-shade or full sun. Water preference: moist.; Whortleberry; Food forest; 3
Vaccinium neglectum; Deerberry; Height: 1.5m. Hardiness: 8-11. Light: semi-shade or full sun. Water preference: moist.; ; uncategorised; 8
Vaccinium oldhamii; ; Height: 3.5m. Hardiness: 5-9. Light: semi-shade or full sun. Water preference: moist.; ; uncategorised; 5
Vaccinium ovalifolium; Black Huckleberry; Height: 3m. Hardiness: 3-7. Light: semi-shade or full sun. Water preference: moist.; Oval-leaf blueberry; Food forest; 3
Vaccinium ovatum; Evergreen Huckleberry; Height: 2.5m, growing slowly. Hardiness: 3-7. Light: semi-shade or full sun. Water preference: dry - moist.; Florist's Huckleberry, Shot Huckleberry, Californian Huckleberry; Food forest; 3
Vaccinium padifolium; Madeiran Whortleberry; Height: 2.5m. Hardiness: 8-11. Light: semi-shade or full sun. Water preference: moist.; ; uncategorised; 8
Vaccinium parvifolium; Red Bilberry; Height: 1.8m. Hardiness: 5-9. Light: semi-shade or full sun. Water preference: moist.; Red huckleberry; Food forest; 5
Vaccinium praestans; Kamchatka Bilberry; Height: 0.2m, growing slowly. Hardiness: 4-8. Light: semi-shade. Water preference: moist.; ; Food forest; 4
Vaccinium scoparium; Grouseberry; Height: 0.2m. Hardiness: 3-7. Light: semi-shade or full sun. Water preference: moist.; Grouse whortleberry; uncategorised; 3
Vaccinium smallii; ; Height: 1.5m. Hardiness: 5-9. Light: semi-shade or full sun. Water preference: moist.; ; uncategorised; 5
Vaccinium sprengelii; ; Height: 3m. Hardiness: 6-9. Light: semi-shade or full sun. Water preference: moist.; ; uncategorised; 6
Vaccinium stamineum; Deerberry; Height: 3m. Hardiness: 4-8. Light: semi-shade or full sun. Water preference: dry - moist.; ; Food forest; 4
Vaccinium uliginosum; Bog Bilberry; Height: 0.8m. Hardiness: 0-0. Light: semi-shade or full sun. Water preference: unknown moisture.; ; Food forest; 0
Vaccinium vacillans; Dryland Blueberry; Height: 1.2m. Hardiness: 5-9. Light: semi-shade or full sun. Water preference: dry - moist.; ; Food forest; 5
Vaccinium virgatum; Rabbit-Eye Blueberry; Height: 1m. Hardiness: 5-9. Light: semi-shade or full sun. Water preference: moist.; Smallflower blueberry; uncategorised; 5
Vaccinium vitis-idaea; Cowberry; Height: 0.3m, growing at a medium rate. Hardiness: 3-8. Light: semi-shade or full sun. Water preference: moist.; Lingonberry, Northern mountain cranberry, Cranberry; Food forest; 3
Viburnum cassinoides; Withe Rod; Height: 2.5m, growing at a medium rate. Hardiness: 2-8. Light: semi-shade or full sun. Water preference: moist.; Appalachian Tea, Witherod Viburnum, Witherod, Wild Raisin Viburnum; Food forest; 2
Viburnum cordifolium; Viburnum; Height: 6m, growing at a medium rate. Hardiness: 8-9. Light: semi-shade or full sun. Water preference: moist.; ; uncategorised; 8
Viburnum corylifolium; ; Height: 3m. Hardiness: 5-9. Light: semi-shade or full sun. Water preference: moist.; ; uncategorised; 5
Viburnum cotinifolium; ; Height: 3.5m. Hardiness: 5-9. Light: semi-shade or full sun. Water preference: moist.; ; Food forest; 5
Viburnum cylindricum; ; Height: 5m. Hardiness: 5-9. Light: semi-shade or full sun. Water preference: moist.; ; uncategorised; 5
Viburnum dentatum; Arrow Wood; Height: 4.5m, growing fast. Hardiness: 2-8. Light: semi-shade or full sun. Water preference: moist.; Southern arrowwood, Southern Arrowwood Viburnum; uncategorised; 2
Viburnum dilatatum; Linden Viburnum; Height: 3m, growing at a medium rate. Hardiness: 5-8. Light: semi-shade or full sun. Water preference: moist.; Linden arrowwood; Food forest; 5
Viburnum edule; Mooseberry; Height: 2.5m. Hardiness: 4-8. Light: semi-shade or full sun. Water preference: moist.; Squashberry; Food forest; 4
Viburnum erosum; Viburnum; Height: 1.8m, growing at a medium rate. Hardiness: 6-9. Light: semi-shade or full sun. Water preference: moist.; ; uncategorised; 6
Viburnum erubescens; ; Height: 5m. Hardiness: 5-9. Light: semi-shade or full sun. Water preference: moist.; ; uncategorised; 5
Viburnum erubescens gracilipes; ; Height: 5m. Hardiness: 5-9. Light: semi-shade or full sun. Water preference: moist.; ; uncategorised; 5
Viburnum farreri; Culver's root; Height: 3m, growing at a medium rate. Hardiness: 5-8. Light: semi-shade or full sun. Water preference: moist.; Fragrant Viburnum; Food forest; 5
Viburnum foetens; ; Height: 3m. Hardiness: 5-9. Light: semi-shade or full sun. Water preference: moist.; ; Food forest; 5
Viburnum furcatum; ; Height: 3.5m. Hardiness: 5-9. Light: semi-shade. Water preference: moist.; ; uncategorised; 5
Viburnum grandiflorum; Cranberry bush; Height: 2m. Hardiness: 6-9. Light: semi-shade or full sun. Water preference: moist.; ; Food forest; 6
Viburnum japonicum; ; Height: 1.8m, growing slowly. Hardiness: 6-9. Light: semi-shade or full sun. Water preference: moist.; ; uncategorised; 6
Viburnum lantana; Wayfaring Tree; Height: 5m, growing at a medium rate. Hardiness: 4-7. Light: semi-shade or full sun. Water preference: dry - moist.; Wayfaring Tree Viburnum; uncategorised; 4
Viburnum lantanoides; Hobbleberry; Height: 3m. Hardiness: 3-7. Light: full shade or semi-shade or full sun. Water preference: moist.; ; Food forest; 3
Viburnum lentago; Sheepberry; Height: 9m, growing at a medium rate. Hardiness: 2-8. Light: semi-shade or full sun. Water preference: moist.; Nannyberry, Nannyberry Viburnum; Food forest; 2
Viburnum mongolicum; ; Height: 2m. Hardiness: 4-8. Light: semi-shade or full sun. Water preference: moist.; ; uncategorised; 4
Viburnum mullaha; ; Height: 3m. Hardiness: 8-11. Light: semi-shade or full sun. Water preference: moist.; ; uncategorised; 8
Viburnum nudum; Smooth Withe Rod; Height: 4.5m, growing at a medium rate. Hardiness: 5-9. Light: semi-shade or full sun. Water preference: moist.; Possumhaw, Withe-rod, Swamp Haw, Smooth Witherod, Possum Haw Viburnum, Possum Haw; Food forest; 5
Viburnum odoratissimum; Sweet Viburnum; Height: 5m, growing slowly. Hardiness: 8-10. Light: semi-shade or full sun. Water preference: moist.; ; uncategorised; 8
Viburnum opulus; Guelder Rose; Height: 5m, growing at a medium rate. Hardiness: 3-8. Light: semi-shade or full sun. Water preference: unknown moisture.; Cramp Bark, European cranberrybush, American cranberrybush, Crampbark, European Highb; Food forest; 3
Viburnum phlebotrichum; ; Height: 2.5m. Hardiness: 5-9. Light: semi-shade or full sun. Water preference: moist.; ; uncategorised; 5
Viburnum plicatum; Japanese Snowball; Height: 4m, growing at a medium rate. Hardiness: 5-8. Light: semi-shade or full sun. Water preference: moist.; Japanese Snowball Viburnum, Doublefile Viburnum; uncategorised; 5
Viburnum prunifolium; Stagberry; Height: 7.5m, growing slowly. Hardiness: 3-9. Light: semi-shade or full sun. Water preference: dry - moist.; Black Haw, Hybrid blackhaw, Smooth Blackhaw, Blackhaw Viburnum; uncategorised; 3
Viburnum rufidulum; Southern Black Haw; Height: 12m. Hardiness: 4-8. Light: semi-shade or full sun. Water preference: moist.; Rusty blackhaw; Food forest; 4
Viburnum sempervirens; ; Height: 5m. Hardiness: 8-11. Light: semi-shade or full sun. Water preference: moist.; ; uncategorised; 8
Viburnum setigerum; Tea-Leaf Viburnum; Height: 3.5m, growing at a medium rate. Hardiness: 5-7. Light: semi-shade or full sun. Water preference: moist.; Tea viburnum; uncategorised; 5
Viburnum sieboldii; Siebold's arrowwood; Height: 4m. Hardiness: 4-8. Light: semi-shade or full sun. Water preference: moist.; ; uncategorised; 4
Viburnum suspensum; Viburnum; Height: 3.5m, growing at a medium rate. Hardiness: 8-10. Light: semi-shade or full sun. Water preference: moist.; Sandankwa Viburnum; uncategorised; 8
Viburnum tinus; Laurustinus; Height: 3.5m, growing fast. Hardiness: 8-9. Light: semi-shade or full sun. Water preference: moist.; Laurestinus Viburnum; uncategorised; 8
Viburnum trilobum; American Cranberry; Height: 3m, growing at a medium rate. Hardiness: 2-7. Light: semi-shade or full sun. Water preference: moist.; Highbush Cranberry, Cranberrybush, American Cranberrybush Viburnum; Food forest; 2
Viburnum veitchii; ; Height: 1.5m. Hardiness: 4-8. Light: semi-shade or full sun. Water preference: moist.; ; uncategorised; 4
Viburnum wrightii; ; Height: 3m. Hardiness: 4-8. Light: semi-shade or full sun. Water preference: moist.; ; uncategorised; 4
Viburnum wrightii hessei; ; Height: 2m. Hardiness: 4-8. Light: semi-shade or full sun. Water preference: moist.; ; uncategorised; 4
Viburnum x bodnantense; ; Height: 3m. Hardiness: 6-9. Light: semi-shade or full sun. Water preference: moist.; ; uncategorised; 6
Viburnum x juddii; ; Height: 1m. Hardiness: 4-8. Light: semi-shade or full sun. Water preference: moist.; ; uncategorised; 4
Vitex agnus-castus; Agnus Castus; Height: 3m, growing at a medium rate. Hardiness: 7-9. Light: full sun. Water preference: dry - moist.; Lilac chastetree, Vitex, Chastetree; uncategorised; 7
Vitex doniana; Black Plum; Height: 15m, growing at a medium rate. Hardiness: 10-12. Light: semi-shade or full sun. Water preference: moist.; ; Food forest; 10
Vitex keniensis; Fulu; Height: 25m, growing fast. Hardiness: 10-12. Light: full sun. Water preference: moist.; Mkombachiko, Mufuu; uncategorised; 10
Vitex madiensis; Ekarukei; Height: 4m, growing at a medium rate. Hardiness: 10-12. Light: full sun. Water preference: moist.; Murukukwe; Food forest; 10
Vitis acerifolia; Bush Grape; Height: 10m. Hardiness: 5-9. Light: semi-shade or full sun. Water preference: dry - moist.; Mapleleaf grape; uncategorised; 5
Vitis aestivalis; Summer Grape; Height: 20m, growing fast. Hardiness: 3-7. Light: semi-shade or full sun. Water preference: dry - moist.; Long grape; Food forest; 3
Vitis aestivalis argentifolia; Summer Grape; Height: 25m, growing fast. Hardiness: 3-7. Light: semi-shade or full sun. Water preference: dry - moist.; ; Food forest; 3
Vitis amurensis; Amur River Grape; Height: 15m, growing at a medium rate. Hardiness: 4-8. Light: semi-shade or full sun. Water preference: dry - moist.; Amur grape; uncategorised; 4
Vitis arizonica; Canyon Grape; Height: 5m. Hardiness: 5-9. Light: semi-shade or full sun. Water preference: dry - moist.; ; uncategorised; 5
Vitis baileyana; Graybark Grape; Height: 10m. Hardiness: 5-9. Light: semi-shade or full sun. Water preference: dry - moist.; ; uncategorised; 5
Vitis berlandieri; Spanish Grape; Height: 10m. Hardiness: 6-9. Light: semi-shade or full sun. Water preference: dry - moist.; ; Food forest; 6
Vitis californica; California Grape; Height: 9m, growing at a medium rate. Hardiness: 6-9. Light: semi-shade or full sun. Water preference: dry - moist.; California wild grape; uncategorised; 6
Vitis cinerea; Sweet Winter Grape; Height: 0m. Hardiness: 4-8. Light: semi-shade or full sun. Water preference: dry - moist.; Graybark grape, Florida grape, Heller's grape; Food forest; 4
Vitis cinerea floridana; Currant Grape; Height: 0m. Hardiness: 4-8. Light: semi-shade or full sun. Water preference: dry - moist.; ; Food forest; 4
Vitis coignetiae; Crimson Glory Vine; Height: 20m, growing fast. Hardiness: 4-8. Light: semi-shade or full sun. Water preference: dry - moist.; ; uncategorised; 4
Vitis cordifolia; Frost Grape; Height: 20m, growing fast. Hardiness: 4-8. Light: semi-shade or full sun. Water preference: dry - moist.; ; uncategorised; 4
Vitis davidii; Spiny Vitis; Height: 15m. Hardiness: 6-9. Light: semi-shade or full sun. Water preference: dry - moist.; ; uncategorised; 6
Vitis flexuosa; ; Height: 8m. Hardiness: 5-9. Light: semi-shade or full sun. Water preference: dry - moist.; ; uncategorised; 5
Vitis girdiana; Valley Grape; Height: 12m. Hardiness: 7-10. Light: semi-shade or full sun. Water preference: dry - moist.; Desert wild grape; uncategorised; 7
Vitis labrusca; Northern Fox Grape; Height: 15m, growing fast. Hardiness: 4-9. Light: semi-shade or full sun. Water preference: dry - moist.; Fox grape; Food forest; 4
Vitis labruscana; ; Height: 15m. Hardiness: 4-8. Light: semi-shade or full sun. Water preference: dry - moist.; ; Food forest; 4
Vitis lanata; Grape; Height: 0m. Hardiness: 8-11. Light: semi-shade or full sun. Water preference: dry - moist.; ; Food forest; 8
Vitis monticola; Sweet Mountain Grape; Height: 10m. Hardiness: 5-9. Light: semi-shade or full sun. Water preference: dry - moist.; ; Food forest; 5
Vitis munsoniana; Bird Grape; Height: 0m. Hardiness: 0-0. Light: semi-shade or full sun. Water preference: dry - moist.; Munson's grape; Food forest; 0
Vitis mustangensis; Mustang Grape; Height: 10m. Hardiness: 4-8. Light: semi-shade or full sun. Water preference: dry - moist.; ; Food forest; 4
Vitis palmata; Red Grape; Height: 20m. Hardiness: 4-8. Light: semi-shade or full sun. Water preference: dry - moist.; Catbird grape; uncategorised; 4
Vitis parvifolia; ; Height: 0m. Hardiness: 6-9. Light: semi-shade or full sun. Water preference: dry - moist.; ; uncategorised; 6
Vitis riparia; Riverbank Grape; Height: 15m, growing fast. Hardiness: 2-6. Light: semi-shade or full sun. Water preference: dry - moist.; ; Food forest; 2
Vitis romanetii; ; Height: 10m. Hardiness: 5-9. Light: full sun. Water preference: dry - moist.; ; uncategorised; 5
Vitis rotundifolia; Muscadine Grape; Height: 25m, growing fast. Hardiness: 5-9. Light: semi-shade or full sun. Water preference: dry - moist.; Muscadine, Southern Fox Grape, Scuppernong, Muscadine Grape; Food forest; 5
Vitis thunbergii; ; Height: 5m, growing at a medium rate. Hardiness: 5-9. Light: full sun. Water preference: dry - moist.; ; uncategorised; 5
Vitis vinifera; Grape; Height: 15m, growing fast. Hardiness: 6-10. Light: semi-shade or full sun. Water preference: dry - moist.; Wine grape, Purpleleaf Grape, Common Grape; Food forest; 6
Vitis vulpina; Frost Grape; Height: 25m. Hardiness: 4-8. Light: semi-shade or full sun. Water preference: dry - moist.; ; Food forest; 4
Weigela coraeensis; ; Height: 5m. Hardiness: 5-9. Light: semi-shade or full sun. Water preference: moist.; ; uncategorised; 5
Weigela decora; ; Height: 5m. Hardiness: 5-9. Light: semi-shade or full sun. Water preference: moist.; ; uncategorised; 5
Weigela floribunda; Crimson weigela; Height: 2.5m. Hardiness: 5-9. Light: semi-shade or full sun. Water preference: moist.; ; uncategorised; 5
Weigela florida; Oldfashioned weigela; Height: 3m, growing at a medium rate. Hardiness: 4-8. Light: semi-shade or full sun. Water preference: moist.; Rose Weigela, Old Fashioned Weigela; uncategorised; 4
Weigela hortensis; ; Height: 5m. Hardiness: 6-9. Light: semi-shade or full sun. Water preference: moist.; ; uncategorised; 6
Weinmannia racemosa; Kamahi; Height: 25m. Hardiness: 8-11. Light: semi-shade or full sun. Water preference: moist.; ; uncategorised; 8
Wisteria frutescens; American Wisteria; Height: 12m. Hardiness: 4-8. Light: full sun. Water preference: moist.; ; uncategorised; 4
Wisteria venusta; Silky Wisteria; Height: 10m. Hardiness: 4-8. Light: full sun. Water preference: moist.; ; uncategorised; 4
Xanthoceras sorbifolium; Yellowhorn; Height: 6m, growing slowly. Hardiness: 4-7. Light: full sun. Water preference: dry - moist.; ; Food forest; 4
Xanthorhiza simplicissima; Yellowroot; Height: 1m, growing fast. Hardiness: 5-9. Light: full shade or semi-shade or full sun. Water preference: unknown moisture.; ; uncategorised; 5
Xanthostemon verdugonianus; Mangkono; Height: 30m, growing slowly. Hardiness: 10-12. Light: full sun. Water preference: moist.; ; uncategorised; 10
Xylosma japonica; ; Height: 25m. Hardiness: 7-10. Light: semi-shade or full sun. Water preference: dry - moist.; ; uncategorised; 7
Yucca angustissima; Narrowleaf yucca; Height: 0.4m, growing slowly. Hardiness: 4-9. Light: semi-shade or full sun. Water preference: dry - moist.; Kanab yucca, Toft's yucca, Yucca; Food forest; 4
Yucca elata; Soap Tree; Height: 2m, growing slowly. Hardiness: 9-11. Light: semi-shade or full sun. Water preference: dry - moist.; Soaptree yucca, Soapweed, Soapweed Yucca; uncategorised; 9
Yucca filamentosa; Spoonleaf Yucca; Height: 1.2m, growing at a medium rate. Hardiness: 4-10. Light: semi-shade or full sun. Water preference: dry - moist.; Adam's needle, Desert Candle, Needle Palm, St. Peter's Palm, Spanish Bayonet, Comm; Food forest; 4
Yucca filifera; ; Height: 10m. Hardiness: 6-9. Light: semi-shade or full sun. Water preference: dry - moist.; ; uncategorised; 6
Yucca glauca; Soapweed; Height: 1.5m, growing slowly. Hardiness: 4-10. Light: semi-shade or full sun. Water preference: dry - moist.; Soapweed yucca, Gurney's yucca, American Vetch, Yucca, Narrowleaf Yucca, Soapweed; uncategorised; 4
Yucca gloriosa; Spanish Dagger; Height: 1.8m, growing slowly. Hardiness: 6-11. Light: semi-shade or full sun. Water preference: dry - moist.; moundlily yucca, Palm Lily, Roman Candle, Mound Lily Yucca, Spanish Dagger; uncategorised; 6
Yucca harrimaniae; Spanish Bayonet; Height: 0.4m, growing slowly. Hardiness: 6-9. Light: semi-shade or full sun. Water preference: dry - moist.; New Mexico Spanish bayonet; uncategorised; 6
Yucca recurvifolia; Curve-leaf yucca; Height: 2.5m. Hardiness: 7-10. Light: semi-shade or full sun. Water preference: dry - moist.; ; Food forest; 7
Yucca rupicola; Twisted-Leaf Yucca; Height: 0.6m. Hardiness: 8-11. Light: semi-shade or full sun. Water preference: dry - moist.; Texas yucca; uncategorised; 8
Yucca smalliana; Adam's Needle; Height: 1.2m. Hardiness: 8-11. Light: semi-shade or full sun. Water preference: dry - moist.; Weak-leaf yucca; uncategorised; 8
Yucca whipplei; Our Lord's Candle; Height: 2m, growing slowly. Hardiness: 7-11. Light: semi-shade. Water preference: dry - moist.; ; Food forest; 7
Zanthoxylum ailanthoides; ; Height: 18m. Hardiness: 8-11. Light: semi-shade or full sun. Water preference: moist.; ; uncategorised; 8
Zanthoxylum alatum; Winged Prickly Ash; Height: 4m. Hardiness: 5-9. Light: semi-shade or full sun. Water preference: moist.; ; Food forest; 5
Zanthoxylum clava-herculis; Hercules Club. Prickly Ash - Southern; Height: 3m, growing at a medium rate. Hardiness: 7-11. Light: semi-shade or full sun. Water preference: moist.; Hercules' club, Southern Prickly Ash; uncategorised; 7
Zanthoxylum planispinum; Winged Prickly Ash; Height: 3.5m. Hardiness: 5-9. Light: semi-shade or full sun. Water preference: moist.; ; Food forest; 5
Zanthoxylum simulans; Szechuan Pepper; Height: 4m, growing at a medium rate. Hardiness: 5-8. Light: full shade or semi-shade or full sun. Water preference: moist.; Chinese-pepper, Prickly Ash; Food forest; 5
Zelkova schneideriana; Chinese Zelkova; Height: 30m, growing fast. Hardiness: 6-9. Light: semi-shade or full sun. Water preference: moist.; ; uncategorised; 6
Zelkova serrata; Japanese Zelkova; Height: 25m, growing fast. Hardiness: 5-8. Light: semi-shade or full sun. Water preference: moist.; Saw Leaf Zelkova; uncategorised; 5
Ziziphus jujuba; Jujube; Height: 10m, growing fast. Hardiness: 5-10. Light: full sun. Water preference: dry - moist.; ; Food forest; 5
